image,question,answer,split
butterfly_001.jpg,Có bao nhiêu con bướm trong ảnh?,Có rất nhiều con bướm đang bay.,train
butterfly_001.jpg,Những con bướm này có màu gì?,Chúng có màu xanh dương chủ đạo.,train
butterfly_001.jpg,Nền của bức ảnh này màu gì?,Nền của bức ảnh có màu trắng.,train
butterfly_001.jpg,Có phải bướm đang đậu trên hoa không?,"Không, những con bướm đang bay lơ lửng.",train
butterfly_002.jpg,Con bướm đang đậu ở đâu?,Con bướm đang đậu trên một bông hoa.,train
butterfly_002.jpg,Cánh bướm có những màu nào?,Cánh bướm có màu cam và đen.,train
butterfly_002.jpg,Có bao nhiêu bông hoa vàng trong ảnh?,Có một bông hoa vàng ở chính giữa.,train
butterfly_002.jpg,Bông hoa có màu tím không?,"Không, bông hoa có màu vàng rực rỡ.",train
butterfly_003.jpg,Con bướm đang làm gì?,Con bướm đang đậu trên bông hoa tím.,train
butterfly_003.jpg,Cánh của con bướm này màu gì?,Cánh của nó có màu cam đậm.,train
butterfly_003.jpg,Bông hoa trong ảnh có màu gì?,Bông hoa có màu tím nhạt.,train
butterfly_003.jpg,Có phải con bướm có màu xanh không?,"Không, con bướm có màu cam nâu.",train
butterfly_004.jpg,Con bướm này có màu sắc như thế nào?,Nó có màu cam với các đốm đen.,train
butterfly_004.jpg,Con bướm đang đậu trên cái gì?,Nó đang đậu trên một nụ hoa.,train
butterfly_004.jpg,Nền phía sau con bướm là gì?,Nền phía sau là những lá cỏ xanh.,train
butterfly_004.jpg,Cánh bướm có bị rách không?,"Không, cánh của con bướm vẫn còn nguyên vẹn.",train
butterfly_005.jpg,Con bướm có màu sắc chủ đạo là gì?,Màu chủ đạo của nó là xanh lá cây.,train
butterfly_005.jpg,Hoa văn trên cánh bướm màu gì?,Hoa văn trên cánh có màu đen.,train
butterfly_005.jpg,Con bướm đang đậu trên bộ phận nào của cây?,Con bướm đang đậu trên một chiếc lá.,train
butterfly_005.jpg,Có phải con bướm đang bay không?,"Không, con bướm đang đậu yên trên lá.",train
butterfly_006.jpg,Con bướm này có đặc điểm gì nổi bật?,Nó có đôi cánh lớn màu đen trắng.,train
butterfly_006.jpg,Có màu nào khác trên cánh bướm không?,Có các đốm màu đỏ và cam.,train
butterfly_006.jpg,Con bướm đang ở đâu?,Nó đang đậu trên các cành cây.,train
butterfly_006.jpg,Con bướm có đậu trên hoa không?,"Không, nó đang bám vào cành cây khô.",train
butterfly_007.jpg,Đây là loài vật gì?,Đây là một con bướm xanh.,train
butterfly_007.jpg,Cánh bướm có viền màu gì?,Cánh bướm có viền màu đen và trắng.,train
butterfly_007.jpg,Dưới con bướm có gì?,Dưới con bướm là hình ảnh phản chiếu.,train
butterfly_007.jpg,Có phải con bướm đang đậu trên lá không?,"Không, nó đang ở trên bề mặt phẳng.",train
butterfly_008.jpg,Con bướm có màu xanh gì?,Nó có một dải màu xanh ngọc.,train
butterfly_008.jpg,Màu nền của cánh bướm là màu gì?,Cánh bướm có nền màu đen tuyền.,train
butterfly_008.jpg,Con bướm đang đậu trên đâu?,Nó đang đậu trên những chiếc lá xanh.,train
butterfly_008.jpg,Con bướm có mấy cánh?,"Có hai cánh lớn đang xòe ra.",train
butterfly_009.jpg,Con bướm đang đậu trên loại thực vật nào?,Con bướm đang đậu trên bông hoa đỏ.,train
butterfly_009.jpg,Cánh bướm có họa tiết gì?,Cánh có họa tiết đốm đen trên nền trắng.,train
butterfly_009.jpg,Bầu trời phía sau có màu gì?,Phía sau là một màu xanh dương.,train
butterfly_009.jpg,Con bướm có màu vàng không?,"Có, một phần cánh có sắc vàng nhạt.",train
butterfly_010.jpg,Con bướm đang đậu trên cái gì?,Nó đang đậu trên những chiếc lá xanh.,train
butterfly_010.jpg,Cánh bướm có những màu sắc nào?,Cánh có màu vàng đen và xanh dương.,train
butterfly_010.jpg,Phần dưới cánh bướm có màu gì?,Phần dưới có các đốm màu xanh dương.,train
butterfly_010.jpg,Con bướm có đang xòe cánh không?,"Có, con bướm đang xòe rộng đôi cánh.",train
butterfly_011.jpg,Con bướm đang đậu trên bề mặt gì?,Con bướm đang đậu trên một bức tường gạch.,train
butterfly_011.jpg,Cánh bướm có các đốm hình gì?,Cánh bướm có các đốm lớn hình mắt người.,train
butterfly_011.jpg,Có bao nhiêu con bướm trong ảnh?,Có duy nhất một con bướm trong ảnh này.,train
butterfly_011.jpg,Cánh bướm có màu xanh lá cây không?,"Không, cánh bướm có màu cam đen và trắng.",train
butterfly_012.jpg,Con bướm trong ảnh có màu sắc chủ đạo gì?,Màu sắc chủ đạo của con bướm là vàng.,train
butterfly_012.jpg,Có bao nhiêu con bướm xuất hiện trong ảnh?,Có hai con bướm đang đậu dưới đất.,train
butterfly_012.jpg,Họa tiết trên cánh bướm có màu gì?,Họa tiết trên cánh bướm có màu đen đậm.,train
butterfly_012.jpg,Có phải con bướm đang đậu trên hoa không?,"Không, con bướm đang đậu trên mặt đất khô.",train
butterfly_013.jpg,Đây là loại tranh vẽ hay ảnh chụp?,Đây là một bức hình vẽ về con bướm.,train
butterfly_013.jpg,Cánh của con bướm có màu gì?,Cánh bướm có màu cam và đen trắng.,train
butterfly_013.jpg,Nền của bức ảnh này màu gì?,Nền của bức ảnh hoàn toàn là màu trắng.,train
butterfly_013.jpg,Con bướm có bốn cánh không?,"Có, con bướm có bốn cánh đối xứng nhau.",train
butterfly_014.jpg,Có bao nhiêu mô hình bướm trong ảnh?,Có tất cả bảy mô hình bướm đầy màu sắc.,train
butterfly_014.jpg,Các mô hình bướm nằm trên bề mặt nào?,Chúng nằm trên một chiếc bàn gỗ nâu.,train
butterfly_014.jpg,Phía sau các con bướm có vật gì?,Phía sau là những tấm thiệp màu xanh.,train
butterfly_014.jpg,Có phải tất cả bướm đều cùng màu không?,"Không, mỗi con bướm đều có màu sắc riêng.",train
butterfly_015.jpg,Con bướm đang đậu trên cái gì?,Con bướm đang đậu trên một chiếc lá xanh.,train
butterfly_015.jpg,Cánh bướm có màu sắc như thế nào?,Cánh bướm có màu xanh lục và nâu đen.,train
butterfly_015.jpg,Đầu của con bướm hướng về phía nào?,Đầu của con bướm đang hướng lên phía trên.,train
butterfly_015.jpg,Con bướm có hai râu dài không?,"Có, con bướm có hai chiếc râu rất dài.",train
butterfly_016.jpg,Con bướm đang làm gì trong ảnh?,Con bướm đang hút mật trên bông hoa.,train
butterfly_016.jpg,Cánh bướm có viền màu gì?,Cánh bướm có viền màu đen và đốm trắng.,train
butterfly_016.jpg,Cây hoa trong ảnh có đặc điểm gì?,Cây hoa có nhiều gai nhọn xung quanh.,train
butterfly_016.jpg,Hoa trong ảnh có màu xanh dương không?,"Không, hoa trong ảnh có màu vàng nhạt.",train
butterfly_017.jpg,Con bướm đang ở vị trí nào trong ảnh?,Con bướm đang đậu trên một tảng đá.,train
butterfly_017.jpg,Màu sắc của con bướm này như thế nào?,Nó có màu đen với một dải trắng.,train
butterfly_017.jpg,Xung quanh con bướm có gì?,Xung quanh là đất đá và một ít cỏ.,train
butterfly_017.jpg,Cánh bướm có đang mở rộng không?,"Không, con bướm đang khép cánh lại khi đậu.",train
butterfly_018.jpg,Con bướm đang đậu trên vật thể gì?,Nó đang đậu trên một bông hoa khô.,train
butterfly_018.jpg,Cánh bướm có họa tiết như thế nào?,Cánh có nhiều đường gân và đốm đen.,train
butterfly_018.jpg,Nền phía sau con bướm có đặc điểm gì?,Nền phía sau là một cánh đồng mờ.,train
butterfly_018.jpg,Con bướm có màu vàng chanh không?,"Có, cánh bướm có màu vàng chanh chủ đạo.",train
butterfly_019.jpg,Con bướm đang đậu trên loại hoa nào?,Con bướm đang đậu trên một bông hoa tím.,train
butterfly_019.jpg,Cánh bướm có bao nhiêu màu sắc chính?,Cánh có ba màu chính là vàng đen cam.,train
butterfly_019.jpg,Vòi của con bướm đang làm gì?,Vòi đang cắm vào hoa để hút mật.,train
butterfly_019.jpg,Có phải ảnh chụp cận cảnh con bướm không?,"Có, đây là một bức ảnh chụp cận cảnh.",train
butterfly_020.jpg,Con bướm có màu sắc như thế nào?,Nó có màu cam với nhiều đốm đen.,train
butterfly_020.jpg,Con bướm đang đậu trên bông hoa màu gì?,Con bướm đang đậu trên bông hoa tím.,train
butterfly_020.jpg,Nền của bức ảnh này có màu gì?,Nền của bức ảnh là màu xanh lá.,train
butterfly_020.jpg,Con bướm có đang bay không?,"Không, con bướm đang đứng yên trên hoa.",train
butterfly_021.jpg,Con bướm trong ảnh có đặc điểm gì lạ?,Cánh của con bướm này trong suốt hoàn toàn. ,train
butterfly_021.jpg,Viền cánh bướm có màu gì?,Viền cánh bướm có màu cam và đen đậm. ,train
butterfly_021.jpg,Con bướm đang đậu trên cái gì?,Nó đang đậu trên những bông hoa trắng nhỏ. ,train
butterfly_021.jpg,Có phải con bướm có màu xanh không?,"Không, cánh nó trong suốt và có viền cam.",train
butterfly_022.jpg,Có bao nhiêu con bướm trong bức ảnh này?,Có hai con bướm đang đậu sát nhau. ,train
butterfly_022.jpg,Màu sắc chủ đạo của đôi bướm là gì?,Chúng có màu cam với nhiều đốm đen. ,train
butterfly_022.jpg,Con bướm đang đậu trên bộ phận nào của cây?,Hai con bướm đang đậu trên một nụ hoa. ,train
butterfly_022.jpg,Bướm có đang bay trên trời không?,"Không, chúng đang đậu yên trên cành cây.",train
butterfly_023.jpg,Kích thước của con bướm này như thế nào?,Đây là một con bướm có kích thước lớn. ,train
butterfly_023.jpg,Cánh bướm có những màu sắc nào?,Cánh có màu đỏ cam trắng và đen. ,train
butterfly_023.jpg,Con bướm đang đậu ở đâu?,Nó đang đậu trên một thân cây gỗ. ,train
butterfly_023.jpg,Cánh bướm có họa tiết giống mắt không?,"Có, họa tiết ở rìa cánh giống mắt động vật.",train
butterfly_024.jpg,Con bướm đang đậu trên vị trí nào?,Con bướm đậu trên vai áo của một người. ,train
butterfly_024.jpg,Cánh bướm có màu sắc gì đặc biệt?,Cánh bướm có màu tím xanh óng ánh. ,train
butterfly_024.jpg,Áo của người trong ảnh màu gì?,Người đó đang mặc một chiếc áo màu đỏ. ,train
butterfly_024.jpg,Con bướm có xòe cánh rộng không?,"Có, nó đang xòe cánh để lộ màu tím.",train
butterfly_025.jpg,Bức ảnh chụp bộ phận nào của con bướm?,Ảnh chụp cận cảnh phần đầu và thân bướm. ,train
butterfly_025.jpg,Phần thân của con bướm có màu gì?,Thân bướm màu đen với các đốm trắng. ,train
butterfly_025.jpg,Phía sau con bướm là gì?,Phía sau là những bông hoa màu hồng mờ. ,train
butterfly_025.jpg,Con bướm có mấy chiếc râu?,"Nó có hai chiếc râu dài hướng về trước.",train
butterfly_026.jpg,Đây là loài bướm gì?,Đây là một con bướm chúa đại diện. ,train
butterfly_026.jpg,Hoa văn trên cánh bướm có màu gì?,Cánh có màu cam với gân màu đen. ,train
butterfly_026.jpg,Con bướm đang đậu trên loại hoa nào?,Nó đang đậu trên cụm hoa màu cam vàng. ,train
butterfly_026.jpg,Rìa cánh bướm có đốm trắng không?,"Có, rìa cánh đen có rất nhiều đốm trắng.",train
butterfly_027.jpg,Con bướm đang ở tư thế nào?,Con bướm đang đậu khép cánh lại theo chiều dọc. ,train
butterfly_027.jpg,Màu sắc phía ngoài cánh bướm là gì?,Phía ngoài cánh có màu trắng đốm đen. ,train
butterfly_027.jpg,Con bướm đậu trên loại cây nào?,Nó đang đậu trên một cành cây mỏng. ,train
butterfly_027.jpg,Nền phía sau có màu gì?,"Nền phía sau có màu xanh dương nhạt.",train
butterfly_028.jpg,Con bướm đang đậu trên bề mặt nào?,Nó đang đậu trên những viên đá cuội. ,train
butterfly_028.jpg,Màu sắc của con bướm này là gì?,Con bướm có màu đen xanh và trắng. ,train
butterfly_028.jpg,Cánh bướm có đốm màu gì ở rìa?,Rìa cánh có những đốm nhỏ màu cam. ,train
butterfly_028.jpg,Có phải con bướm đang bay không?,"Không, nó đang đậu yên trên mặt đất đá.",train
butterfly_029.jpg,Con bướm đang đậu trên cái gì?,Nó đang đậu trên một chiếc lá khô. ,train
butterfly_029.jpg,Cánh bướm có màu sắc như thế nào?,Cánh bướm có màu cam rực rỡ. ,train
butterfly_029.jpg,Trên cánh bướm có họa tiết gì?,Trên cánh có các đường sọc và đốm đen. ,train
butterfly_029.jpg,Con bướm có đang xòe cánh không?,"Có, con bướm đang xòe rộng đôi cánh cam.",train
butterfly_030.jpg,Con bướm đang đậu trên bông hoa màu gì?,Con bướm đang đậu trên bông hoa tím. ,train
butterfly_030.jpg,Cánh bướm có màu sắc chủ đạo là gì?,Màu chủ đạo của cánh bướm là màu đen. ,train
butterfly_030.jpg,Trên cánh bướm có đốm màu gì?,Trên cánh có đốm màu trắng và đỏ. ,train
butterfly_030.jpg,Con bướm có râu dài không?,"Có, hai chiếc râu của nó rất dài và mảnh.",train
butterfly_031.jpg,Con bướm đang đậu trên cái gì?,Con bướm đang đậu trên những bông hoa vàng.,train
butterfly_031.jpg,Cánh bướm có màu sắc như thế nào?,Cánh bướm có màu cam rực rỡ và viền đen.,train
butterfly_031.jpg,Có bao nhiêu con bướm trong ảnh?,Có một con bướm đang đậu giữa đám lá.,train
butterfly_031.jpg,Có phải bướm đang đậu trên lá xanh không?,"Không, con bướm đang đậu trên chùm hoa vàng.",train
butterfly_032.jpg,Con bướm đang đậu cùng với con vật nào?,Con bướm đang đậu cùng một con kiến nhỏ.,train
butterfly_032.jpg,Cánh bướm có màu sắc chủ đạo gì?,Cánh bướm có màu xanh dương và đen.,train
butterfly_032.jpg,Bề mặt bên dưới con bướm là gì?,Bên dưới là một chiếc lá khô màu nâu.,train
butterfly_032.jpg,Cánh bướm có đốm màu đỏ không?,"Có, phía dưới cánh có hai đốm màu đỏ.",train
butterfly_033.jpg,Bức ảnh chụp con bướm ở góc độ nào?,Ảnh chụp con bướm từ phía bên cạnh.,train
butterfly_033.jpg,Màu sắc bên ngoài cánh bướm như thế nào?,Cánh có màu nâu xám với nhiều vân nhỏ.,train
butterfly_033.jpg,Trên cánh bướm có họa tiết gì đặc biệt?,Trên cánh có một hình tròn giống mắt lớn.,train
butterfly_033.jpg,Con bướm có đang xòe cánh không?,"Không, con bướm đang khép cánh lại khi đậu.",train
butterfly_034.jpg,Con bướm đang đậu trên vị trí nào?,Con bướm đang đậu trên một chiếc lá xanh.,train
butterfly_034.jpg,Màu sắc chính trên cánh bướm là gì?,Cánh bướm có màu xanh lá và nâu đen.,train
butterfly_034.jpg,Trong ảnh có xuất hiện chữ viết không?,Có những dòng chữ trắng ở góc trên phải.,train
butterfly_034.jpg,Cánh bướm có viền màu trắng không?,"Có, phần rìa dưới cánh có các đốm trắng.",train
butterfly_035.jpg,Con bướm đang đậu trên loại hoa nào?,Con bướm đang đậu trên bông hoa màu hồng.,train
butterfly_035.jpg,Vật thể nào xuất hiện ở phía sau bông hoa?,Phía sau bông hoa là một chiếc lốp xe.,train
butterfly_035.jpg,Cánh bướm có màu sắc chủ đạo là gì?,Cánh bướm có màu vàng nhạt và đen.,train
butterfly_035.jpg,Con bướm có đốm màu cam ở cánh không?,"Có, một đốm cam nhỏ xuất hiện ở đuôi cánh.",train
butterfly_036.jpg,Con bướm đang đậu trên bề mặt nào?,Nó đang đậu trên một thanh gỗ cũ.,train
butterfly_036.jpg,Họa tiết trên cánh bướm trông giống cái gì?,Họa tiết trông giống như vân đá hoặc vỏ cây.,train
butterfly_036.jpg,Cánh bướm có màu sắc như thế nào?,Cánh bướm có màu xám xanh và nâu nhạt.,train
butterfly_036.jpg,Con bướm có đang đậu yên không?,"Có, con bướm đang đậu rất yên trên gỗ.",train
butterfly_037.jpg,Đây là loài bướm hay loài ngài?,Đây là một con ngài có kích thước lớn.,train
butterfly_037.jpg,Con vật đang đậu trên loại lá nào?,Nó đang đậu trên một chiếc lá cọ lớn.,train
butterfly_037.jpg,Màu sắc chủ đạo của con vật này là gì?,Nó có màu nâu đỏ với họa tiết trắng.,train
butterfly_037.jpg,Cánh của nó có hình dáng giống gì không?,"Có, hai đầu cánh giống như đầu rắn.",train
butterfly_038.jpg,Có bao nhiêu con bướm trong bức ảnh này?,Có hai con bướm đang đứng đối diện nhau.,train
butterfly_038.jpg,Màu sắc của đôi bướm này là gì?,Chúng có màu xanh xám với đốm cam.,train
butterfly_038.jpg,Chúng đang đậu trên bề mặt như thế nào?,Chúng đang đậu trên một tấm gỗ phẳng.,train
butterfly_038.jpg,Hai con bướm có chạm râu vào nhau không?,"Có, hai chiếc râu của chúng đang chạm nhau.",train
butterfly_039.jpg,Con bướm đang đậu trên loại cây nào?,Con bướm đang đậu trên chùm hoa trắng.,train
butterfly_039.jpg,Cánh bướm có màu sắc chủ đạo là gì?,Toàn bộ cánh bướm có màu đen tuyền.,train
butterfly_039.jpg,Phía sau con bướm là vật thể gì?,Phía sau là một tảng đá màu xám lớn.,train
butterfly_039.jpg,Rìa cánh bướm có đốm màu trắng không?,"Có, rìa cánh có một hàng đốm trắng nhỏ.",train
butterfly_040.jpg,Con bướm này có đặc điểm gì nổi bật?,Nó có đôi đuôi cánh rất dài và mảnh.,train
butterfly_040.jpg,Màu sắc chính của con bướm này là gì?,Con bướm có màu vàng chanh rực rỡ.,train
butterfly_040.jpg,Nó đang đậu ở vị trí nào trong ảnh?,Nó đang đậu giữa những tán lá xanh mướt.,train
butterfly_040.jpg,Trên cánh bướm có đốm màu đen không?,"Có, mỗi cánh có một đốm tròn nhỏ màu đen.",train
butterfly_041.jpg,Con bướm trong ảnh có màu sắc gì chủ đạo?,Nó có màu xanh lá cây và đen. ,train
butterfly_041.jpg,Có bao nhiêu dải màu xanh trên mỗi cánh?,Có một dải màu xanh sáng trên mỗi cánh. ,train
butterfly_041.jpg,Con bướm đang đậu ở đâu?,Nó đang đậu trên một cành cây nhỏ. ,train
butterfly_041.jpg,Bướm có đang bay không?,"Không, con bướm đang đậu yên xòe cánh.",train
butterfly_042.jpg,Con bướm đang đậu trên vật thể gì?,Con bướm đang đậu trên những chiếc kén khô. ,train
butterfly_042.jpg,Cánh bướm có những màu nào?,Cánh bướm có màu cam đỏ và trắng. ,train
butterfly_042.jpg,Phông nền của ảnh có màu gì?,Phông nền của bức ảnh có màu xanh lá. ,train
butterfly_042.jpg,Con bướm có đang khép cánh không?,"Có, con bướm đang đậu khép cánh lại.",train
butterfly_043.jpg,Có bao nhiêu con bướm trong ảnh này?,Có rất nhiều con bướm màu vàng chanh. ,train
butterfly_043.jpg,Những con bướm đang đậu trên bề mặt gì?,Chúng đang đậu trên mặt đất ẩm ướt. ,train
butterfly_043.jpg,Màu sắc nổi bật nhất trong ảnh là gì?,Màu vàng của đàn bướm là nổi bật nhất. ,train
butterfly_043.jpg,Các con bướm có đang bay không?,"Không, đàn bướm đang đậu tập trung dưới đất.",train
butterfly_044.jpg,Con bướm trong ảnh có màu sắc gì?,Con bướm có màu đen và đốm cam. ,train
butterfly_044.jpg,Nó đang đậu trên loại hoa nào?,Nó đang đậu trên những bông hoa tím. ,train
butterfly_044.jpg,Trên cánh bướm có những đốm màu gì?,Cánh có đốm màu trắng và màu cam. ,train
butterfly_044.jpg,Con bướm có râu không?,"Có, con bướm có hai chiếc râu dài.",train
butterfly_045.jpg,Đây là loài bướm gì?,Đây là một con bướm chúa. ,train
butterfly_045.jpg,Cánh bướm có màu sắc như thế nào?,Cánh có màu cam với gân đen đậm. ,train
butterfly_045.jpg,Con bướm đang đậu trên đâu?,Nó đang đậu trên một chiếc lá xanh. ,train
butterfly_045.jpg,Rìa cánh bướm có đốm trắng không?,"Có, rìa cánh đen có nhiều đốm trắng.",train
butterfly_046.jpg,Cánh bướm có màu sắc chủ đạo là gì?,Màu chủ đạo của cánh là trắng đen. ,train
butterfly_046.jpg,Con bướm đang đậu trên bông hoa màu gì?,Nó đang đậu trên một bông hoa hồng. ,train
butterfly_046.jpg,Họa tiết trên cánh bướm trông như thế nào?,Họa tiết trên cánh bướm trông giống ren. ,train
butterfly_046.jpg,Con bướm có đang xòe cánh rộng không?,"Có, con bướm đang xòe rộng đôi cánh.",train
butterfly_047.jpg,Có bao nhiêu con bướm đậu trên lá?,Có rất nhiều con bướm đang đậu kín. ,train
butterfly_047.jpg,Đàn bướm này có màu sắc gì?,Đàn bướm có màu cam và đen. ,train
butterfly_047.jpg,Các con bướm đang đậu trên bộ phận nào?,Chúng đang đậu trên những chiếc lá xanh. ,train
butterfly_047.jpg,Đàn bướm có đang bay loạn xạ không?,"Không, đàn bướm đang đậu yên trên cây.",train
butterfly_048.jpg,Con bướm này có màu sắc gì chủ đạo?,Nó có màu nâu đậm và đốm vàng. ,train
butterfly_048.jpg,Trên cánh bướm có họa tiết gì đặc biệt?,Trên cánh có các đốm tròn màu đen. ,train
butterfly_048.jpg,Con bướm đang đậu trên cái gì?,Nó đang đậu trên một chiếc lá cỏ. ,train
butterfly_048.jpg,Cánh bướm có đang mở ra không?,"Có, con bướm đang xòe cánh khi đậu.",train
butterfly_049.jpg,Có bao nhiêu con bướm trong ảnh?,Có ba con bướm đang đậu trên hoa. ,train
butterfly_049.jpg,Những con bướm này có màu gì?,Chúng đều có màu cam và đen. ,train
butterfly_049.jpg,Chúng đang đậu trên loại hoa nào?,Chúng đang đậu trên cành hoa tím dài. ,train
butterfly_049.jpg,Các con bướm có đang bay không?,"Không, ba con bướm đang đậu trên hoa.",train
butterfly_050.jpg,Đây là loài vật gì?,Đây là một con ngài kích thước lớn. ,train
butterfly_050.jpg,Cánh của nó có màu sắc như thế nào?,Cánh có màu nâu xám và vân sóng. ,train
butterfly_050.jpg,Nó đang đậu trên bề mặt gì?,Nó đang đậu trên một bức tường đá. ,train
butterfly_050.jpg,Trên cánh có họa tiết giống mắt không?,"Có, trên cánh có họa tiết giống mắt.",train
butterfly_051.jpg,Con bướm đang đậu trên vật thể gì?,Con bướm đang đậu trên một tảng đá xám.,train
butterfly_051.jpg,Cánh bướm có màu sắc và hoa văn thế nào?,Cánh bướm màu cam với các đốm đen lớn.,train
butterfly_051.jpg,Có bao nhiêu con bướm trong bức ảnh này?,Bức ảnh chỉ có duy nhất một con bướm.,train
butterfly_051.jpg,Có phải con bướm đang đậu trên lá không?,"Không, con bướm đang đậu trên bề mặt đá.",train
butterfly_052.jpg,Con bướm này có màu sắc chủ đạo là gì?,Màu sắc chủ đạo là vàng đen và xanh.,train
butterfly_052.jpg,Hình dáng của đôi cánh bướm như thế nào?,Đôi cánh xòe rộng đối xứng và rất đẹp.,train
butterfly_052.jpg,Nền phía sau con bướm là gì?,Phía sau là những nhánh cỏ xanh mờ ảo.,train
butterfly_052.jpg,Trên cánh có đốm màu đỏ không?,"Có, hai đốm đỏ xuất hiện ở cuối cánh.",train
butterfly_053.jpg,Con bướm đang làm gì trong ảnh?,Con bướm đang hút mật trên nụ hoa.,train
butterfly_053.jpg,Góc chụp của bức ảnh này như thế nào?,Bức ảnh được chụp từ phía bên cạnh.,train
butterfly_053.jpg,Màu sắc của cánh bướm có gì đặc biệt?,Cánh có các đường sọc đen trên nền vàng.,train
butterfly_053.jpg,Hoa trong ảnh có màu gì?,"Bông hoa có màu tím nhạt và trắng.",train
butterfly_054.jpg,Con bướm đang ở giữa đám thực vật nào?,Con bướm đang đậu giữa những bông hoa tím.,train
butterfly_054.jpg,Màu sắc của con bướm này là gì?,Nó có màu cam rực rỡ và đốm đen.,train
butterfly_054.jpg,Cánh bướm đang ở trạng thái nào?,Con bướm đang xòe rộng cánh trên hoa.,train
butterfly_054.jpg,Có phải tất cả hoa đều màu vàng không?,"Không, hoa trong ảnh chủ yếu màu tím.",train
butterfly_055.jpg,Con bướm đang đậu trên bộ phận nào của cây?,Nó đang đậu trên một nụ hoa lớn.,train
butterfly_055.jpg,Hoa văn trên cánh bướm có đặc điểm gì?,Cánh bướm có nhiều đốm đen li ti.,train
butterfly_055.jpg,Lá cây xung quanh có hình dáng thế nào?,Lá cây có răng cưa và màu xanh đậm.,train
butterfly_055.jpg,Con bướm có màu xanh dương không?,"Không, con bướm này có màu cam đất.",train
butterfly_056.jpg,Con bướm đang đậu trên loại hoa gì?,Nó đậu trên một bông hoa thược dược.,train
butterfly_056.jpg,Màu sắc của bông hoa là màu gì?,Bông hoa có màu đỏ và trắng xen kẽ.,train
butterfly_056.jpg,Con bướm thuộc loài bướm nào?,Đây là một con bướm chúa màu cam.,train
butterfly_056.jpg,Bông hoa có nhị màu vàng không?,"Có, nhị hoa ở giữa có màu vàng tươi.",train
butterfly_057.jpg,Con bướm đang đậu ở vị trí nào?,Nó đang đậu trên một chiếc lá xanh.,train
butterfly_057.jpg,Màu sắc của con bướm này như thế nào?,Cánh bướm màu đen với các đốm trắng.,train
butterfly_057.jpg,Hình dáng các đốm trên cánh bướm ra sao?,Các đốm trắng có hình bầu dục lớn.,train
butterfly_057.jpg,Con bướm có đang bay không?,"Không, con bướm đang đứng yên trên lá.",train
butterfly_058.jpg,Con bướm đang đậu trên loài hoa nào?,Nó đang đậu trên một bông hoa tím.,train
butterfly_058.jpg,Màu sắc cánh bướm có gì nổi bật?,Cánh bướm có màu vàng nhạt và xanh.,train
butterfly_058.jpg,Khung cảnh xung quanh con bướm là gì?,Xung quanh là một cánh đồng hoa tím.,train
butterfly_058.jpg,Bướm có màu đỏ ở rìa cánh không?,"Có, rìa cánh dưới có hai đốm đỏ.",train
butterfly_059.jpg,Bầu trời trong ảnh có đặc điểm gì?,Bầu trời xanh ngắt với những đám mây.,train
butterfly_059.jpg,Con bướm đang làm gì trên bông hoa?,Nó đang đậu và hút mật hoa vàng.,train
butterfly_059.jpg,Màu sắc của con bướm này là gì?,Cánh bướm có màu cam đen và trắng.,train
butterfly_059.jpg,Có phải ảnh chụp dưới đất không?,"Không, ảnh chụp hướng lên bầu trời cao.",train
butterfly_060.jpg,Con bướm này có màu sắc chủ đạo gì?,Toàn thân con bướm có màu xanh dương.,train
butterfly_060.jpg,Nó đang ở trong môi trường nào?,Nó đang đậu giữa đám cỏ xanh mướt.,train
butterfly_060.jpg,Cánh bướm có viền màu gì?,Cánh bướm có một dải viền trắng nhỏ.,train
butterfly_060.jpg,Con bướm có đang khép cánh không?,"Không, con bướm đang mở rộng đôi cánh.",train
butterfly_061.jpg,Con bướm đang đậu trên loại cây nào?,Con bướm đang đậu trên những lá dương xỉ. ,train
butterfly_061.jpg,Cánh bướm có màu sắc và họa tiết gì?,Cánh bướm màu xanh dương có nhiều đốm trắng. ,train
butterfly_061.jpg,Có bao nhiêu con bướm trong ảnh?,Chỉ có một con bướm duy nhất trong ảnh. ,train
butterfly_061.jpg,Có phải con bướm đang bay không?,"Không, con bướm đang đậu yên trên lá.",train
butterfly_062.jpg,Con bướm đang làm gì trong ảnh?,Con bướm đang hút mật trên chùm hoa. ,train
butterfly_062.jpg,Cánh của con bướm này có đặc điểm gì?,Cánh của nó có đặc tính trong suốt. ,train
butterfly_062.jpg,Chùm hoa trong ảnh có màu sắc gì?,Chùm hoa có màu đỏ và màu cam. ,train
butterfly_062.jpg,Con bướm có màu xanh dương không?,"Không, cánh bướm trong suốt có viền đen.",train
butterfly_063.jpg,Có bao nhiêu con bướm trong bức ảnh này?,Có hai con bướm đang đậu sát nhau. ,train
butterfly_063.jpg,Màu sắc của đôi bướm này như thế nào?,Chúng có màu nâu nhạt và đốm đỏ. ,train
butterfly_063.jpg,Chúng đang đậu ở môi trường nào?,Đôi bướm đang đậu giữa những tán lá. ,train
butterfly_063.jpg,Hai con bướm có đang bay không?,"Không, hai con bướm đang đậu rất yên.",train
butterfly_064.jpg,Con bướm đang đậu trên bông hoa màu gì?,Con bướm đang đậu trên bông hoa vàng. ,train
butterfly_064.jpg,Cánh bướm có họa tiết và màu sắc gì?,Cánh bướm màu trắng có các vân đen. ,train
butterfly_064.jpg,Phần thân của con bướm có màu gì?,Thân con bướm có các vằn đen trắng. ,train
butterfly_064.jpg,Con bướm có đang xòe cánh không?,"Có, con bướm đang xòe cánh khi đậu.",train
butterfly_065.jpg,Con bướm đang đậu trên loại hoa nào?,Con bướm đang đậu trên bông hoa hồng. ,train
butterfly_065.jpg,Màu sắc chủ đạo của cánh bướm là gì?,Cánh bướm có màu vàng nhạt và đen. ,train
butterfly_065.jpg,Trong ảnh có xuất hiện chữ viết không?,Có dòng chữ trắng ở góc trên phải. ,train
butterfly_065.jpg,Có phải bướm đang đậu trên lá không?,"Không, con bướm đang đậu trên cánh hoa.",train
butterfly_066.jpg,Con bướm đang đậu trên bông hoa màu gì?,Nó đang đậu trên bông hoa màu hồng. ,train
butterfly_066.jpg,Cánh bướm có màu sắc như thế nào?,Cánh bướm màu đen có dải màu cam. ,train
butterfly_066.jpg,Nhị của bông hoa có đặc điểm gì?,Nhị hoa có màu cam và rất dài. ,train
butterfly_066.jpg,Con bướm có đốm trắng ở cánh không?,"Có, phía trên cánh có vài đốm trắng.",train
butterfly_067.jpg,Con bướm đang ở vị trí nào trong ảnh?,Nó đang đậu trên những bông hoa trắng. ,train
butterfly_067.jpg,Màu sắc của con bướm này là gì?,Con bướm có màu cam và đốm đen. ,train
butterfly_067.jpg,Con vật nào khác xuất hiện trong ảnh?,Có một con bọ nhỏ ở phía dưới. ,train
butterfly_067.jpg,Cánh bướm có đang mở rộng không?,"Có, con bướm đang xòe rộng đôi cánh.",train
butterfly_068.jpg,Con bướm đang hút mật ở loại hoa nào?,Con bướm đang hút mật trên hoa đỏ. ,train
butterfly_068.jpg,Cánh bướm có màu sắc và hoa văn gì?,Cánh bướm có màu cam đen và trắng. ,train
butterfly_068.jpg,Cánh hoa có những màu sắc nào?,Cánh hoa có màu đỏ và màu hồng. ,train
butterfly_068.jpg,Con bướm có râu dài không?,"Có, hai chiếc râu của nó rất mảnh.",train
butterfly_069.jpg,Con bướm đang đậu trên bề mặt gì?,Nó đang đậu trên một tảng đá trắng. ,train
butterfly_069.jpg,Màu sắc của con bướm này như thế nào?,Con bướm có màu cam họa tiết đen. ,train
butterfly_069.jpg,Xung quanh tảng đá có thực vật gì?,Xung quanh có nhiều cỏ xanh và lá. ,train
butterfly_069.jpg,Con bướm có đang bay không?,"Không, con bướm đang đứng yên trên đá.",train
butterfly_070.jpg,Con bướm này có màu sắc gì đặc biệt?,Cánh bướm có màu tím và cầu vồng. ,train
butterfly_070.jpg,Nó đang đậu trên vật thể gì trong ảnh?,Nó đang đậu trên một cành cây khô. ,train
butterfly_070.jpg,Phông nền phía sau con bướm màu gì?,Phông nền phía sau là màu xanh lá. ,train
butterfly_070.jpg,Cánh bướm có đốm trắng không?,"Có, rìa cánh có rất nhiều đốm trắng.",train
butterfly_071.jpg,Con bướm đang đậu trên loại lá nào?,Con bướm đang đậu trên những lá dương xỉ xanh. ,train
butterfly_071.jpg,Cánh bướm có màu sắc và họa tiết gì?,Cánh bướm màu xanh dương có nhiều đốm trắng. ,train
butterfly_071.jpg,Có bao nhiêu con bướm xuất hiện trong ảnh?,Chỉ có một con bướm duy nhất trong ảnh này. ,train
butterfly_071.jpg,Có phải con bướm đang bay không?,"Không, con bướm đang đậu yên trên lá.",train
butterfly_072.jpg,Con bướm đang làm gì trong bức ảnh?,Con bướm đang hút mật trên chùm hoa rực rỡ. ,train
butterfly_072.jpg,Cánh của con bướm này có đặc điểm gì?,Cánh của nó có đặc tính trong suốt nhìn thấu. ,train
butterfly_072.jpg,Chùm hoa trong ảnh có những màu sắc nào?,Chùm hoa có màu đỏ và màu cam tươi. ,train
butterfly_072.jpg,Con bướm có màu xanh dương không?,"Không, cánh bướm trong suốt có viền màu đen.",train
butterfly_073.jpg,Có bao nhiêu con bướm trong bức ảnh này?,Có hai con bướm đang đậu sát vào nhau. ,train
butterfly_073.jpg,Màu sắc của đôi bướm này như thế nào?,Chúng có màu nâu nhạt và các đốm đỏ. ,train
butterfly_073.jpg,Chúng đang đậu ở môi trường thiên nhiên nào?,Đôi bướm đang đậu giữa những tán lá xanh. ,train
butterfly_073.jpg,Hai con bướm có đang bay không?,"Không, hai con bướm đang đậu rất yên bình.",train
butterfly_074.jpg,Con bướm đang đậu trên bông hoa màu gì?,Con bướm đang đậu trên bông hoa màu vàng. ,train
butterfly_074.jpg,Cánh bướm có họa tiết và màu sắc gì?,Cánh bướm màu trắng có các vân màu đen. ,train
butterfly_074.jpg,Phần thân của con bướm có màu sắc gì?,Thân con bướm có các vằn màu đen trắng. ,train
butterfly_074.jpg,Con bướm có đang xòe cánh rộng không?,"Có, con bướm đang xòe cánh khi đậu hoa.",train
butterfly_075.jpg,Con bướm đang đậu trên loại hoa nào?,Con bướm đang đậu trên một bông hoa hồng. ,train
butterfly_075.jpg,Màu sắc chủ đạo của cánh bướm là gì?,Cánh bướm có màu vàng nhạt và màu đen. ,train
butterfly_075.jpg,Trong ảnh có xuất hiện dòng chữ viết không?,Có dòng chữ trắng ở phía góc trên phải. ,train
butterfly_075.jpg,Có phải bướm đang đậu trên lá xanh không?,"Không, con bướm đang đậu trên cánh hoa.",train
butterfly_076.jpg,Con bướm đang đậu trên bông hoa màu gì?,Nó đang đậu trên một bông hoa màu hồng. ,train
butterfly_076.jpg,Cánh bướm có màu sắc nổi bật như thế nào?,Cánh bướm màu đen có dải màu cam đậm. ,train
butterfly_076.jpg,Nhị của bông hoa hồng có đặc điểm gì?,Nhị hoa có màu cam và vươn rất dài. ,train
butterfly_076.jpg,Con bướm có đốm trắng ở phía cánh không?,"Có, phía trên cánh có vài đốm trắng nhỏ.",train
butterfly_077.jpg,Con bướm đang ở vị trí nào trong ảnh?,Nó đang đậu trên những bông hoa trắng nhỏ. ,train
butterfly_077.jpg,Màu sắc của con bướm này là màu gì?,Con bướm có màu cam và nhiều đốm đen. ,train
butterfly_077.jpg,Con vật nào khác cùng xuất hiện trong ảnh?,Có một con bọ nhỏ ở phía bên dưới. ,train
butterfly_077.jpg,Cánh bướm có đang mở rộng hoàn toàn không?,"Có, con bướm đang xòe rộng đôi cánh cam.",train
butterfly_078.jpg,Con bướm đang hút mật ở loại hoa nào?,Con bướm đang hút mật trên bông hoa đỏ. ,train
butterfly_078.jpg,Cánh bướm có màu sắc và hoa văn gì?,Cánh bướm có màu cam đen và màu trắng. ,train
butterfly_078.jpg,Cánh hoa có những màu sắc nổi bật nào?,Cánh hoa có màu đỏ và màu hồng nhạt. ,train
butterfly_078.jpg,Con bướm có đôi râu dài hay không?,"Có, hai chiếc râu của nó rất mảnh dài.",train
butterfly_079.jpg,Con bướm đang đậu trên bề mặt cứng nào?,Nó đang đậu trên một tảng đá màu trắng. ,train
butterfly_079.jpg,Màu sắc của con bướm này như thế nào?,Con bướm có màu cam và họa tiết đen. ,train
butterfly_079.jpg,Xung quanh tảng đá có những thực vật gì?,Xung quanh có nhiều cỏ xanh và lá cây. ,train
butterfly_079.jpg,Con bướm có đang bay lượn hay không?,"Không, con bướm đang đứng yên trên tảng đá.",train
butterfly_080.jpg,Con bướm này có màu sắc gì rất đặc biệt?,Cánh bướm có màu tím và sắc cầu vồng. ,train
butterfly_080.jpg,Nó đang đậu trên vật thể gì trong ảnh?,Nó đang đậu trên một cành cây khô nhỏ. ,train
butterfly_080.jpg,Phông nền phía sau con bướm có màu gì?,Phông nền phía sau là màu xanh lá cây. ,train
butterfly_080.jpg,Cánh bướm có các đốm trắng hay không?,"Có, rìa cánh có rất nhiều đốm trắng nhỏ.",train
butterfly_081.jpg,Đây là con gì?,Đây là một con bướm trắng có vân đen.,train
butterfly_081.jpg,Con bướm đang đậu trên cái gì?,Nó đang đậu trên một bông hoa màu tím.,train
butterfly_081.jpg,Có bao nhiêu con bướm trong ảnh?,Chỉ có một con bướm đang đậu hút mật.,train
butterfly_081.jpg,Cánh bướm có màu vàng không?,"Không, cánh bướm có màu trắng và đen.",train
butterfly_082.jpg,Con bướm đang đậu trên vật thể gì?,Con bướm đang đậu trên một chiếc lá xanh.,train
butterfly_082.jpg,Màu sắc nổi bật trên cánh bướm là gì?,Màu sắc nổi bật nhất là màu đỏ cam.,train
butterfly_082.jpg,Trên cánh bướm có họa tiết gì đặc biệt?,Trên cánh có bốn đốm lớn giống hình mắt.,train
butterfly_082.jpg,Con bướm có đang xòe cánh không?,"Có, con bướm đang xòe rộng đôi cánh.",train
butterfly_083.jpg,Con bướm này có màu sắc chủ đạo là gì?,Màu sắc chủ đạo của nó là xanh dương.,train
butterfly_083.jpg,Viền cánh của con bướm có màu gì?,Viền cánh của con bướm có màu đen.,train
butterfly_083.jpg,Con bướm đang đậu trên bông hoa màu gì?,Nó đang đậu trên những bông hoa đỏ.,train
butterfly_083.jpg,Cánh bướm có đốm trắng không?,"Có, viền đen có một vài đốm trắng nhỏ.",train
butterfly_084.jpg,Con bướm đang đậu ở đâu?,Con bướm đang đậu trên mặt đường bê tông.,train
butterfly_084.jpg,Cánh bướm có những màu sắc nào?,Cánh bướm có màu đen cam và trắng.,train
butterfly_084.jpg,Hình dáng của dải màu cam như thế nào?,Dải màu cam chạy ngang qua đôi cánh.,train
butterfly_084.jpg,Con bướm có đang bay không?,"Không, con bướm đang đứng yên dưới đất.",train
butterfly_085.jpg,Con bướm đang làm gì?,Con bướm đang đậu trên chùm hoa đỏ.,train
butterfly_085.jpg,Màu sắc của cánh bướm này là gì?,Cánh bướm có màu hồng nhạt và đen.,train
butterfly_085.jpg,Nền của bức ảnh có màu gì?,Nền của bức ảnh có màu hồng mờ.,train
butterfly_085.jpg,Con bướm có màu xanh lá không?,"Không, con bướm có màu hồng và đen.",train
butterfly_086.jpg,Con bướm đang đậu trên bộ phận nào?,Con bướm đang đậu trên một chiếc lá.,train
butterfly_086.jpg,Màu sắc của cánh bướm này như thế nào?,Cánh bướm có rất nhiều màu sắc sặc sỡ.,train
butterfly_086.jpg,Trên cánh bướm có bao nhiêu đốm tròn?,Có bốn đốm tròn lớn ở rìa cánh.,train
butterfly_086.jpg,Đây có phải là bướm chúa không?,"Không, đây là loại bướm có màu đa sắc.",train
butterfly_087.jpg,Con bướm này có màu gì chủ đạo?,Nó có màu xanh dương nhạt chủ đạo.,train
butterfly_087.jpg,Trên cánh bướm có các đốm màu gì?,Trên cánh bướm có các đốm màu đen.,train
butterfly_087.jpg,Con bướm đang đậu ở đâu?,Nó đang đậu giữa những đám lá xanh.,train
butterfly_087.jpg,Cánh bướm có viền màu trắng không?,"Có, rìa cánh có một đường viền trắng.",train
butterfly_088.jpg,Đây là con bướm hay con ngài?,Đây là một con ngài có kích thước lớn.,train
butterfly_088.jpg,Màu sắc của đôi cánh này là gì?,Cánh có màu đỏ nâu xám và trắng.,train
butterfly_088.jpg,Con vật đang đậu trên loại cây nào?,Nó đang đậu trên một cây có gai.,train
butterfly_088.jpg,Cánh của nó có họa tiết hình gì?,"Có hai hình trăng khuyết màu trắng lớn.",train
butterfly_089.jpg,Con bướm đang đậu trên loại hoa nào?,Con bướm đậu trên bông hoa màu tím.,train
butterfly_089.jpg,Màu sắc của mặt dưới cánh bướm là gì?,Mặt dưới cánh có màu xám đốm đen.,train
butterfly_089.jpg,Trong ảnh có bao nhiêu bông hoa tím?,Có một bông hoa tím nở rộ chính.,train
butterfly_089.jpg,Con bướm có đốm cam trên cánh không?,"Có, vài đốm cam nhỏ ở rìa cánh.",train
butterfly_090.jpg,Con bướm đang đậu trên bề mặt gì?,Con bướm đang đậu trên một thân cây.,train
butterfly_090.jpg,Cánh của nó ở tư thế nào?,Con bướm đang khép cánh lại khi đậu.,train
butterfly_090.jpg,Họa tiết nổi bật nhất trên cánh là gì?,Họa tiết nổi bật là một hình mắt lớn.,train
butterfly_090.jpg,Con bướm có màu vàng tươi không?,"Không, cánh bướm có màu nâu và xám.",train
butterfly_091.jpg,Con bướm trong ảnh có họa tiết gì đặc biệt?,Cánh bướm có các sọc đen trên nền trắng.,train
butterfly_091.jpg,Phần đuôi cánh bướm có màu gì?,Đuôi cánh có đốm màu vàng và xanh dương.,train
butterfly_091.jpg,Con bướm đang ở tư thế nào?,Con bướm đang xòe rộng đôi cánh đối xứng.,train
butterfly_091.jpg,Có phải con bướm đang đậu trên hoa không?,"Không, con bướm đang đậu trên tán lá mờ.",train
butterfly_092.jpg,Có bao nhiêu con bướm trong bức ảnh này?,Có tất cả bốn con bướm đang đậu tập trung.,train
butterfly_092.jpg,Những con bướm đang đậu trên vật thể gì?,Chúng đang đậu trên một miếng vỏ chuối chín.,train
butterfly_092.jpg,Cánh của đàn bướm này có màu gì?,Cánh bướm có màu trắng với gân đen.,train
butterfly_092.jpg,Bề mặt bên dưới miếng chuối có màu gì?,"Bề mặt bên dưới có màu xanh dương đậm.",train
butterfly_093.jpg,Con bướm đang đậu trên loại cây nào?,Nó đang đậu trên một cành hoa hồng.,train
butterfly_093.jpg,Cánh bướm có họa tiết như thế nào?,Cánh có họa tiết caro đen và trắng.,train
butterfly_093.jpg,Bông hoa trong ảnh có màu gì?,Bông hoa nhỏ có màu hồng tím nhạt.,train
butterfly_093.jpg,Con bướm có râu dài hay không?,"Có, hai chiếc râu của nó hướng lên trên.",train
butterfly_094.jpg,Con bướm đang đậu trên bề mặt gì?,Con bướm đang đậu trên nền đất đá.,train
butterfly_094.jpg,Màu sắc chủ đạo của con bướm này là gì?,Màu chủ đạo của nó là xanh dương đậm.,train
butterfly_094.jpg,Rìa cánh bướm có họa tiết gì?,Rìa cánh có các đường viền màu xanh nhạt.,train
butterfly_094.jpg,Trên cánh có đốm màu cam không?,"Có, vài đốm cam nhỏ xuất hiện ở rìa.",train
butterfly_095.jpg,Con bướm đang đậu trên bông hoa màu gì?,Nó đang đậu trên một bông hoa vàng.,train
butterfly_095.jpg,Cánh bướm có màu sắc như thế nào?,Cánh bướm màu đen có dải vàng lớn.,train
butterfly_095.jpg,Hình dáng của đôi cánh bướm ra sao?,Đôi cánh có hình dáng thuôn dài và nhọn.,train
butterfly_095.jpg,Con bướm có đang hút mật không?,"Có, nó đang chúi đầu vào nhị hoa.",train
butterfly_096.jpg,Con bướm đang đậu trên loại thực vật nào?,Nó đang đậu trên một bông hoa vàng.,train
butterfly_096.jpg,Cánh bướm có màu sắc chủ đạo là gì?,Cánh bướm có màu cam nâu trầm.,train
butterfly_096.jpg,Trên cánh bướm có những đốm màu gì?,Cánh có các đốm màu trắng và đen.,train
butterfly_096.jpg,Phông nền phía sau có màu gì?,"Phông nền phía sau có màu xanh lá.",train
butterfly_097.jpg,Con bướm đang đậu ở vị trí nào?,Nó đậu trên nhị của bông hoa vàng.,train
butterfly_097.jpg,Cánh bướm có họa tiết giống cái gì?,Trên cánh bướm có họa tiết hình mắt.,train
butterfly_097.jpg,Có bao nhiêu bông hoa vàng trong ảnh?,Có hai bông hoa vàng đang nở rộ.,train
butterfly_097.jpg,Con bướm có màu đỏ không?,"Có, thân và cánh bướm có màu đỏ.",train
butterfly_098.jpg,Con bướm này có màu sắc gì đặc biệt?,Cánh bướm có màu sắc cầu vồng óng ánh.,train
butterfly_098.jpg,Nó đang đậu trên môi trường nào?,Nó đậu giữa những ngọn cỏ xanh dài.,train
butterfly_098.jpg,Hình dáng đôi cánh bướm trông như thế nào?,Đôi cánh mỏng manh và có răng cưa.,train
butterfly_098.jpg,Đây có phải là một con bướm thật không?,"Không, đây là một mô hình nghệ thuật.",train
butterfly_099.jpg,Con bướm đang đậu trên loại hoa gì?,Nó đang đậu trên những bông hoa vàng.,train
butterfly_099.jpg,Cánh bướm có họa tiết sọc màu gì?,Cánh có các sọc đen trên nền vàng.,train
butterfly_099.jpg,Đuôi cánh bướm có đặc điểm gì?,Đuôi cánh có hai phần nhọn kéo dài.,train
butterfly_099.jpg,Con bướm có đang mở cánh không?,"Có, đôi cánh đang mở rộng hoàn toàn.",train
butterfly_100.jpg,Con bướm đang đậu trên bề mặt gì?,Nó đang đậu trên những viên đá cuội.,train
butterfly_100.jpg,Cánh bướm đang ở trạng thái nào?,Con bướm đang đậu khép hai cánh lại.,train
butterfly_100.jpg,Màu sắc bên trong cánh bướm là màu gì?,Bên trong cánh có màu cam và đen.,train
butterfly_100.jpg,Ảnh có được chụp rõ nét không?,"Có, con bướm được chụp rất rõ ràng.",train
cat_001.jpg,Đây là con vật gì?,Đây là một con mèo.,train
cat_001.jpg,Có bao nhiêu con mèo trong ảnh?,Trong ảnh có một con mèo duy nhất.,train
cat_001.jpg,Con mèo có màu gì?,Con mèo có bộ lông màu vàng cam.,train
cat_001.jpg,Con mèo có đang nhắm mắt không?,"Không, con mèo đang mở to mắt nhìn thẳng.",train
cat_002.jpg,Con vật trong hình là gì?,Đây là một con mèo mướp.,train
cat_002.jpg,Mắt của con mèo có màu gì?,Mắt của con mèo có màu xanh lá cây.,train
cat_002.jpg,Có phải con mèo đang ở ngoài trời không?,"Có, con mèo đang ở không gian ngoài trời.",train
cat_002.jpg,Con mèo có đeo vòng cổ không?,"Không, con mèo không đeo vòng cổ.",train
cat_003.jpg,Có bao nhiêu con mèo con trong ảnh?,Trong hình có ba con mèo con.,train
cat_003.jpg,Nền phía sau các con mèo có màu gì?,Nền phía sau có màu hồng và trắng.,train
cat_003.jpg,Các con mèo đang đứng hay nằm?,Các con mèo đang nằm trên thảm.,train
cat_003.jpg,Có con mèo nào màu trắng tinh không?,"Không, các con mèo đều có lông vằn.",train
cat_004.jpg,Trong ảnh có mấy con mèo?,Trong ảnh có hai con mèo.,train
cat_004.jpg,Con mèo lớn đang làm gì con mèo nhỏ?,Con mèo lớn đang ôm con mèo nhỏ.,train
cat_004.jpg,Bộ lông của chúng trông như thế nào?,Bộ lông của chúng trông rất dày và xù.,train
cat_004.jpg,Con mèo nhỏ có đang nhìn vào ống kính không?,"Không, con mèo nhỏ đang nhìn xuống dưới.",train
cat_005.jpg,Đây là loài vật nào?,Đây là một con mèo lông dài.,train
cat_005.jpg,Phần lông quanh cổ mèo có màu gì?,Phần lông quanh cổ mèo có màu trắng.,train
cat_005.jpg,Con mèo đang nằm trên bề mặt màu gì?,Con mèo đang nằm trên bề mặt màu đỏ.,train
cat_005.jpg,Con mèo có đang ngủ không?,"Không, con mèo đang mở mắt quan sát.",train
cat_006.jpg,Con vật này có đặc điểm gì nổi bật?,Con mèo có bộ lông rất xù và dày.,train
cat_006.jpg,Mắt của con mèo có màu gì?,Mắt của con mèo có màu vàng xanh.,train
cat_006.jpg,Nền của bức ảnh có màu gì?,Nền của bức ảnh có màu đen.,train
cat_006.jpg,Con mèo có tai không?,"Có, con mèo có hai cái tai vểnh lên.",train
cat_007.jpg,Có bao nhiêu con mèo trong giỏ?,Trong giỏ có năm con mèo con.,train
cat_007.jpg,Chiếc đệm lót có họa tiết gì?,Chiếc đệm lót có họa tiết hình gấu màu xanh.,train
cat_007.jpg,Các con mèo có màu sắc giống nhau không?,"Có, các con mèo đều có lông vằn xám đen.",train
cat_007.jpg,Có con mèo nào đang chạy không?,"Không, các con mèo đều đang ngồi yên.",train
cat_008.jpg,Con mèo đang nhìn về hướng nào?,Con mèo đang nhìn nghiêng lên phía trên.,train
cat_008.jpg,Lông của con mèo có màu chủ đạo là gì?,Lông của con mèo có màu xám vằn.,train
cat_008.jpg,Con mèo đang ở gần vật dụng gì?,Con mèo đang ở gần trụ cào móng.,train
cat_008.jpg,Mắt mèo có mở không?,"Có, con mèo đang mở mắt rất to.",train
cat_009.jpg,Con mèo trong ảnh có màu mắt gì?,Con mèo có đôi mắt màu xanh dương.,train
cat_009.jpg,Ai đang giữ con mèo?,Một bàn tay người đang giữ con mèo.,train
cat_009.jpg,Con mèo có lông màu gì ở mũi?,Mũi của con mèo có màu hồng.,train
cat_009.jpg,Con mèo có đeo kính không?,"Không, con mèo không đeo kính.",train
cat_010.jpg,Con mèo đang nằm ở đâu?,Con mèo đang nằm trên bãi đất và cỏ.,train
cat_010.jpg,Bốn bàn chân của con mèo có màu gì?,Bốn bàn chân của con mèo có màu trắng.,train
cat_010.jpg,Đuôi của con mèo có đặc điểm gì?,Đuôi của con mèo có các vòng vằn đen.,train
cat_010.jpg,Có phải con mèo đang đứng không?,"Không, con mèo đang nằm phủ phục trên đất.",train
cat_011.jpg,Đây là con vật gì?,Đây là một con mèo nhỏ.,train
cat_011.jpg,Có bao nhiêu con mèo trong ảnh?,Trong ảnh có một con mèo.,train
cat_011.jpg,Bốn bàn chân của mèo có màu gì?,Bốn bàn chân của mèo có màu trắng.,train
cat_011.jpg,Mèo có đang nhìn vào ống kính không?,"Có, con mèo đang nhìn thẳng vào ống kính.",train
cat_012.jpg,Con mèo đang nằm trên cái gì?,Con mèo đang nằm trên một cái kệ gỗ.,train
cat_012.jpg,Nền phía sau con mèo có màu gì?,Nền phía sau con mèo có màu hồng nhạt.,train
cat_012.jpg,Lông của con mèo này dài hay ngắn?,Con mèo có bộ lông rất dài và xù.,train
cat_012.jpg,Con mèo có đang đứng không?,"Không, con mèo đang nằm thư giãn trên kệ.",train
cat_013.jpg,Màu sắc chủ đạo của con mèo là gì?,Con mèo có bộ lông màu xám xanh.,train
cat_013.jpg,Mắt của con mèo có màu gì?,Mắt của con mèo có màu vàng chanh.,train
cat_013.jpg,Bức ảnh chụp cận cảnh bộ phận nào?,Bức ảnh chụp cận cảnh khuôn mặt con mèo.,train
cat_013.jpg,Con mèo có tai không?,"Có, con mèo có hai cái tai vểnh.",train
cat_014.jpg,Con mèo đang ở trong môi trường nào?,Con mèo đang ở ngoài trời tuyết rơi.,train
cat_014.jpg,Trên đầu con mèo có dính gì không?,Trên đầu con mèo có dính nhiều hạt tuyết.,train
cat_014.jpg,Bên cạnh con mèo có vật gì?,Bên cạnh con mèo có một hình người tuyết.,train
cat_014.jpg,Con mèo có đang nhắm mắt không?,"Không, con mèo đang mở mắt nhìn lên.",train
cat_015.jpg,Con mèo đang ngồi trên vật gì?,Con mèo đang ngồi trên một gốc cây.,train
cat_015.jpg,Phía sau con mèo là phong cảnh gì?,Phía sau là rừng thông phủ đầy tuyết.,train
cat_015.jpg,Con mèo có màu lông như thế nào?,Con mèo có lông màu trắng vằn xám.,train
cat_015.jpg,Có phải trời đang nắng không?,"Không, bầu trời trông khá âm u và lạnh.",train
cat_016.jpg,Con mèo đang làm hành động gì?,Con mèo đang chạy trên tuyết.,train
cat_016.jpg,Có chữ gì xuất hiện trong ảnh không?,Phía trên ảnh có dòng chữ tiếng Ý.,train
cat_016.jpg,Tuyết trong ảnh có màu gì?,Tuyết trong ảnh có màu trắng tinh.,train
cat_016.jpg,Con mèo có đang nằm im không?,"Không, con mèo đang di chuyển rất nhanh.",train
cat_017.jpg,Đây là loài mèo gì?,Đây là một con mèo rừng.,train
cat_017.jpg,Lông của nó có họa tiết gì?,Lông của nó có nhiều đốm đen nhỏ.,train
cat_017.jpg,Con mèo đang đứng hay ngồi?,Con mèo đang ngồi trên nền tuyết.,train
cat_017.jpg,Tai của nó có túm lông không?,"Có, tai của nó có túm lông ở đỉnh.",train
cat_018.jpg,Trong ảnh có mấy con mèo?,Trong ảnh có hai con mèo.,train
cat_018.jpg,Con mèo lớn có bộ lông màu gì?,Con mèo lớn có lông màu tam thể.,train
cat_018.jpg,Trạng thái của con mèo lớn như thế nào?,Con mèo lớn đang dựng lông cảnh giác.,train
cat_018.jpg,Có con mèo nào màu đen hoàn toàn không?,"Không, không có con mèo nào màu đen.",train
cat_019.jpg,Con mèo đang đeo vật dụng gì?,Con mèo đang đeo một sợi dây dắt.,train
cat_019.jpg,Đuôi của con mèo có đặc điểm gì?,Đuôi của con mèo có các vòng vằn.,train
cat_019.jpg,Con mèo đang giơ bộ phận nào lên?,Con mèo đang giơ một chân trước lên.,train
cat_019.jpg,Mặt đất có phủ tuyết không?,"Có, mặt đất phủ một lớp tuyết mỏng.",train
cat_020.jpg,Con mèo đang ngồi ở tư thế nào?,Con mèo đang ngồi thẳng lưng trên tuyết.,train
cat_020.jpg,Đuôi của con mèo đặt ở đâu?,Đuôi của con mèo vòng qua phía trước.,train
cat_020.jpg,Màu lông của con mèo là màu gì?,Con mèo có bộ lông vằn màu nâu.,train
cat_020.jpg,Con mèo có đang nhìn xuống đất không?,"Không, con mèo đang nhìn hơi nghiêng lên.",train
cat_021.jpg,Có bao nhiêu con mèo trong ảnh?,Trong ảnh có hai con mèo con.,train
cat_021.jpg,Màu lông chủ đạo của chúng là màu gì?,Chúng có bộ lông màu vàng cam.,train
cat_021.jpg,Các con mèo đang ngồi trên cái gì?,Các con mèo đang ngồi trên một bậc thềm.,train
cat_021.jpg,Có phải cả hai con đều nhìn vào máy ảnh không?,"Không, chỉ có một con nhìn vào máy ảnh.",train
cat_022.jpg,Con mèo đang ở đâu?,Con mèo đang ở trong rừng tuyết.,train
cat_022.jpg,Con mèo có đeo phụ kiện gì không?,Con mèo đang đeo một sợi dây dắt màu đỏ.,train
cat_022.jpg,Lông của con mèo này dài hay ngắn?,Con mèo có bộ lông dài và xù.,train
cat_022.jpg,Con mèo có đang chạy không?,"Không, con mèo đang đứng yên trên tuyết.",train
cat_023.jpg,Con mèo đang làm hành động gì?,Con mèo đang chạy trên nền tuyết trắng.,train
cat_023.jpg,Đuôi của con mèo có đặc điểm gì?,Đuôi của con mèo có các vòng vằn.,train
cat_023.jpg,Tuyết trong ảnh có màu gì?,Tuyết trong bức ảnh có màu trắng.,train
cat_023.jpg,Con mèo có đang nằm không?,"Không, con mèo đang vận động rất nhanh.",train
cat_024.jpg,Bức ảnh chụp bộ phận nào của con mèo?,Bức ảnh chụp cận cảnh khuôn mặt con mèo.,train
cat_024.jpg,Mắt của con mèo có màu gì?,Con mèo có đôi mắt màu đen láy.,train
cat_024.jpg,Màu lông của nó là màu gì?,Nó có bộ lông vằn màu xám đen.,train
cat_024.jpg,Tai của con mèo có dựng đứng không?,"Có, hai tai của nó đang dựng đứng.",train
cat_025.jpg,Đây là loài vật gì?,Đây là một con mèo.,train
cat_025.jpg,Mắt của nó có màu gì?,Nó có đôi mắt màu vàng đồng.,train
cat_025.jpg,Mũi của con mèo có màu gì?,Con mèo có chiếc mũi màu hồng.,train
cat_025.jpg,Con mèo có đang mở miệng không?,"Không, con mèo đang ngậm miệng lại.",train
cat_026.jpg,Con mèo đang đứng giữa không gian nào?,Con mèo đứng giữa một cánh đồng tuyết.,train
cat_026.jpg,Bầu trời trong ảnh có màu gì?,Bầu trời trong ảnh có màu xanh dương.,train
cat_026.jpg,Phía sau con mèo có gì?,Phía sau có hàng rào và cây cối.,train
cat_026.jpg,Con mèo có đang nhìn xuống đất không?,"Không, con mèo đang nhìn thẳng về phía trước.",train
cat_027.jpg,Con mèo đang ở trong cái gì?,Con mèo đang ở trong một chiếc khay đỏ.,train
cat_027.jpg,Lông của con mèo có màu gì?,Nó có bộ lông màu trắng và vàng nhạt.,train
cat_027.jpg,Mắt của nó trông như thế nào?,Nó có đôi mắt to và tròn.,train
cat_027.jpg,Con mèo có đang ngủ không?,"Không, con mèo đang thức và nhìn thẳng.",train
cat_028.jpg,Con mèo đang ngồi trên bề mặt nào?,Con mèo đang ngồi trên nền tuyết trắng.,train
cat_028.jpg,Bộ lông của nó có họa tiết gì?,Nó có bộ lông vằn màu xám đậm.,train
cat_028.jpg,Cái đuôi của nó trông ra sao?,Nó có cái đuôi rất dài và xù.,train
cat_028.jpg,Con mèo có đang nhìn về phía máy ảnh không?,"Có, con mèo đang nhìn về phía máy ảnh.",train
cat_029.jpg,Có bao nhiêu con mèo trong bức ảnh?,Có hai con mèo trắng trong ảnh.,train
cat_029.jpg,Con mèo ở phía trước đang làm gì?,Con mèo ở phía trước đang được vuốt ve.,train
cat_029.jpg,Cái đuôi của con mèo có màu gì?,Con mèo có cái đuôi màu trắng.,train
cat_029.jpg,Có phải con mèo đang ở trong nhà không?,"Có, chúng đang ở trong một khoảng sân.",train
cat_030.jpg,Có mấy con mèo trong hình?,Trong hình có hai con mèo con.,train
cat_030.jpg,Màu sắc của hai con mèo là gì?,Một con màu xám và một con màu vàng.,train
cat_030.jpg,Chúng đang tựa vào đâu?,Chúng đang tựa vào một bức tường đá.,train
cat_030.jpg,Cả hai con mèo có đang nhìn máy ảnh không?,"Có, cả hai đều đang nhìn vào máy ảnh.",train
cat_031.jpg,Con mèo đang đi trên bề mặt nào?,Con mèo đang đi trên nền tuyết trắng.,train
cat_031.jpg,Có bao nhiêu con mèo trong ảnh?,Trong ảnh chỉ có một con mèo.,train
cat_031.jpg,Màu sắc bộ lông của mèo là gì?,Mèo có bộ lông vằn xám và trắng.,train
cat_031.jpg,Con mèo có đang nhìn về phía trước không?,"Có, con mèo đang nhìn thẳng về phía trước.",train
cat_032.jpg,Con mèo đang ngồi ở đâu?,Con mèo đang ngồi trong một chiếc chậu đất.,train
cat_032.jpg,Mắt của con mèo có màu gì?,Con mèo có đôi mắt màu xám tro.,train
cat_032.jpg,Xung quanh con mèo có những vật gì?,Xung quanh có rất nhiều chiếc chậu đất nung.,train
cat_032.jpg,Con mèo có tai không?,"Có, con mèo có hai cái tai nhỏ dựng đứng.",train
cat_033.jpg,Con mèo đang ở vị trí nào?,Con mèo đang ngồi trên cành cây phủ tuyết.,train
cat_033.jpg,Bộ lông của mèo có màu chủ đạo là gì?,Mèo có bộ lông màu đen và trắng.,train
cat_033.jpg,Bầu trời phía sau có màu gì?,Bầu trời phía sau có màu xanh dương sáng.,train
cat_033.jpg,Con mèo có đang nằm ngủ không?,"Không, con mèo đang mở mắt quan sát xung quanh.",train
cat_034.jpg,Con mèo đang mặc cái gì?,Con mèo đang mặc một chiếc áo màu đỏ.,train
cat_034.jpg,Màu lông của con mèo này là gì?,Con mèo có bộ lông dài màu trắng xám.,train
cat_034.jpg,Môi trường xung quanh mèo có gì?,Xung quanh mèo là một vùng tuyết trắng xóa.,train
cat_034.jpg,Con mèo có đang đeo dây dắt không?,"Có, con mèo đang đeo một sợi dây dắt xanh.",train
cat_035.jpg,Con mèo có màu lông như thế nào?,Con mèo có bộ lông màu xám đậm xù.,train
cat_035.jpg,Mắt của con mèo có màu gì?,Mắt của con mèo có màu vàng hổ phách.,train
cat_035.jpg,Con mèo đang ở giữa những cái gì?,Con mèo đang ở giữa các cành cây tuyết.,train
cat_035.jpg,Con mèo có đang nhìn vào ống kính không?,"Có, con mèo đang nhìn thẳng vào ống kính.",train
cat_036.jpg,Đây là bộ phận nào của con mèo?,Đây là khuôn mặt của một con mèo.,train
cat_036.jpg,Mũi của con mèo có màu gì?,Con mèo có chiếc mũi màu hồng nhạt.,train
cat_036.jpg,Ria mép của mèo trông như thế nào?,Mèo có những sợi ria mép dài và trắng.,train
cat_036.jpg,Mắt mèo có đang nhắm lại không?,"Không, mèo đang mở to hai mắt nhìn thẳng.",train
cat_037.jpg,Có bao nhiêu con mèo trong hình?,Trong hình có hai con mèo đang nằm.,train
cat_037.jpg,Người trong ảnh đang làm gì?,Người trong ảnh đang vuốt ve con mèo vàng.,train
cat_037.jpg,Màu sắc của hai con mèo là gì?,Một con màu vàng và một con màu xám.,train
cat_037.jpg,Hai con mèo có đang đứng không?,"Không, cả hai con mèo đều đang nằm yên.",train
cat_038.jpg,Con mèo đang ngồi cạnh cái gì?,Con mèo đang ngồi cạnh một tảng đá lớn.,train
cat_038.jpg,Màu lông của con mèo là màu gì?,Con mèo có bộ lông màu xám trắng xù.,train
cat_038.jpg,Bức tường phía sau có màu gì?,Bức tường phía sau mèo có màu xám.,train
cat_038.jpg,Dưới chân con mèo có tuyết không?,"Có, con mèo đang ngồi trên nền tuyết trắng.",train
cat_039.jpg,Con mèo đang ở trong môi trường nào?,Con mèo đang ở ngoài trời buổi đêm tuyết.,train
cat_039.jpg,Đuôi của con mèo có đặc điểm gì?,Đuôi của con mèo có các vòng vằn đen.,train
cat_039.jpg,Màu lông của nó là màu gì?,Nó có bộ lông vằn màu xám đen.,train
cat_039.jpg,Con mèo có đang chạy nhảy không?,"Không, con mèo đang nằm áp sát mặt tuyết.",train
cat_040.jpg,Con mèo đang làm hành động gì?,Con mèo đang dùng lưỡi liếm khối tuyết.,train
cat_040.jpg,Màu lông của con mèo này là gì?,Con mèo có bộ lông vằn màu nâu xám.,train
cat_040.jpg,Lưỡi của con mèo có màu gì?,Lưỡi của con mèo có màu hồng nhạt.,train
cat_040.jpg,Con mèo có đang mở mắt không?,"Không, con mèo đang lim dim đôi mắt lại.",train
cat_041.jpg,Con mèo đang đi trên bề mặt nào?,Con mèo đang đi trên nền tuyết trắng.,train
cat_041.jpg,Có bao nhiêu con mèo trong ảnh?,Trong ảnh chỉ có một con mèo duy nhất.,train
cat_041.jpg,Màu lông của con mèo là màu gì?,Con mèo có lông màu vằn xám và trắng.,train
cat_041.jpg,Có phải con mèo đang nhìn thẳng không?,"Có, con mèo đang nhìn thẳng về phía trước.",train
cat_042.jpg,Con mèo đang nằm ở trong vật gì?,Con mèo đang nằm trong một chiếc chậu đất.,train
cat_042.jpg,Màu mắt của con mèo là màu gì?,Con mèo có đôi mắt màu xám tro.,train
cat_042.jpg,Xung quanh con mèo có những vật gì?,Xung quanh có nhiều chiếc chậu đất nung khác.,train
cat_042.jpg,Con mèo có tai không?,"Có, con mèo có hai cái tai dựng đứng.",train
cat_043.jpg,Con mèo đang ngồi ở vị trí nào?,Con mèo đang ngồi trên một cành cây.,train
cat_043.jpg,Bộ lông của mèo có màu chủ đạo là gì?,Mèo có bộ lông màu đen và trắng.,train
cat_043.jpg,Bầu trời phía sau có màu gì?,Bầu trời phía sau có màu xanh dương sáng.,train
cat_043.jpg,Con mèo có đang nhắm mắt không?,"Không, con mèo đang mở mắt quan sát.",train
cat_044.jpg,Con mèo đang mặc trang phục gì?,Con mèo đang mặc một chiếc áo màu đỏ.,train
cat_044.jpg,Màu lông của con mèo này là gì?,Con mèo có bộ lông màu trắng xám xù.,train
cat_044.jpg,Môi trường xung quanh mèo có gì?,Xung quanh mèo là một vùng tuyết trắng.,train
cat_044.jpg,Con mèo có đang đeo dây dắt không?,"Có, con mèo đang đeo một sợi dây dắt.",train
cat_045.jpg,Con mèo có bộ lông màu gì?,Con mèo có bộ lông màu xám đậm xù.,train
cat_045.jpg,Mắt của con mèo có màu gì?,Mắt của con mèo có màu vàng hổ phách.,train
cat_045.jpg,Con mèo đang ở giữa những cái gì?,Con mèo đang ở giữa các cành cây tuyết.,train
cat_045.jpg,Con mèo có nhìn vào ống kính không?,"Có, con mèo đang nhìn thẳng vào ống kính.",train
cat_046.jpg,Bức ảnh chụp bộ phận nào của mèo?,Bức ảnh chụp cận cảnh khuôn mặt con mèo.,train
cat_046.jpg,Mũi của con mèo có màu gì?,Con mèo có chiếc mũi màu hồng nhạt.,train
cat_046.jpg,Ria mép của mèo trông như thế nào?,Con mèo có những sợi ria mép màu trắng.,train
cat_046.jpg,Mắt mèo có đang mở to không?,"Có, con mèo đang mở to đôi mắt.",train
cat_047.jpg,Có bao nhiêu con mèo trong hình?,Trong hình có hai con mèo đang nằm.,train
cat_047.jpg,Người trong ảnh đang làm hành động gì?,Người trong ảnh đang vuốt ve con mèo vàng.,train
cat_047.jpg,Màu lông của hai con mèo là gì?,Một con màu vàng và một con màu xám.,train
cat_047.jpg,Hai con mèo có đang đứng không?,"Không, cả hai con mèo đều đang nằm.",train
cat_048.jpg,Con mèo đang ngồi cạnh vật gì?,Con mèo đang ngồi cạnh một tảng đá lớn.,train
cat_048.jpg,Màu lông của con mèo là màu gì?,Con mèo có bộ lông màu xám trắng xù.,train
cat_048.jpg,Bức tường phía sau mèo có màu gì?,Bức tường phía sau mèo có màu xám.,train
cat_048.jpg,Dưới chân mèo có tuyết hay không?,"Có, con mèo đang ngồi trên nền tuyết.",train
cat_049.jpg,Con mèo đang ở trong môi trường nào?,Con mèo đang ở ngoài trời đêm có tuyết.,train
cat_049.jpg,Đuôi của con mèo có đặc điểm gì?,Đuôi của con mèo có các vòng vằn đen.,train
cat_049.jpg,Màu lông của nó là màu gì?,Nó có bộ lông vằn màu xám đen.,train
cat_049.jpg,Con mèo có đang chạy nhảy không?,"Không, con mèo đang nằm áp sát nền tuyết.",train
cat_050.jpg,Con mèo đang làm hành động gì?,Con mèo đang dùng lưỡi liếm khối tuyết.,train
cat_050.jpg,Màu lông của con mèo này là gì?,Con mèo có bộ lông vằn màu nâu xám.,train
cat_050.jpg,Lưỡi của mèo có màu gì không?,Lưỡi của con mèo có màu hồng nhạt.,train
cat_050.jpg,Con mèo có đang mở mắt không?,"Không, con mèo đang lim dim đôi mắt.",train
cat_051.jpg,Con mèo đang làm gì trên tuyết?,Con mèo đang bước đi trên nền tuyết trắng.,train
cat_051.jpg,Có bao nhiêu con mèo trong ảnh?,Trong ảnh có một con mèo duy nhất.,train
cat_051.jpg,Con mèo có lông màu gì?,Con mèo có bộ lông màu vàng nhạt.,train
cat_051.jpg,Con mèo có đang chạy không?,"Không, con mèo đang bước đi thong thả.",train
cat_052.jpg,Đây là giống mèo gì?,Đây là một con mèo Xiêm.,train
cat_052.jpg,Mắt của con mèo có màu gì?,Con mèo có đôi mắt màu xanh dương.,train
cat_052.jpg,Khuôn mặt của mèo có đặc điểm gì?,Khuôn mặt của mèo có mảng lông màu đen.,train
cat_052.jpg,Con mèo có đang nhìn thẳng không?,"Có, con mèo đang nhìn thẳng vào ống kính.",train
cat_053.jpg,Hai con mèo đang làm gì?,Hai con mèo đang vờn nhau trên tuyết.,train
cat_053.jpg,Màu sắc của hai con mèo là gì?,Một con màu đen trắng và một con vằn.,train
cat_053.jpg,Tuyết trong ảnh có màu gì?,Tuyết trong ảnh có màu trắng xóa.,train
cat_053.jpg,Chúng có đang nằm ngủ không?,"Không, chúng đang đùa nghịch rất hăng hái.",train
cat_054.jpg,Con mèo có đặc điểm gì nổi bật?,Con mèo có bộ lông rất xù.,train
cat_054.jpg,Mắt của con mèo có màu gì?,Mắt của con mèo có màu vàng đồng.,train
cat_054.jpg,Màu lông của nó trông như thế nào?,Nó có bộ lông vằn màu nâu đỏ.,train
cat_054.jpg,Con mèo có đang giận dữ không?,"Không, vẻ mặt con mèo trông khá điềm tĩnh.",train
cat_055.jpg,Trạng thái của con mèo như thế nào?,Con mèo đang há miệng gầm gừ.,train
cat_055.jpg,Mắt của con mèo có màu gì?,Con mèo có đôi mắt màu xanh lá.,train
cat_055.jpg,Bạn có thấy răng của nó không?,Tôi có thấy những chiếc răng sắc nhọn.,train
cat_055.jpg,Con mèo có đang vui vẻ không?,"Không, con mèo trông đang rất giận dữ.",train
cat_056.jpg,Con mèo trắng đang làm gì?,Con mèo trắng đang há miệng kêu.,train
cat_056.jpg,Màu mắt của con mèo là gì?,Con mèo có đôi mắt màu xanh dương.,train
cat_056.jpg,Mũi của nó có màu gì?,Con mèo có chiếc mũi màu hồng.,train
cat_056.jpg,Con mèo có lông màu đen không?,"Không, toàn thân con mèo có màu trắng.",train
cat_057.jpg,Người trong ảnh đang cầm cái gì?,Người đó đang cầm một mẩu giấy vẽ.,train
cat_057.jpg,Hình vẽ trên giấy là gì?,Hình vẽ là một nụ cười răng thỏ.,train
cat_057.jpg,Con mèo có lông màu gì?,Con mèo có bộ lông màu vàng gừng.,train
cat_057.jpg,Con mèo có đang tự cười không?,"Không, nụ cười là do mẩu giấy tạo ra.",train
cat_058.jpg,Con mèo con có đặc điểm gì lạ?,Khuôn mặt nó có hai màu chia đôi.,train
cat_058.jpg,Ai đang bế con mèo?,Một người mặc áo xanh đang bế nó.,train
cat_058.jpg,Màu lông của mèo gồm những màu nào?,Lông nó gồm màu đen vàng và trắng.,train
cat_058.jpg,Con mèo có đang đứng dưới đất không?,"Không, con mèo đang được bế trên tay.",train
cat_059.jpg,Con mèo này có bộ lông màu gì?,Nó có bộ lông dài màu trắng xám.,train
cat_059.jpg,Mắt của con mèo có màu gì?,Con mèo có đôi mắt màu xanh lục.,train
cat_059.jpg,Nền phía sau có màu gì?,Nền phía sau có màu nâu đỏ.,train
cat_059.jpg,Con mèo có ria mép không?,"Có, nó có những sợi ria mép dài.",train
cat_060.jpg,Con mèo đang ở tư thế nào?,Con mèo đang ngồi thẳng rất nghiêm túc.,train
cat_060.jpg,Lông của nó có họa tiết gì?,Nó có bộ lông vằn màu nâu đen.,train
cat_060.jpg,Tai của con mèo trông như thế nào?,Tai của con mèo to và dựng đứng.,train
cat_060.jpg,Nền của bức ảnh có màu gì?,"Bức ảnh có nền màu trắng tinh.",train
cat_061.jpg,Con vật trong ảnh là con gì?,Đây là một con mèo tam thể.,train
cat_061.jpg,Con mèo đang nhìn về hướng nào?,Con mèo đang nhìn về phía bên trái.,train
cat_061.jpg,Nền của bức ảnh có màu gì?,Bức ảnh này có nền màu trắng.,train
cat_061.jpg,Con mèo có ria mép không?,"Có, con mèo có bộ ria mép dài màu trắng.",train
cat_062.jpg,Đây là giống mèo gì?,Đây là một con mèo tai cụp.,train
cat_062.jpg,Mắt của con mèo có màu gì?,Mắt của con mèo có màu vàng cam.,train
cat_062.jpg,Bộ lông của mèo có màu chủ đạo là gì?,Con mèo có bộ lông màu xám tro.,train
cat_062.jpg,Con mèo có đang nhìn thẳng không?,"Có, con mèo đang nhìn thẳng vào máy ảnh.",train
cat_063.jpg,Con mèo đang làm gì?,Con mèo đang nằm ngủ trên gấu bông.,train
cat_063.jpg,Con mèo đang ôm vật gì?,Con mèo đang ôm một con gấu bông.,train
cat_063.jpg,Lông của con mèo có họa tiết gì?,Con mèo có bộ lông vằn xám.,train
cat_063.jpg,Con mèo có đang mở mắt không?,"Không, con mèo đang nhắm mắt ngủ ngon.",train
cat_064.jpg,Bức ảnh có màu sắc như thế nào?,Bức ảnh có màu đen và trắng.,train
cat_064.jpg,Ánh sáng trong ảnh tập trung vào đâu?,Ánh sáng tập trung vào khuôn mặt con mèo.,train
cat_064.jpg,Mắt của con mèo trông như thế nào?,Con mèo có đôi mắt rất sắc sảo.,train
cat_064.jpg,Có phải ảnh chụp toàn thân mèo không?,"Không, ảnh chỉ chụp cận cảnh mặt mèo.",train
cat_065.jpg,Con mèo đang làm hành động gì?,Con mèo đang vờn một chiếc lông vũ.,train
cat_065.jpg,Chiếc lông vũ gắn vào cái gì?,Chiếc lông vũ được gắn vào một cái que.,train
cat_065.jpg,Màu sắc của bức ảnh là gì?,Bức ảnh này có màu đen trắng.,train
cat_065.jpg,Con mèo có đang há miệng không?,"Có, con mèo đang há miệng định ngoạm.",train
cat_066.jpg,Có những con vật nào trong ảnh?,Trong ảnh có một con chó và một con mèo.,train
cat_066.jpg,Con chó đang làm gì con mèo?,Con chó đang ngửi tai của con mèo.,train
cat_066.jpg,Con mèo đang ở trạng thái nào?,Con mèo đang lim dim đôi mắt.,train
cat_066.jpg,Hai con vật có màu giống nhau không?,"Không, con chó màu nâu và mèo màu xám.",train
cat_067.jpg,Đây là giống mèo nào?,Đây là một con mèo Xiêm.,train
cat_067.jpg,Đôi mắt của con mèo có màu gì?,Đôi mắt của con mèo có màu xanh dương.,train
cat_067.jpg,Mảng lông ở mặt mèo có màu gì?,Mảng lông ở mặt mèo có màu nâu đen.,train
cat_067.jpg,Con mèo có đang nhìn xuống không?,"Không, con mèo đang nhìn ngang sang bên.",train
cat_068.jpg,Con mèo đang làm gì với chiếc lưỡi?,Con mèo đang thè chiếc lưỡi nhỏ ra.,train
cat_068.jpg,Mắt của con mèo có màu gì?,Con mèo có đôi mắt màu cam tròn.,train
cat_068.jpg,Con mèo đang ngồi trên cái gì?,Con mèo đang ngồi trên một chiếc ghế.,train
cat_068.jpg,Tai của con mèo có dựng đứng không?,"Không, con mèo này có đôi tai cụp.",train
cat_069.jpg,Con mèo đang ngồi trên bề mặt nào?,Con mèo đang ngồi trên sàn gỗ.,train
cat_069.jpg,Cái đuôi của con mèo có màu gì?,Cái đuôi của con mèo có màu đen.,train
cat_069.jpg,Màu lông toàn thân của mèo là màu gì?,Toàn thân mèo có màu trắng xám.,train
cat_069.jpg,Con mèo có đang nằm không?,"Không, con mèo đang ngồi rất ngay ngắn.",train
cat_070.jpg,Con mèo đang ở đâu?,Con mèo đang ở trên bãi cỏ xanh.,train
cat_070.jpg,Con mèo đang đeo cái gì?,Con mèo đang đeo một bộ dây dắt.,train
cat_070.jpg,Con mèo đang nhìn về hướng nào?,Con mèo đang nhìn về phía bên phải.,train
cat_070.jpg,Cỏ trong ảnh có màu gì?,"Có, cỏ trong ảnh có màu xanh lá.",train
cat_071.jpg,Con mèo đang ở tư thế nào?,Con mèo đang nằm ngửa bụng lên trời.,train
cat_071.jpg,Có bao nhiêu con mèo trong ảnh?,Trong ảnh chỉ có một con mèo duy nhất.,train
cat_071.jpg,Màu lông của con mèo là màu gì?,Con mèo có bộ lông vằn xám và trắng.,train
cat_071.jpg,Con mèo có đang nhìn vào máy ảnh không?,"Có, con mèo đang nhìn thẳng vào máy ảnh.",train
cat_072.jpg,Màu mắt của con mèo là màu gì?,Con mèo có đôi mắt màu xanh ngọc.,train
cat_072.jpg,Lông của con mèo có màu gì?,Con mèo có bộ lông màu vàng cam.,train
cat_072.jpg,Đây là ảnh chụp bộ phận nào?,Đây là ảnh chụp cận cảnh mặt con mèo.,train
cat_072.jpg,Con mèo có đang há miệng không?,"Không, con mèo đang ngậm miệng rất nghiêm túc.",train
cat_073.jpg,Con mèo đang làm gì?,Con mèo đang nằm ngủ trên thảm.,train
cat_073.jpg,Có cái gì đang chạm vào mũi con mèo?,Một ngón tay người đang chạm vào mũi nó.,train
cat_073.jpg,Có chữ gì xuất hiện trong ảnh không?,Trong ảnh có dòng chữ tiếng Anh là morning.,train
cat_073.jpg,Con mèo có đang mở mắt không?,"Không, con mèo đang nhắm mắt ngủ rất say.",train
cat_074.jpg,Có bao nhiêu con mèo trong hình?,Trong hình có ba con mèo đang ngồi.,train
cat_074.jpg,Màu lông của những con mèo này là gì?,Chúng có bộ lông màu vàng cát nhạt.,train
cat_074.jpg,Chúng đang nhìn về hướng nào?,Cả ba con mèo đều đang nhìn lên trên.,train
cat_074.jpg,Có con mèo nào đang nằm không?,"Không, cả ba con mèo đều đang ngồi.",train
cat_075.jpg,Đây là giống mèo gì?,Đây là một con mèo tai cụp.,train
cat_075.jpg,Màu mắt của con mèo là màu gì?,Con mèo có đôi mắt màu vàng hổ phách.,train
cat_075.jpg,Lông của nó có họa tiết gì?,Nó có bộ lông vằn màu xám đậm.,train
cat_075.jpg,Con mèo có đang sợ hãi không?,"Có, đôi mắt nó mở to trông khá lo lắng.",train
cat_076.jpg,Hai con mèo đang làm hành động gì?,Hai con mèo đang âu yếm tựa vào nhau.,train
cat_076.jpg,Chúng đang ngồi trên cái gì?,Chúng đang ngồi trên một chiếc đệm hoa.,train
cat_076.jpg,Màu sắc của hai con mèo là gì?,Một con màu nâu vằn và một con vàng.,train
cat_076.jpg,Có phải chúng đang ở ngoài trời không?,"Không, chúng đang ở trong một căn phòng.",train
cat_077.jpg,Có chữ gì xuất hiện trên bức ảnh?,Có dòng chữ hỏi về việc bị hỏng.,train
cat_077.jpg,Con mèo trong ảnh có màu lông gì?,Con mèo có bộ lông vằn màu xám.,train
cat_077.jpg,Biểu cảm của con mèo như thế nào?,Con mèo có biểu cảm rất đáng thương.,train
cat_077.jpg,Con mèo có đang đeo vòng cổ không?,"Có, con mèo có đeo một chiếc vòng cổ.",train
cat_078.jpg,Bức ảnh chụp bộ phận nào của mèo?,Bức ảnh chụp cận cảnh đôi mắt và mũi.,train
cat_078.jpg,Mắt của con mèo có màu gì?,Con mèo có đôi mắt màu xanh dương.,train
cat_078.jpg,Mũi của con mèo có màu gì?,Con mèo có chiếc mũi nhỏ màu hồng.,train
cat_078.jpg,Lông quanh mắt mèo có màu gì?,"Có, lông quanh mắt mèo có màu xám trắng.",train
cat_079.jpg,Màu mắt của con mèo này là màu gì?,Con mèo có đôi mắt màu vàng đồng.,train
cat_079.jpg,Lông của con mèo có đặc điểm gì?,Con mèo có bộ lông vằn rất dày.,train
cat_079.jpg,Đây là ảnh chụp toàn thân hay cận cảnh?,Đây là ảnh chụp cận cảnh một nửa mặt.,train
cat_079.jpg,Con mèo có ria mép không?,"Có, con mèo có những sợi ria mép dài.",train
cat_080.jpg,Hai con mèo con đang làm gì?,Hai con mèo con đang đùa nghịch nhau.,train
cat_080.jpg,Con mèo bên trái đang ở tư thế nào?,Con mèo bên trái đang nhảy lên cao.,train
cat_080.jpg,Chúng đang ở trong môi trường nào?,Chúng đang ở trên một bãi cỏ xanh.,train
cat_080.jpg,Có phải chúng đang đứng trên khúc gỗ không?,"Có, một con đang đứng trên khúc gỗ.",train
cat_081.jpg,Có bao nhiêu con mèo trong ảnh?,Trong ảnh có hai con mèo con.,train
cat_081.jpg,Màu lông của hai con mèo là gì?,Một con màu đen và một con vằn xám.,train
cat_081.jpg,Chúng đang ngồi ở đâu?,Chúng đang ngồi trong một không gian tối.,train
cat_081.jpg,Có con mèo nào đang nhìn đi chỗ khác không?,"Không, cả hai đều đang nhìn thẳng.",train
cat_082.jpg,Con mèo đang mặc cái gì?,Con mèo đang mặc một chiếc áo khoác đỏ.,train
cat_082.jpg,Màu lông của con mèo là màu gì?,Con mèo có bộ lông màu trắng xù.,train
cat_082.jpg,Mắt của con mèo có màu gì?,Con mèo có đôi mắt màu xanh dương.,train
cat_082.jpg,Con mèo có đang đội mũ không?,"Có, con mèo đang đội mũ của áo khoác.",train
cat_083.jpg,Đây là ảnh chụp bộ phận nào?,Đây là ảnh chụp cận cảnh mặt mèo.,train
cat_083.jpg,Lông của con mèo có màu gì?,Con mèo có bộ lông màu vàng cam.,train
cat_083.jpg,Mắt của con mèo trông như thế nào?,Con mèo có đôi mắt to màu xanh.,train
cat_083.jpg,Con mèo có đang há miệng không?,"Không, con mèo đang ngậm miệng lại.",train
cat_084.jpg,Mắt của con mèo có màu gì?,Mắt của con mèo có màu xanh lá.,train
cat_084.jpg,Lông của con mèo có họa tiết gì?,Con mèo có bộ lông vằn màu nâu.,train
cat_084.jpg,Đây là ảnh chụp góc độ nào?,Đây là ảnh chụp nghiêng mặt con mèo.,train
cat_084.jpg,Con mèo có ria mép không?,"Có, con mèo có bộ ria mép trắng.",train
cat_085.jpg,Con mèo đang ở đâu?,Con mèo đang bước đi trên cỏ xanh.,train
cat_085.jpg,Màu lông của con mèo là màu gì?,Con mèo có bộ lông màu đen tuyền.,train
cat_085.jpg,Đuôi của con mèo đang ở tư thế nào?,Đuôi của con mèo đang dựng thẳng đứng.,train
cat_085.jpg,Con mèo có đi tất trắng không?,"Có, hai bàn chân trước của nó màu trắng.",train
cat_086.jpg,Mắt của con mèo có màu gì?,Con mèo có đôi mắt màu xanh lá.,train
cat_086.jpg,Phần lông ở cổ có màu gì?,Phần lông ở cổ mèo có màu trắng.,train
cat_086.jpg,Con mèo đang nằm hay đứng?,Con mèo đang nằm trên một bề mặt gỗ.,train
cat_086.jpg,Mũi của con mèo có màu đen không?,"Không, con mèo có chiếc mũi màu hồng.",train
cat_087.jpg,Con mèo đang ở tư thế nào?,Con mèo đang nằm cuộn tròn một bên.,train
cat_087.jpg,Lông của nó có màu gì?,Nó có bộ lông vằn xám và trắng.,train
cat_087.jpg,Nền phía sau có màu gì?,Nền phía sau có màu trắng tinh.,train
cat_087.jpg,Con mèo có đang nhìn vào máy ảnh không?,"Có, con mèo đang nhìn về phía máy ảnh.",train
cat_088.jpg,Có bao nhiêu con mèo trong ảnh?,Trong ảnh có hai con mèo con.,train
cat_088.jpg,Màu lông của chúng là màu gì?,Chúng có bộ lông màu trắng kem xù.,train
cat_088.jpg,Mắt của chúng có màu gì?,Cả hai con mèo đều có mắt xanh.,train
cat_088.jpg,Chúng có đang đùa nghịch không?,"Không, hai con mèo đang ngồi yên cạnh nhau.",train
cat_089.jpg,Có bao nhiêu con mèo trong hình?,Trong hình có ba con mèo đang ngồi.,train
cat_089.jpg,Màu sắc lông của chúng là gì?,Chúng đều có bộ lông vằn xám trắng.,train
cat_089.jpg,Chúng đang ngồi trên cái gì?,Chúng đang ngồi trên những tấm gỗ cũ.,train
cat_089.jpg,Cả ba con có nhìn cùng hướng không?,"Có, cả ba đều nhìn thẳng về phía trước.",train
cat_090.jpg,Màu lông chủ đạo của mèo là gì?,Màu lông chủ đạo là màu vàng cam.,train
cat_090.jpg,Mắt của con mèo có màu gì?,Con mèo có đôi mắt màu xanh lá.,train
cat_090.jpg,Phần lông ở ngực có màu gì?,Phần lông ở ngực mèo có màu trắng.,train
cat_090.jpg,Con mèo có đang cười không?,"Có, con mèo trông như đang mỉm cười.",train
cat_091.jpg,Có bao nhiêu con mèo trong ảnh?,Trong ảnh có hai con mèo.,train
cat_091.jpg,Con mèo bên trái có màu lông gì?,Con mèo bên trái có bộ lông màu trắng.,train
cat_091.jpg,Chúng đang nhìn về hướng nào?,Cả hai con mèo đều nhìn về phía bên phải.,train
cat_091.jpg,Có phải con mèo bên phải màu đen không?,"Không, con mèo bên phải có bộ lông màu vàng.",train
cat_092.jpg,Hai con mèo đang ở đâu?,Hai con mèo đang ở giữa cánh đồng hoa.,train
cat_092.jpg,Hoa trong ảnh có màu gì?,Những bông hoa trong ảnh có màu vàng.,train
cat_092.jpg,Bộ lông của chúng có đặc điểm gì?,Chúng đều có bộ lông mèo tam thể.,train
cat_092.jpg,Chúng có đang chạy nhảy không?,"Không, hai con mèo đang ngồi yên giữa bãi hoa.",train
cat_093.jpg,Có bao nhiêu con mèo trong hình?,Trong hình có hai con mèo con.,train
cat_093.jpg,Chúng đang ngồi ở vị trí nào?,Chúng đang ngồi ở trên bậu cửa sổ.,train
cat_093.jpg,Màu lông của hai con mèo là gì?,Chúng có bộ lông vằn xám đen.,train
cat_093.jpg,Cả hai có đang nhìn lên trên không?,"Có, cả hai con mèo đều đang nhìn lên cao.",train
cat_094.jpg,Đây là ảnh chụp bộ phận nào?,Đây là ảnh chụp cận cảnh mặt hai con mèo.,train
cat_094.jpg,Mắt của chúng có màu gì?,Hai con mèo đều có đôi mắt màu đen.,train
cat_094.jpg,Con mèo bên phải đeo cái gì?,Con mèo bên phải đeo một chiếc vòng cổ đỏ.,train
cat_094.jpg,Chúng có đang nhắm mắt không?,"Không, cả hai con mèo đều đang mở to mắt.",train
cat_095.jpg,Con mèo đang làm hành động gì?,Con mèo đang chạy trên thảm cỏ xanh.,train
cat_095.jpg,Đuôi của con mèo đang ở tư thế nào?,Cái đuôi của con mèo đang dựng thẳng đứng.,train
cat_095.jpg,Bộ lông của con mèo có màu gì?,Con mèo có bộ lông màu vàng trắng.,train
cat_095.jpg,Con mèo có đang nằm im không?,"Không, con mèo đang vận động rất nhanh.",train
cat_096.jpg,Con mèo trong ảnh có màu lông gì?,Con mèo có bộ lông màu vàng cam xù.,train
cat_096.jpg,Mắt của con mèo có màu gì?,Con mèo có đôi mắt màu xanh lá nhạt.,train
cat_096.jpg,Nền phía sau con mèo có màu gì?,Nền phía sau con mèo có màu trắng xanh.,train
cat_096.jpg,Con mèo có đang nhìn thẳng không?,"Có, con mèo đang nhìn thẳng về phía trước.",train
cat_097.jpg,Có bao nhiêu con mèo trong bức ảnh?,Trong bức ảnh có hai con mèo.,train
cat_097.jpg,Chúng có màu lông như thế nào?,Chúng đều có bộ lông màu vàng trắng.,train
cat_097.jpg,Phía sau chúng có những gì?,Phía sau có nhiều tán lá cây xanh mướt.,train
cat_097.jpg,Hai con mèo có đang đứng không?,"Không, cả hai con mèo đều đang ngồi.",train
cat_098.jpg,Hai con mèo đang ở trong cái gì?,Hai con mèo đang ở trong một chiếc giỏ.,train
cat_098.jpg,Bộ lông của chúng trông như thế nào?,Chúng có bộ lông rất xù và dày.,train
cat_098.jpg,Màu sắc chủ đạo của chúng là gì?,Màu lông chủ đạo của chúng là màu vàng.,train
cat_098.jpg,Mắt của chúng có mở không?,"Có, cả hai đều đang mở mắt nhìn thẳng.",train
cat_099.jpg,Màu mắt của con mèo là màu gì?,Con mèo có đôi mắt màu xanh ngọc.,train
cat_099.jpg,Lông của con mèo có họa tiết gì?,Con mèo có bộ lông mịn màu xám nâu.,train
cat_099.jpg,Con mèo có ria mép không?,Con mèo có bộ ria mép màu trắng dài.,train
cat_099.jpg,Con mèo có đang giận dữ không?,"Không, vẻ mặt con mèo trông rất điềm tĩnh.",train
cat_100.jpg,Hai con mèo đang làm gì nhau?,Con mèo vàng đang liếm tai con mèo vằn.,train
cat_100.jpg,Con mèo bên trái có màu lông gì?,Con mèo bên trái có bộ lông vằn xám.,train
cat_100.jpg,Trạng thái của con mèo vằn như thế nào?,Con mèo vằn đang nhắm mắt tận hưởng.,train
cat_100.jpg,Con mèo vàng có đang đứng không?,"Không, cả hai con mèo đều đang ngồi sát nhau.",train
cow_001.jpg,Con vật trong ảnh là con gì?,Đây là một con bò.,train
cow_001.jpg,Có bao nhiêu con bò trong ảnh?,Có hai con bò trong ảnh.,train
cow_001.jpg,Con bò phía trước có màu gì?,Con bò có màu nâu và trắng.,train
cow_001.jpg,Con bò có đang ăn cỏ không?,"Có, con bò đang ăn cỏ.",train
cow_002.jpg,Con bò đang đứng ở đâu?,Con bò đang đứng trên bãi cỏ.,train
cow_002.jpg,Con bò có màu đen phải không?,"Không, con bò có màu nâu và trắng.",train
cow_002.jpg,Con vật này có sừng không?,"Có, con bò này có sừng.",train
cow_002.jpg,Có mấy con bò xuất hiện rõ ràng?,Có một con bò xuất hiện rõ.,train
cow_003.jpg,Con bò này có màu gì?,Con bò này có màu trắng.,train
cow_003.jpg,Trên đầu con bò có buộc vật gì?,Trên đầu bò có sợi dây đỏ.,train
cow_003.jpg,Con bò có đeo thẻ ở tai không?,"Có, con bò có đeo thẻ tai.",train
cow_003.jpg,Có bao nhiêu cái sừng trên đầu bò?,Có hai cái sừng trên đầu bò.,train
cow_004.jpg,Ai đang đứng cạnh con bò?,Một người phụ nữ đứng cạnh con bò.,train
cow_004.jpg,Bầu vú của con bò có to không?,"Có, bầu vú của nó rất to.",train
cow_004.jpg,Áo của người phụ nữ màu gì?,Áo của người phụ nữ màu trắng.,train
cow_004.jpg,Có bao nhiêu người trong bức ảnh này?,Có một người trong bức ảnh này.,train
cow_005.jpg,Bức ảnh được chụp ở bối cảnh nào?,Bức ảnh được chụp cạnh một hồ nước.,train
cow_005.jpg,Có người nào đang ngồi gần hồ không?,"Có, một vài người đang ngồi gần hồ.",train
cow_005.jpg,Có mấy con bò đang gặm cỏ?,Có hai con bò đang gặm cỏ.,train
cow_005.jpg,Bầu trời trong ảnh có màu gì?,Bầu trời trong ảnh có màu xanh.,train
cow_006.jpg,Đàn bò trong ảnh chủ yếu màu gì?,Đàn bò trong ảnh chủ yếu màu trắng.,train
cow_006.jpg,Có bao nhiêu con bò con ở phía trước?,Có sáu con bò con đứng phía trước.,train
cow_006.jpg,Đàn bò có đang ở ngoài đồng không?,"Không, đàn bò đang ở trong chuồng trại.",train
cow_006.jpg,Các con vật đang đứng trên nền gì?,Chúng đang đứng trên nền đất nâu.,train
cow_007.jpg,Các con bò đang làm gì?,Chúng đang thò đầu qua rào chắn.,train
cow_007.jpg,Có nhiều hơn ba con bò trong ảnh không?,"Có, có nhiều hơn ba con bò.",train
cow_007.jpg,Thẻ đeo tai của những con bò màu gì?,Thẻ đeo tai của chúng có màu vàng.,train
cow_007.jpg,Chuồng bò được làm bằng chất liệu gì?,Chuồng bò được làm bằng kim loại.,train
cow_008.jpg,Con bò này có những màu nào?,Con bò này có màu trắng và đen.,train
cow_008.jpg,Con bò này có gầy không?,"Không, con bò này rất béo tròn.",train
cow_008.jpg,Con bò đang nhìn về hướng nào?,Con bò đang nhìn thẳng về phía trước.,train
cow_008.jpg,Con bò có bao nhiêu cái chân?,Con bò có bốn cái chân.,train
cow_009.jpg,Người đàn ông đang dắt con vật gì?,Người đàn ông đang dắt một con bò.,train
cow_009.jpg,Người đàn ông có đội mũ không?,"Có, người đàn ông có đội mũ.",train
cow_009.jpg,Con bò đang được dắt có màu gì?,Con bò đang được dắt màu xám nâu.,train
cow_009.jpg,Có mấy người đang đứng ở phía sau?,Có bốn người đang đứng phía sau.,train
cow_010.jpg,Con vật trong ảnh có màu gì?,Con vật này có màu nâu đỏ.,train
cow_010.jpg,Con bò này có cơ bắp không?,"Có, con bò này rất cơ bắp.",train
cow_010.jpg,Đằng sau con bò có gì?,Đằng sau con bò có nhiều cây cối.,train
cow_010.jpg,Có bao nhiêu con bò trong ảnh này?,Có một con bò trong bức ảnh này.,train
cow_011.jpg,Con vật trong ảnh là con gì?,Đây là một con bò.,train
cow_011.jpg,Có bao nhiêu con bò trong ảnh?,Có một con bò trong ảnh.,train
cow_011.jpg,Con bò này có màu đen phải không?,"Không, con bò này có màu trắng.",train
cow_011.jpg,Con bò đang đứng ở đâu?,Con bò đang đứng trên bãi cỏ.,train
cow_012.jpg,Bức ảnh chụp con vật nào?,Bức ảnh chụp một con bò.,train
cow_012.jpg,Con bò có những màu gì?,Con bò có màu nâu và trắng.,train
cow_012.jpg,Có hai con bò trong ảnh phải không?,"Không, chỉ có một con bò.",train
cow_012.jpg,Con bò đang làm gì?,Con bò đang đứng trên thảm cỏ.,train
cow_013.jpg,Những con vật này là gì?,Những con vật này là bò.,train
cow_013.jpg,Những con bò này có màu nâu không?,"Có, những con bò có màu nâu.",train
cow_013.jpg,Đàn bò đang làm gì?,Đàn bò đang ăn cỏ trên đồng.,train
cow_013.jpg,Phía sau đàn bò có gì?,Phía sau đàn bò có rừng cây.,train
cow_014.jpg,Trong ảnh có động vật nào?,Trong ảnh có những con bò.,train
cow_014.jpg,Có tổng cộng bao nhiêu con bò?,Có tổng cộng bốn con bò.,train
cow_014.jpg,Những con bò chủ yếu có màu gì?,Những con bò chủ yếu màu trắng.,train
cow_014.jpg,Đàn bò đang ở trên đồi cỏ đúng không?,"Có, đàn bò đang ở trên đồi.",train
cow_015.jpg,Con vật đang nhìn ống kính là gì?,Nó là một con bò.,train
cow_015.jpg,Trên tai con bò có gắn gì?,Tai con bò có gắn thẻ vàng.,train
cow_015.jpg,Mũi của con bò có màu đen không?,"Có, mũi của nó có màu đen.",train
cow_015.jpg,Con bò có mấy cái tai?,Con bò có hai cái tai.,train
cow_016.jpg,Con vật trong hình là con gì?,Đây là một con bò.,train
cow_016.jpg,Lông con bò có màu gì?,Lông con bò có màu nâu nhạt.,train
cow_016.jpg,Bầu trời có xuất hiện trong ảnh không?,"Không, bầu trời không xuất hiện.",train
cow_016.jpg,Con bò đang đứng ở khu vực nào?,Con bò đứng ở đồng cỏ xanh.,train
cow_017.jpg,Con vật đang cúi xuống làm gì?,Con bò đang cúi xuống ăn cỏ.,train
cow_017.jpg,Phần đầu của con bò có màu gì?,Phần đầu của nó có màu trắng.,train
cow_017.jpg,Có bao nhiêu con bò trong hình?,Chỉ có một con bò trong hình.,train
cow_017.jpg,Bức ảnh được chụp vào ban đêm phải không?,"Không, bức ảnh chụp vào ban ngày.",train
cow_018.jpg,Phía sau đồng cỏ có công trình gì?,Phía sau có một tòa nhà lớn.,train
cow_018.jpg,Những con bò phía trước có màu gì?,Chúng có màu nâu pha đốm trắng.,train
cow_018.jpg,Những con bò có đang chạy không?,"Không, những con bò đang ăn cỏ.",train
cow_018.jpg,Cảnh quan phía xa trong bức ảnh là gì?,Phía xa là những ngọn núi.,train
cow_019.jpg,Trong ảnh có những con vật gì?,Trong ảnh có những con bò.,train
cow_019.jpg,Có tất cả bao nhiêu con bò đen?,Có tất cả năm con bò.,train
cow_019.jpg,Những con bò này có màu trắng không?,"Không, những con bò có màu đen.",train
cow_019.jpg,Đàn bò đang hoạt động gì?,Đàn bò đang gặm cỏ quanh cây.,train
cow_020.jpg,Con vật chính trong khung hình là gì?,Nó là một con bò.,train
cow_020.jpg,Dưới chân những con bò là gì?,Dưới chân chúng là nền đất bùn.,train
cow_020.jpg,Lông của con bò gần nhất màu gì?,Lông của nó có màu trắng.,train
cow_020.jpg,Con bò gần nhất có đeo thẻ tai không?,"Có, nó có đeo thẻ ở tai.",train
cow_021.jpg,Con vật trong ảnh là con gì?,Đây là một con bò.,train
cow_021.jpg,Con bò có màu gì?,Con bò có màu trắng và đen.,train
cow_021.jpg,Bầu trời trong ảnh có màu xanh không?,"Có, bầu trời trong ảnh có màu xanh.",train
cow_021.jpg,Có bao nhiêu con bò trong ảnh?,Bức ảnh chụp một con bò.,train
cow_022.jpg,Đây là bò thật hay bức tượng?,Đây là một bức tượng con bò.,train
cow_022.jpg,Bức tượng bò có màu chủ đạo là gì?,Bức tượng có màu xanh lá cây.,train
cow_022.jpg,Trên thân bò có hình bông hoa không?,"Có, thân bò có hình bông hoa.",train
cow_022.jpg,Có bao nhiêu chân bò có màu cam?,Bức tượng có một chiếc chân màu cam.,train
cow_023.jpg,Động vật trong hình là con gì?,Đó là một con bò đực.,train
cow_023.jpg,Lông của con bò có màu gì?,Lông con bò có màu nâu và trắng.,train
cow_023.jpg,Con bò có đang nằm trên cỏ không?,"Không, con bò đang đứng trên bãi cỏ.",train
cow_023.jpg,Có bao nhiêu con bò trong khung hình?,Khung hình chỉ có một con bò.,train
cow_024.jpg,Những con vật này là con gì?,Chúng là những con bò.,train
cow_024.jpg,Đầu của con bò bên trái có màu gì?,Đầu con bò đó có màu nâu.,train
cow_024.jpg,Các con bò có đứng cùng một chỗ không?,"Không, chúng đang đứng ở nhiều vị trí.",train
cow_024.jpg,Bức ảnh có tổng cộng bao nhiêu con bò?,Bức ảnh có tổng cộng ba con bò.,train
cow_025.jpg,Động vật trong ảnh là gì?,Đó là một con bò đang ăn cỏ.,train
cow_025.jpg,Phần đầu của con bò có màu gì?,Phần đầu của con bò có màu trắng.,train
cow_025.jpg,Con bò có đang nhìn vào ống kính không?,"Không, con bò đang cúi xuống ăn cỏ.",train
cow_025.jpg,Có bao nhiêu con bò đang ăn cỏ?,Bức ảnh chụp một con bò ăn cỏ.,train
cow_026.jpg,Con vật có đeo vật gì ở cổ?,Con bò có đeo một chiếc chuông.,train
cow_026.jpg,Lông của con bò này có màu gì?,Lông của con bò này có màu nâu.,train
cow_026.jpg,Con bò này có sừng không?,"Có, con bò này có hai chiếc sừng.",train
cow_026.jpg,Có bao nhiêu chiếc chuông trên cổ bò?,Con bò đeo một chiếc chuông lớn.,train
cow_027.jpg,Nơi các con bò đang nằm là đâu?,Chúng đang nằm trong một chuồng trại.,train
cow_027.jpg,Những con bò này chủ yếu có màu gì?,Những con bò chủ yếu có màu nâu.,train
cow_027.jpg,Những con bò này có đang đứng không?,"Không, những con bò đang nằm nghỉ ngơi.",train
cow_027.jpg,Có bao nhiêu con bò nằm rõ ở phía trước?,Chuồng có bốn con bò nằm phía trước.,train
cow_028.jpg,Đây là loài động vật nào?,Đây là một con bò màu nâu.,train
cow_028.jpg,Thẻ đeo trên tai bò có màu gì?,Thẻ đeo trên tai có màu vàng.,train
cow_028.jpg,Con bò có đeo chuông ở cổ không?,"Có, con bò có đeo một chiếc chuông.",train
cow_028.jpg,Có bao nhiêu chiếc thẻ trên tai phải?,Tai phải có một chiếc thẻ màu vàng.,train
cow_029.jpg,Động vật chính trong ảnh là con gì?,Động vật chính là một con bò.,train
cow_029.jpg,Những bông hoa trên đồng cỏ có màu gì?,Những bông hoa cỏ có màu vàng.,train
cow_029.jpg,Con bò này có cặp sừng dài không?,"Có, con bò có cặp sừng rất dài.",train
cow_029.jpg,Có bao nhiêu con bò xuất hiện rõ ràng?,Chỉ một con bò xuất hiện rõ ràng.,train
cow_030.jpg,Những con vật trong ảnh là gì?,Chúng là hai con bê con lông xù.,train
cow_030.jpg,Mũi của chúng có màu gì?,Mũi của những con bê có màu đen.,train
cow_030.jpg,Lông của những con vật này có mượt không?,"Không, lông của chúng trông rất xoăn xù.",train
cow_030.jpg,Trong ảnh có bao nhiêu con vật?,Bức ảnh chụp hai con bê con.,train
cow_031.jpg,Con vật trong ảnh là gì?,Đây là một con bò.,train
cow_031.jpg,Con bò có màu gì?,Con bò có màu nâu.,train
cow_031.jpg,Có bao nhiêu con bò trong ảnh?,Có một con bò trong ảnh.,train
cow_031.jpg,Con bò này có sừng không?,"Có, con bò này có sừng.",train
cow_032.jpg,Con vật này là gì?,Đây là một con bê.,train
cow_032.jpg,Lông của con bê màu gì?,Lông con bê màu nâu.,train
cow_032.jpg,Có mấy con vật ở đây?,Có một con vật ở đây.,train
cow_032.jpg,Con bê đang đứng trên cỏ phải không?,"Không, con bê đứng trên đất.",train
cow_033.jpg,Con vật này là gì?,Đây là một con bò.,train
cow_033.jpg,Con bò có những màu nào?,Con bò màu nâu và trắng.,train
cow_033.jpg,Con bò đang đứng ở đâu?,Con bò đứng trên bãi cỏ.,train
cow_033.jpg,Con bò có bị buộc dây không?,"Có, con bò bị buộc dây.",train
cow_034.jpg,Trong ảnh là con vật gì?,Trong ảnh là con bò.,train
cow_034.jpg,Bãi cỏ có màu gì?,Bãi cỏ có màu xanh lá.,train
cow_034.jpg,Có bao nhiêu sừng trên đầu bò?,Có hai cái sừng trên đầu.,train
cow_034.jpg,Bầu vú của con bò có to không?,"Có, bầu vú của nó to.",train
cow_035.jpg,Hai con vật trong hình là gì?,Chúng là bò và bê.,train
cow_035.jpg,Lông con bò lớn màu gì?,Con bò lớn có màu nâu.,train
cow_035.jpg,Có tổng cộng bao nhiêu con vật?,Có hai con vật trong hình.,train
cow_035.jpg,Con bê đi trước con bò phải không?,"Có, con bê đi trước.",train
cow_036.jpg,Những con vật này là gì?,Đây là bò mẹ và bê.,train
cow_036.jpg,Mặt của con bò lớn màu gì?,Mặt của nó có màu trắng.,train
cow_036.jpg,Những con bò đang đứng ở đâu?,Chúng đứng cạnh hàng rào gỗ.,train
cow_036.jpg,Hai con vật có cùng màu lông không?,"Không, chúng có màu khác nhau.",train
cow_037.jpg,Đây là con vật gì?,Đây là một con bò.,train
cow_037.jpg,Con bò có mấy cái sừng?,Con bò có hai cái sừng.,train
cow_037.jpg,Cánh đồng có hoa màu gì?,Cánh đồng có hoa màu vàng.,train
cow_037.jpg,Sừng của con bò có dài không?,"Có, sừng của nó rất dài.",train
cow_038.jpg,Con vật trong ảnh là gì?,Đây là những con bò.,train
cow_038.jpg,Có bao nhiêu con bò trong ảnh?,Có ba con bò trong ảnh.,train
cow_038.jpg,Những con bò đang ở đâu?,Chúng đang ở trong chuồng.,train
cow_038.jpg,Những con bò đang nhìn về phía trước phải không?,"Có, chúng nhìn về phía trước.",train
cow_039.jpg,Con vật trong bức ảnh là gì?,Con vật là một con bò.,train
cow_039.jpg,Lông con bò có màu gì?,Lông con bò màu nâu nhạt.,train
cow_039.jpg,Đuôi của con bò đang ở vị trí nào?,Đuôi con bò đang buông thõng.,train
cow_039.jpg,Có bàn tay người trong ảnh không?,"Có, có một bàn tay người.",train
cow_040.jpg,Những con vật trên đồng cỏ là gì?,Chúng là một đàn bò.,train
cow_040.jpg,Lông của những con bò màu gì?,Chúng có màu trắng và đen.,train
cow_040.jpg,Những con bò này đang làm gì?,Chúng đứng trên đồng cỏ xanh.,train
cow_040.jpg,Bức ảnh có nhiều hơn ba con bò không?,"Có, bức ảnh có nhiều bò.",train
cow_041.jpg,Con vật trong ảnh là con gì?,Đây là một con bò.,train
cow_041.jpg,Có bao nhiêu con bò trong ảnh?,Trong ảnh có một con bò.,train
cow_041.jpg,Lông của con bò có màu gì?,Lông của con bò màu nâu.,train
cow_041.jpg,Con bò này có sừng không?,"Có, con bò này có sừng.",train
cow_042.jpg,Cảnh vật này nằm ở vị trí nào?,Cảnh này ở trước một nhà hàng.,train
cow_042.jpg,Có bao nhiêu con bò mô hình?,Có hai con bò mô hình.,train
cow_042.jpg,Con bò đứng phía trên có màu gì?,Nó có màu trắng và nâu.,train
cow_042.jpg,Những con bò này có phải là thật không?,"Không, đây chỉ là bò mô hình.",train
cow_043.jpg,Con bò đang làm hành động gì?,Con bò đang gặm cỏ.,train
cow_043.jpg,Có loài hoa gì trên bãi cỏ?,Có những bông hoa màu tím.,train
cow_043.jpg,Phần đầu của con bò có màu gì?,Phần đầu có màu trắng và nâu.,train
cow_043.jpg,Con bò có đeo đai ở cổ không?,"Có, con bò có đeo đai cổ.",train
cow_044.jpg,Hai con vật trong ảnh là gì?,Đó là bò mẹ và bò con.,train
cow_044.jpg,Bò mẹ đang làm gì với bò con?,Bò mẹ đang liếm bò con.,train
cow_044.jpg,Lông của bò mẹ có màu gì?,Lông bò mẹ màu đen và trắng.,train
cow_044.jpg,Bò con có đang đứng không?,"Không, bò con đang nằm trên cỏ.",train
cow_045.jpg,Con vật trong ảnh là con gì?,Đây là một con bò đực.,train
cow_045.jpg,Có bao nhiêu con bò trong chuồng?,Chỉ có một con bò trong chuồng.,train
cow_045.jpg,Lông của con bò này màu gì?,Lông của nó có màu nâu đỏ.,train
cow_045.jpg,Con bò này có thân hình lớn không?,"Có, con bò này rất to lớn.",train
cow_046.jpg,Người đàn ông đang làm gì?,Anh ấy đang dắt con bò.,train
cow_046.jpg,Con bò trong ảnh có màu gì?,Con bò này có màu trắng.,train
cow_046.jpg,Có bao nhiêu người đàn ông dắt bò?,Chỉ có một người dắt con bò.,train
cow_046.jpg,Xung quanh có nhiều người xem không?,"Có, có nhiều người đang đứng xem.",train
cow_047.jpg,Con vật này là giống bò gì?,Đây là một con bò sữa.,train
cow_047.jpg,Lông con bò có những màu nào?,Lông nó màu trắng và đốm nâu.,train
cow_047.jpg,Bầu vú của con bò nằm ở đâu?,Bầu vú nằm ở dưới bụng bò.,train
cow_047.jpg,Con bò này có sừng không?,"Không, con bò này không có sừng.",train
cow_048.jpg,Con bò đang ngậm gì trong miệng?,Con bò đang ngậm cỏ xanh.,train
cow_048.jpg,Bầu trời phía sau có màu gì?,Bầu trời phía sau có màu xanh.,train
cow_048.jpg,Có bao nhiêu con bò gặm cỏ rõ nét?,Chỉ có một con bò rõ nét.,train
cow_048.jpg,Trán của con bò có màu trắng không?,"Có, trán của nó có màu trắng.",train
cow_049.jpg,Con vật trong chuồng là con gì?,Đó là một con bò con.,train
cow_049.jpg,Bò con đang ăn thức ăn gì?,Bò con đang ăn cỏ khô.,train
cow_049.jpg,Mũi của con bò có màu gì?,Mũi của nó có màu đen.,train
cow_049.jpg,Bò con có đang ở ngoài đồng không?,"Không, nó đang ở trong chuồng.",train
cow_050.jpg,Phía sau đàn bò có công trình gì?,Có một nhà kho chứa cỏ khô.,train
cow_050.jpg,Có bao nhiêu con bò trong ảnh?,Có hai con bò trong ảnh.,train
cow_050.jpg,Con bò đứng phía trước có màu gì?,Con bò phía trước màu trắng.,train
cow_050.jpg,Những con bò này đang nằm phải không?,"Không, chúng đều đang đứng trên cỏ.",train
cow_051.jpg,Trong ảnh có những con vật gì?,Đây là những con bò.,train
cow_051.jpg,Có bao nhiêu con bò trong ảnh?,Có hai con bò trong ảnh.,train
cow_051.jpg,Con bò đi phía trước có màu gì?,Con bò phía trước màu trắng.,train
cow_051.jpg,Những con bò có đang ăn cỏ không?,"Có, những con bò đang ăn cỏ.",train
cow_052.jpg,Con vật to lớn trong ảnh là gì?,Đây là một con bò.,train
cow_052.jpg,Có bao nhiêu con bò xuất hiện?,Có một con bò xuất hiện.,train
cow_052.jpg,Con bò trong hình có màu gì?,Con bò này có màu trắng.,train
cow_052.jpg,Có người đang dắt con bò không?,"Có, một người đàn ông đang dắt bò.",train
cow_053.jpg,Đây là loài động vật nào?,Đây là một con bò sữa.,train
cow_053.jpg,Có mấy con bò trong bức ảnh này?,Chỉ có một con bò trong ảnh.,train
cow_053.jpg,Con bò sữa có những màu gì?,Con bò có màu đen và trắng.,train
cow_053.jpg,Con bò này có đang nằm không?,"Không, con bò này đang đứng.",train
cow_054.jpg,Con vật trong bức ảnh là con gì?,Đây là một con bò đực.,train
cow_054.jpg,Bạn thấy bao nhiêu cái sừng trên đầu bò?,Có hai cái sừng trên đầu bò.,train
cow_054.jpg,Sợi dây trên mặt bò màu gì?,Sợi dây có màu đỏ.,train
cow_054.jpg,Con bò này có được buộc gần cây không?,"Có, con bò được buộc gần cây.",train
cow_055.jpg,Con vật nhỏ trong hình là gì?,Đây là một con bê con.,train
cow_055.jpg,Có bao nhiêu thẻ tai trên con bê?,Con bê có hai thẻ tai.,train
cow_055.jpg,Phần mũi của con bê có màu gì?,Phần mũi của con bê màu hồng.,train
cow_055.jpg,Con bê có đeo dây xích ở cổ không?,"Có, nó có đeo dây xích ở cổ.",train
cow_056.jpg,Những con vật đang ăn cỏ là gì?,Chúng là những con bò.,train
cow_056.jpg,Có bao nhiêu con bò trong bức ảnh?,Có ba con bò trong bức ảnh.,train
cow_056.jpg,Khung cảnh phía sau những con bò là gì?,Phía sau là những ngọn núi tuyết.,train
cow_056.jpg,Bầu trời trong ảnh có màu xanh không?,"Có, bầu trời trong ảnh màu xanh.",train
cow_057.jpg,Động vật nào đang gặm cỏ trên đồng?,Đó là những con bò.,train
cow_057.jpg,Bạn đếm được mấy con bò ở đây?,Tôi đếm được ba con bò.,train
cow_057.jpg,Con bò đứng gần nhất có màu gì?,Con bò gần nhất màu trắng đốm đen.,train
cow_057.jpg,Những con bò này có đang chạy không?,"Không, chúng đang đứng gặm cỏ.",train
cow_058.jpg,Đàn vật nuôi trong ảnh là gì?,Đây là một đàn bò.,train
cow_058.jpg,Con bò ở phía dưới hàng rào đang làm gì?,Con bò đó đang nằm trên cỏ.,train
cow_058.jpg,Đàn bò này chủ yếu có màu gì?,Đàn bò này chủ yếu màu nâu.,train
cow_058.jpg,Những con bò có bị nhốt ở hàng rào không?,"Có, chúng đứng sau một hàng rào gỗ.",train
cow_059.jpg,Con vật đang nhìn qua khe gỗ là gì?,Đó là một con bò.,train
cow_059.jpg,Có bao nhiêu con bò trong khung hình?,Chỉ có một con bò trong hình.,train
cow_059.jpg,Con bò này đang ở đâu?,Con bò đang ở trong chuồng gỗ.,train
cow_059.jpg,Con bò này có sừng không?,"Có, con bò này có hai cái sừng.",train
cow_060.jpg,Những con bò đang đứng ở đâu?,Chúng đứng trên bãi cỏ cạnh hồ.,train
cow_060.jpg,Có tổng cộng mấy con bò trong ảnh?,Có năm con bò trong ảnh.,train
cow_060.jpg,Mặt nước hồ phía sau có màu gì?,Mặt nước hồ có màu xanh lam.,train
cow_060.jpg,Trong ảnh có ngọn núi nào không?,"Có, có những ngọn núi đá rất lớn.",train
cow_061.jpg,Hình ảnh chụp những con vật gì?,Hình ảnh chụp những con bò sữa.,train
cow_061.jpg,Có bao nhiêu con bò trong ảnh?,Có hai con bò rõ ràng trong ảnh.,train
cow_061.jpg,Bầu trời trong ảnh có màu gì?,Bầu trời trong ảnh có màu xanh lam.,train
cow_061.jpg,Bọn bò có đang đứng yên không?,"Không, bọn bò đang chạy nhảy trên cỏ.",train
cow_062.jpg,Con vật trong ảnh là con gì?,Con vật trong ảnh là một con bò.,train
cow_062.jpg,Con bò có những màu sắc nào?,Con bò có màu nâu và màu trắng.,train
cow_062.jpg,Con bò đang đứng ở đâu?,Con bò đang đứng trên bãi cỏ xanh.,train
cow_062.jpg,Con bò có đang ăn cỏ không?,"Không, con bò chỉ đang đứng ngậm miệng.",train
cow_063.jpg,Con bò đang đeo cái gì trên cổ?,Con bò đang đeo một chiếc chuông to.,train
cow_063.jpg,Con bò này có lông màu gì?,Con bò này có bộ lông màu trắng.,train
cow_063.jpg,Có bao nhiêu con bò trong bức hình?,Chỉ có một con bò trong bức hình.,train
cow_063.jpg,Con bò đang đứng phải không?,"Không, con bò đang nằm nghỉ trên cỏ.",train
cow_064.jpg,Người đàn ông đang làm gì với con bò?,Người đàn ông đang kiểm tra miệng bò.,train
cow_064.jpg,Người đàn ông mặc áo màu gì?,Người đàn ông mặc áo kẻ ca rô.,train
cow_064.jpg,Có bao nhiêu người trong khung hình chính?,Có một người đàn ông trong khung hình.,train
cow_064.jpg,Mũi của con bò có bị buộc dây không?,"Có, mũi con bò bị buộc một sợi dây.",train
cow_065.jpg,Con vật này có đặc điểm ngoại hình thế nào?,Con vật này rất to lớn và cơ bắp.,train
cow_065.jpg,Lông của con bò này màu gì?,Lông của con bò này có màu đen.,train
cow_065.jpg,Có mấy người đang dắt con bò?,Có một người đang dắt con bò.,train
cow_065.jpg,Con bò có đang đứng trên nền đất không?,"Không, con bò đang đứng trên bãi cỏ.",train
cow_066.jpg,Phía sau con bò có công trình gì?,Phía sau con bò có hàng rào gỗ.,train
cow_066.jpg,Sừng của con bò có màu gì?,Sừng của con bò có màu trắng xám.,train
cow_066.jpg,Con bò có bao nhiêu cái sừng?,Con bò có hai cái sừng cong.,train
cow_066.jpg,Con bò đang há miệng đúng không?,"Có, con bò đang há miệng rất to.",train
cow_067.jpg,Người đàn ông đang đứng cạnh con gì?,Người đàn ông đứng cạnh con bò trắng.,train
cow_067.jpg,Người đàn ông mặc chiếc áo khoác màu gì?,Người đàn ông mặc chiếc áo khoác màu xanh.,train
cow_067.jpg,Kích thước của con bò so với người thế nào?,Con bò to và cao hơn người đàn ông.,train
cow_067.jpg,Con bò có sừng không?,"Có, con bò này có hai cái sừng.",train
cow_068.jpg,Con vật đang nhìn về hướng nào?,Con vật đang nhìn thẳng về phía máy ảnh.,train
cow_068.jpg,Xung quanh con bò có màu gì chủ đạo?,Xung quanh con bò chủ yếu là màu xanh.,train
cow_068.jpg,Bạn thấy bao nhiêu cái chân bò?,Tôi thấy bốn cái chân bò trong ảnh.,train
cow_068.jpg,Con bò có đốm trên người không?,"Có, con bò có nhiều đốm trắng nâu.",train
cow_069.jpg,Con bò đang đứng ở môi trường nào?,Con bò đang đứng ở trong một trang trại.,train
cow_069.jpg,Lông con bò có những màu gì?,Lông con bò có màu đen và màu trắng.,train
cow_069.jpg,Bầu vú của con bò có mấy núm?,Bầu vú của con bò có bốn núm.,train
cow_069.jpg,Con bò có đang ăn rơm không?,"Không, con bò chỉ đang đứng trên rơm.",train
cow_070.jpg,Những con bò đang làm gì?,Những con bò đang ăn thức ăn trong chuồng.,train
cow_070.jpg,Thanh sắt ngăn cách có màu gì?,Thanh sắt ngăn cách có màu xám bạc.,train
cow_070.jpg,Có bao nhiêu con bò đang thò đầu ra?,Có bốn con bò đang thò đầu ra.,train
cow_070.jpg,Nền chuồng có rơm không?,"Có, nền chuồng được rải rất nhiều rơm.",train
cow_071.jpg,Trong ảnh có những con vật gì?,Đây là những con bò.,train
cow_071.jpg,Có bao nhiêu con bò trong ảnh?,Có bảy con bò trong ảnh.,train
cow_071.jpg,Những con bò này có màu gì?,Chúng có bộ lông màu nâu.,train
cow_071.jpg,Những con bò đang đứng trên bãi cỏ phải không?,"Có, chúng đang đứng trên bãi cỏ.",train
cow_072.jpg,Đây là loài vật nào?,Đây là một con bò.,train
cow_072.jpg,Có bao nhiêu con bò trong hình?,Có một con bò trong hình.,train
cow_072.jpg,Đốm trên mình con bò có màu nâu phải không?,"Có, đốm của nó màu nâu.",train
cow_072.jpg,Con bò đang đứng ở đâu?,Nó đang đứng trên thảm cỏ.,train
cow_073.jpg,Bức ảnh chụp con vật gì?,Bức ảnh chụp những con bò.,train
cow_073.jpg,Có bao nhiêu con bò đang nằm?,Có hai con bò đang nằm.,train
cow_073.jpg,Phần đầu của con bò có màu gì?,Phần đầu của nó màu trắng.,train
cow_073.jpg,Những con bò đang nằm trên cỏ đúng không?,"Có, chúng đang nằm trên cỏ.",train
cow_074.jpg,Trên tai con bò có gắn thẻ không?,"Có, tai con bò có gắn thẻ.",train
cow_074.jpg,Có bao nhiêu con bò xuất hiện toàn thân?,Có một con bò xuất hiện toàn thân.,train
cow_074.jpg,Con bò đứng phía trước có màu gì?,Nó có bộ lông màu nâu nhạt.,train
cow_074.jpg,Con vật đang làm gì?,Nó đang đứng nhìn về phía trước.,train
cow_075.jpg,Những con vật trong ảnh là gì?,Đây là một đàn bò.,train
cow_075.jpg,Có bao nhiêu con bò đang quay mặt lại?,Có hai con bò đang quay mặt lại.,train
cow_075.jpg,Lông của những con bò có màu gì?,Lông chúng có màu trắng và nâu.,train
cow_075.jpg,Những con bò có xếp thành hàng không?,"Có, chúng đang xếp thành hàng.",train
cow_076.jpg,Bức ảnh chụp con vật gì?,Bức ảnh chụp một con bò.,train
cow_076.jpg,Có bao nhiêu con vật trong bức ảnh?,Có một con vật trong bức ảnh.,train
cow_076.jpg,Con bò này có màu đen tuyền phải không?,"Không, con bò có màu nâu trắng.",train
cow_076.jpg,Con bò đang đứng ở đâu?,Nó đang đứng trên một sườn đồi.,train
cow_077.jpg,Bò con đang làm gì?,Bò con đang bú sữa mẹ.,train
cow_077.jpg,Có bao nhiêu con bò trong bức ảnh?,Có hai con bò trong bức ảnh.,train
cow_077.jpg,Bò con có màu gì?,Bò con có màu nâu và trắng.,train
cow_077.jpg,Bò mẹ có đang nằm không?,"Không, bò mẹ đang đứng trên đất.",train
cow_078.jpg,Điểm đặc biệt trên đầu con bò là gì?,Con bò có cặp sừng rất dài.,train
cow_078.jpg,Có mấy con vật xuất hiện rất rõ?,Có một con vật xuất hiện rất rõ.,train
cow_078.jpg,Lông của con bò phía trước màu trắng phải không?,"Không, lông của nó màu nâu sậm.",train
cow_078.jpg,Con bò phía trước đang làm gì?,Nó đang đứng trên mặt đất.,train
cow_079.jpg,Con bò đang ăn gì?,Con bò đang ăn cỏ xanh.,train
cow_079.jpg,Có bao nhiêu con bò màu đen trắng?,Có hai con bò màu đen trắng.,train
cow_079.jpg,Con bò lớn nhất có màu gì?,Nó có màu đen và trắng.,train
cow_079.jpg,Con bò có đứng gần một con đường không?,"Có, nó đứng ngay cạnh con đường.",train
cow_080.jpg,Có người xuất hiện trong bức tranh này không?,"Có, người phụ nữ xuất hiện trong ảnh.",train
cow_080.jpg,Có bao nhiêu con bò ở ngay phía trước?,Có một con bò ở phía trước.,train
cow_080.jpg,Con bò phía trước có màu gì?,Con bò có màu đen và trắng.,train
cow_080.jpg,Người phụ nữ trong ảnh đang làm gì?,Người phụ nữ đang xách một chiếc giỏ.,train
cow_081.jpg,Những người đàn ông đang làm gì?,Họ đang kiểm tra những con bò.,train
cow_081.jpg,Có bao nhiêu con bò ở phía trước?,Có hai con bò ở phía trước.,train
cow_081.jpg,Những con bò này có màu gì?,Chúng có màu nâu xám.,train
cow_081.jpg,Người đàn ông có đang cầm giấy bút không?,"Có, ông ấy đang cầm giấy bút.",train
cow_082.jpg,Con vật trong ảnh là con gì?,Đây là một con bò.,train
cow_082.jpg,Có bao nhiêu con bò trong ảnh?,Chỉ có một con bò.,train
cow_082.jpg,Lông của con bò có màu gì?,Con bò có màu nâu.,train
cow_082.jpg,Con bò có đang ăn cỏ không?,"Không, con bò đang đứng yên.",train
cow_083.jpg,Những con vật đang làm gì?,Chúng đang ăn cỏ xanh.,train
cow_083.jpg,Đàn bò này có màu gì?,Đàn bò có màu đen.,train
cow_083.jpg,Những con bò đang ở vị trí nào?,Chúng đang ở trên đồng cỏ.,train
cow_083.jpg,Trong ảnh có nhiều con bò không?,"Có, đây là một đàn bò lớn.",train
cow_084.jpg,Những con vật này là gì?,Chúng là những con bò.,train
cow_084.jpg,Lông của chúng có màu gì?,Lông của chúng màu trắng.,train
cow_084.jpg,Những con bò đang ở trạng thái nào?,Chúng đang nằm nghỉ trên bãi cỏ.,train
cow_084.jpg,Những con bò này có sừng không?,"Có, những con bò đều có sừng.",train
cow_085.jpg,Đây là loài động vật nào?,Đây là một con bò.,train
cow_085.jpg,Đầu của con bò có màu gì?,Đầu của nó có màu trắng.,train
cow_085.jpg,Con bò đang đứng ở đâu?,Con bò đang đứng trên thảm cỏ.,train
cow_085.jpg,Thân của con bò có màu đen phải không?,"Không, thân con bò màu nâu.",train
cow_086.jpg,Con vật nhỏ hơn được gọi là gì?,Nó là một con bê con.,train
cow_086.jpg,Có tổng cộng mấy con vật trong ảnh?,Có tổng cộng hai con vật.,train
cow_086.jpg,Con bê con có màu gì?,Con bê có màu nâu đen.,train
cow_086.jpg,Hai con vật có đứng cạnh nhau không?,"Có, chúng đang đứng sát cạnh nhau.",train
cow_087.jpg,Bê con đang làm hành động gì?,Bê con đang bú sữa mẹ.,train
cow_087.jpg,Khung cảnh phía sau đàn bò là gì?,Phía sau là những dãy núi cao.,train
cow_087.jpg,Bò mẹ có những màu sắc nào?,Bò mẹ có màu nâu và trắng.,train
cow_087.jpg,Trong ảnh chỉ có một con vật phải không?,"Không, có hai con vật trong ảnh.",train
cow_088.jpg,Con vật trong bức ảnh là gì?,Đây là một con bò.,train
cow_088.jpg,Con bò đang ở tư thế nào?,Con bò đang ở tư thế đứng.,train
cow_088.jpg,Chân của con bò mang màu gì?,Bốn chân của nó màu trắng.,train
cow_088.jpg,Con bò có đeo dây quanh đầu không?,"Có, nó đang đeo một sợi dây.",train
cow_089.jpg,Con bò đang nhìn về hướng nào?,Con bò đang nhìn thẳng phía trước.,train
cow_089.jpg,Các đốm trên thân bò có màu gì?,Các đốm đó có màu nâu.,train
cow_089.jpg,Phía xa sau lưng con bò có gì?,Có một ngôi nhà ở phía xa.,train
cow_089.jpg,Con bò này có sừng dài không?,"Không, con bò không có sừng dài.",train
cow_090.jpg,Con bò nào đứng gần ống kính nhất?,Một con bò màu nâu trắng.,train
cow_090.jpg,Có bao nhiêu con bò rõ nét phía trước?,Có hai con bò rõ nét nhất.,train
cow_090.jpg,Những con bò còn lại đang ở đâu?,Chúng ở phía xa trên cánh đồng.,train
cow_090.jpg,Những con bò ở xa có đang nằm không?,"Có, vài con phía xa đang nằm.",train
cow_091.jpg,Con vật trong ảnh là con gì?,Đây là một con bò sữa.,train
cow_091.jpg,Con bò này có màu gì?,Con bò có màu đen và trắng.,train
cow_091.jpg,Con bò đang đứng ở đâu?,Con bò đang đứng trên bãi cỏ.,train
cow_091.jpg,Con bò này có sừng không?,"Không, con bò này không có sừng.",train
cow_092.jpg,Có bao nhiêu con bò ở phía trước?,Có một con bò ở phía trước.,train
cow_092.jpg,Con bò phía trước đang làm gì?,Con bò đang cúi xuống ăn cỏ.,train
cow_092.jpg,Con bò gần nhất có màu gì?,Nó có màu đen và trắng.,train
cow_092.jpg,Những con bò có đang ở trên đồng cỏ không?,"Có, chúng đang ở trên đồng cỏ.",train
cow_093.jpg,Bức ảnh có bao nhiêu con bò?,Có một con bò trong bức ảnh.,train
cow_093.jpg,Lông của con bò màu gì?,Lông con bò có màu nâu nhạt.,train
cow_093.jpg,Có vật gì ở gần miệng con bò?,Có một bông hoa màu trắng.,train
cow_093.jpg,Con bò này có đốm đen không?,"Không, con bò không có đốm đen.",train
cow_094.jpg,Con bò màu đen đang nhai gì?,Con bò đang nhai một mớ cỏ.,train
cow_094.jpg,Những con bò ở phía xa màu gì?,Những con bò đó có màu đen.,train
cow_094.jpg,Có cái gì phía sau những con bò?,Có một cái cây ở phía sau.,train
cow_094.jpg,Con bò phía trước có đang nhìn ống kính không?,"Có, con bò đang nhìn vào ống kính.",train
cow_095.jpg,Những con bò đang ở đâu?,Chúng đang ở trong một chuồng trại.,train
cow_095.jpg,Có bao nhiêu con bò ở phía trước?,Có một con bò ở phía trước.,train
cow_095.jpg,Con bò được buộc bằng cái gì?,Con bò được buộc bằng một sợi dây.,train
cow_095.jpg,Trong máng có thức ăn không?,"Có, trong máng có rất nhiều cỏ.",train
cow_096.jpg,Đặc điểm nổi bật trên đầu con bò là gì?,Con bò có hai cái sừng.,train
cow_096.jpg,Mũi của con bò có màu gì?,Mũi của nó có màu hồng nhạt.,train
cow_096.jpg,Biểu cảm của con bò trông như thế nào?,Con bò trông như đang mỉm cười.,train
cow_096.jpg,Mắt con bò có đang mở to không?,"Không, mắt con bò đang nheo lại.",train
cow_097.jpg,Có bao nhiêu con bò dưới gốc cây?,Có hai con bò dưới gốc cây.,train
cow_097.jpg,Hai con bò có màu lông gì?,Chúng có bộ lông màu trắng xám.,train
cow_097.jpg,Hai con bò đang đứng ở đâu?,Chúng đang đứng ở dưới bóng râm.,train
cow_097.jpg,Cây trong ảnh có nhiều lá không?,"Có, cái cây có rất nhiều lá.",train
cow_098.jpg,Bức ảnh có tổng cộng bao nhiêu con vật?,Bức ảnh có tổng cộng ba con bò.,train
cow_098.jpg,Trên thân con bò có đặc điểm gì?,Trên thân chúng có viết các con số.,train
cow_098.jpg,Cặp sừng của chúng trông như thế nào?,Cặp sừng của chúng rất to và dài.,train
cow_098.jpg,Có máng ăn nào trong ảnh không?,"Có, có một chiếc máng phía trước.",train
cow_099.jpg,Có bao nhiêu con bò trong ảnh?,Có hai con bò trong bức ảnh.,train
cow_099.jpg,Lông của những con bò này màu gì?,Bộ lông của chúng có màu nâu đỏ.,train
cow_099.jpg,Con bò nhỏ hơn đang làm gì?,Con bò nhỏ hơn đang nằm trên cỏ.,train
cow_099.jpg,Những con bò này có lông ngắn không?,"Không, chúng có bộ lông rất dài.",train
cow_100.jpg,Có bao nhiêu người đứng quanh con bò?,Có chín người đứng quanh con bò.,train
cow_100.jpg,Con bò đang đeo vật gì ở cổ?,Nó đeo một chiếc mõ lớn ở cổ.,train
cow_100.jpg,Con bò trong ảnh có màu gì?,Nó có màu nâu đỏ và trắng.,train
cow_100.jpg,Khung cảnh phía sau có núi không?,"Có, phía sau họ có những ngọn núi.",train
dog_001.jpg,Con vật trong ảnh đang ngồi ở đâu?,Con chó ngồi trong giỏ xe đạp.,train
dog_001.jpg,Có bao nhiêu con chó trong bức ảnh?,Có một con chó trong bức ảnh.,train
dog_001.jpg,Giỏ xe đạp có màu gì?,Giỏ xe đạp có màu trắng bạc.,train
dog_001.jpg,Con chó có bị xích không?,"Có, con chó đang bị xích.",train
dog_002.jpg,Các con vật đang đứng trên cái gì?,Chúng đang đứng trên một cái bàn.,train
dog_002.jpg,Có mấy con chó trong bức ảnh này?,Có ba con chó trong bức ảnh.,train
dog_002.jpg,Cái bàn trong ảnh có màu gì?,Cái bàn này có màu trắng.,train
dog_002.jpg,Những con chó này có lông ngắn phải không?,"Không, những con chó có lông dài.",train
dog_003.jpg,Con vật này đang làm gì?,Con chó đang đứng trên bãi cỏ.,train
dog_003.jpg,Có bao nhiêu con vật ở trong ảnh?,Chỉ có một con vật trong ảnh.,train
dog_003.jpg,Bộ lông của con chó có màu gì?,Bộ lông của nó có màu nâu.,train
dog_003.jpg,Con chó có đang nhắm mắt không?,"Không, con chó đang mở mắt.",train
dog_004.jpg,Hai con vật trong ảnh là con gì?,Đây là hai con chó con.,train
dog_004.jpg,Trong ảnh có tổng cộng mấy con chó?,Có hai con chó trong bức ảnh.,train
dog_004.jpg,Vòng cổ của con chó bên trái màu gì?,Vòng cổ của nó có màu xanh.,train
dog_004.jpg,Con chó bên phải có đeo vòng cổ không?,"Có, nó có đeo vòng cổ.",train
dog_005.jpg,Con chó đang làm gì trên bãi cỏ?,Con chó đang ngồi trên bãi cỏ.,train
dog_005.jpg,Có mấy con chó xuất hiện trong hình?,Có một con chó trong bức hình.,train
dog_005.jpg,Con chó này có những màu sắc nào?,Con chó có màu đen và trắng.,train
dog_005.jpg,Bãi cỏ trong ảnh có bị héo không?,"Không, bãi cỏ rất xanh tốt.",train
dog_006.jpg,Con vật trong ảnh đang đứng ở đâu?,Con chó đang đứng trên bãi cỏ.,train
dog_006.jpg,Có bao nhiêu con chó ở trong hình?,Có một con chó trong khung hình.,train
dog_006.jpg,Con chó trong ảnh có màu lông gì?,Con chó này có bộ lông màu nâu.,train
dog_006.jpg,Con chó có đang thè lưỡi không?,"Có, con chó đang thè lưỡi.",train
dog_007.jpg,Những con vật này đang ở vị trí nào?,Chúng đang ở trên thảm cỏ.,train
dog_007.jpg,Có tổng cộng mấy con chó trong ảnh?,Có bốn con chó trong bức ảnh.,train
dog_007.jpg,Lông của những con chó này màu gì?,Chúng có bộ lông màu đen.,train
dog_007.jpg,Trong ảnh có xuất hiện lốp xe không?,"Có, có một lốp xe trong ảnh.",train
dog_008.jpg,Ngoại hình của con chó này trông thế nào?,Nó có thân hình mập mạp.,train
dog_008.jpg,Có mấy con vật xuất hiện trong bức hình?,Có một con vật trong bức hình.,train
dog_008.jpg,Lông của con chó chủ yếu màu gì?,Lông của nó chủ yếu màu trắng.,train
dog_008.jpg,Con chó có đang chạy bộ không?,"Không, con chó đang đứng yên.",train
dog_009.jpg,Con chó đang đứng trên bề mặt nào?,Con chó đang đứng trên cỏ khô.,train
dog_009.jpg,Bức ảnh này chụp bao nhiêu con chó?,Bức ảnh chụp một con chó.,train
dog_009.jpg,Lông của con chó có những màu nào?,Lông chó có màu đen và nâu.,train
dog_009.jpg,Con chó có đang nằm không?,"Không, con chó đang đứng.",train
dog_010.jpg,Con chó đang làm gì với cục xương?,Con chó đang gặm một cục xương.,train
dog_010.jpg,Có mấy cục xương trong bức ảnh này?,Có một cục xương trong bức ảnh.,train
dog_010.jpg,Cục xương trong ảnh có màu gì?,Cục xương này có màu trắng.,train
dog_010.jpg,Con chó có đang đứng bằng bốn chân không?,"Không, con chó đang nằm trên cỏ.",train
dog_011.jpg,Con vật trong ảnh là con gì?,Đây là một con chó.,train
dog_011.jpg,Có bao nhiêu con chó trong ảnh?,Tôi thấy một con chó.,train
dog_011.jpg,Bộ lông của con chó màu gì?,Nó có bộ lông màu vàng.,train
dog_011.jpg,Con chó có đang đứng cạnh nước không?,"Có, nó đang đứng gần mặt nước.",train
dog_012.jpg,Con chó này có thân hình như thế nào?,Nó có thân hình rất vạm vỡ.,train
dog_012.jpg,Có bao nhiêu con chó trong hình?,Bức ảnh chỉ có một con chó.,train
dog_012.jpg,Con chó này có lông màu gì?,Nó có bộ lông màu xám đen.,train
dog_012.jpg,Con chó có đang ngồi hay không?,"Không, con chó đang đứng trên đất.",train
dog_013.jpg,Con vật trong ảnh trông như thế nào?,Đây là một chú chó con.,train
dog_013.jpg,Con chó này có mấy cái đuôi?,Con chó có một cái đuôi.,train
dog_013.jpg,Nền cỏ dưới chân con chó màu gì?,Nền cỏ có màu xanh lá cây.,train
dog_013.jpg,Mắt của con chó có đang mở không?,"Có, mắt của nó đang mở to.",train
dog_014.jpg,Đôi tai của con chó có hình dáng gì?,Đôi tai của nó đang dựng đứng.,train
dog_014.jpg,Có bao nhiêu chân chó chạm đất?,Có bốn cái chân đang chạm đất.,train
dog_014.jpg,Phần ngực của con chó có màu gì?,Ngực của nó có màu nâu.,train
dog_014.jpg,Con chó có đang nằm trên cỏ không?,"Không, con chó đang đứng trên cỏ.",train
dog_015.jpg,Con chó đang di chuyển ở đâu?,Nó đang lội dưới một con suối.,train
dog_015.jpg,Có bao nhiêu con chó đang chạy?,Tôi thấy một con chó đang chạy.,train
dog_015.jpg,Con chó có màu lông chủ đạo là gì?,Lông nó có màu đen nhánh.,train
dog_015.jpg,Con chó có đang bơi trong nước không?,"Không, nó chỉ lội trong nước cạn.",train
dog_016.jpg,Con chó đang thè bộ phận nào ra ngoài?,Con chó đang thè chiếc lưỡi ra.,train
dog_016.jpg,Có bao nhiêu con chó trong bức ảnh này?,Bức ảnh có duy nhất một con chó.,train
dog_016.jpg,Mũi của con chó có màu gì?,Mũi của nó có màu hồng.,train
dog_016.jpg,Chú chó có nằm trên đống rơm không?,"Có, chú chó đang nằm trên rơm.",train
dog_017.jpg,Phần đuôi của con chó trông như thế nào?,Đuôi của nó cuộn tròn trên lưng.,train
dog_017.jpg,Có bao nhiêu sợi dây dắt trong ảnh?,Có một sợi dây dắt trong ảnh.,train
dog_017.jpg,Toàn thân con chó được bao phủ màu gì?,Nó được bao phủ bởi màu đen.,train
dog_017.jpg,Con chó có đang đứng dưới ánh nắng không?,"Có, nó đang đứng dưới ánh nắng.",train
dog_018.jpg,Con chó đang ngậm vật gì trong miệng?,Nó đang ngậm một món đồ chơi.,train
dog_018.jpg,Có bao nhiêu cuộn vòi nước phía sau?,Có một cuộn vòi nước phía sau.,train
dog_018.jpg,Bộ lông của chú chó con màu gì?,Chú chó con có lông màu đen.,train
dog_018.jpg,Chú chó con có đang đi bộ không?,"Có, chú chó đang bước trên cỏ.",train
dog_019.jpg,Con chó đang nghỉ ngơi ở vị trí nào?,Nó đang nằm trên một chiếc nệm.,train
dog_019.jpg,Có bao nhiêu con chó trong bức ảnh này?,Chỉ có một con chó trong ảnh.,train
dog_019.jpg,Đôi mắt của con chó có màu gì?,Mắt của nó có màu nâu sáng.,train
dog_019.jpg,Con chó có đang ngước nhìn lên không?,"Có, nó đang ngước mắt nhìn lên.",train
dog_020.jpg,Con chó có sọc gì ở giữa trán?,Nó có một sọc lông màu trắng.,train
dog_020.jpg,Có bao nhiêu con chó con trong ảnh?,Bức ảnh chỉ có một con chó.,train
dog_020.jpg,Phần mõm của con chó có màu gì?,Phần mõm của nó màu trắng tinh.,train
dog_020.jpg,Con chó con có đang ngồi trên cỏ không?,"Có, nó đang ngồi trên bãi cỏ.",train
dog_021.jpg,Người đàn ông đang ôm con vật gì?,Ông ấy ôm một con chó.,train
dog_021.jpg,Bức ảnh có bao nhiêu con chó?,Bức ảnh có một con chó.,train
dog_021.jpg,Bộ lông của con chó có màu gì?,Nó có màu đen và nâu.,train
dog_021.jpg,Người đàn ông có đang nhìn ống kính không?,"Không, ông ấy đang nhìn xuống.",train
dog_022.jpg,Con vật đang đứng trên khúc gỗ là gì?,Nó là một con chó.,train
dog_022.jpg,Khu rừng có mấy con chó?,Rừng chỉ có một con chó.,train
dog_022.jpg,Bốn chân của con chó có màu gì?,Chân của nó màu vàng nâu.,train
dog_022.jpg,Con chó có đang đứng trên mặt đất không?,"Không, nó đứng trên khúc gỗ.",train
dog_023.jpg,Con vật nằm trên cỏ là con gì?,Nó là một con chó.,train
dog_023.jpg,Bức ảnh có bao nhiêu quả bóng?,Bức ảnh có một quả bóng.,train
dog_023.jpg,Quả bóng trong hình có màu gì?,Nó có màu xanh lá cây.,train
dog_023.jpg,Miệng con chó có đang mở không?,"Có, nó đang thè lưỡi.",train
dog_024.jpg,Con vật nằm trên bãi cỏ là con gì?,Đó là một con chó.,train
dog_024.jpg,Bức ảnh chụp mấy con chó?,Ảnh chụp một con chó.,train
dog_024.jpg,Phần lớn cơ thể con chó màu gì?,Cơ thể nó có màu đen.,train
dog_024.jpg,Con chó có đang đứng không?,"Không, nó đang nằm trên cỏ.",train
dog_025.jpg,Con chó đang đứng cạnh ai?,Nó đứng cạnh một người.,train
dog_025.jpg,Khung hình có bao nhiêu người?,Khung hình có một người.,train
dog_025.jpg,Bộ lông con chó có màu gì?,Nó có bộ lông màu trắng.,train
dog_025.jpg,Con chó có đang há miệng không?,"Có, nó đang há miệng.",train
dog_026.jpg,Con vật đang đứng trên cỏ là gì?,Nó là một con chó.,train
dog_026.jpg,Bức hình có mấy con chó?,Bức hình có một con chó.,train
dog_026.jpg,Bộ lông của con chó màu gì?,Nó có màu nâu vàng nhạt.,train
dog_026.jpg,Con chó có bộ lông xoăn không?,"Có, lông của nó rất xoăn.",train
dog_027.jpg,Con chó đang đứng ở đâu?,Nó đứng trên đường đất.,train
dog_027.jpg,Bức ảnh chụp bao nhiêu con vật?,Bức ảnh chụp một con chó.,train
dog_027.jpg,Lưng con chó có màu gì?,Lưng của nó có màu đen.,train
dog_027.jpg,Con chó có nhìn về phía máy ảnh không?,"Không, nó đang nhìn ra xa.",train
dog_028.jpg,Con chó đang làm gì?,Nó đang chui đầu xuống đất.,train
dog_028.jpg,Bức ảnh có bao nhiêu cái đuôi?,Bức ảnh có một cái đuôi.,train
dog_028.jpg,Chóp đuôi của con chó màu gì?,Chóp đuôi có màu trắng.,train
dog_028.jpg,Chúng ta có nhìn thấy mặt con chó không?,"Không, đầu nó bị che khuất.",train
dog_029.jpg,Con chó đang ngậm vật gì?,Nó ngậm một quả bóng.,train
dog_029.jpg,Bức ảnh có mấy con chó đang chạy?,Ảnh có một con chó chạy.,train
dog_029.jpg,Quả bóng trong miệng con chó màu gì?,Quả bóng đó có màu đỏ.,train
dog_029.jpg,Con chó có đang đứng yên không?,"Không, nó đang chạy trên cỏ.",train
dog_030.jpg,Con vật trong ảnh là con gì?,Nó là một con chó.,train
dog_030.jpg,Bức ảnh có bao nhiêu bàn tay?,Bức ảnh có một bàn tay.,train
dog_030.jpg,Lông con chó có màu gì?,Lông nó màu nâu vàng nhạt.,train
dog_030.jpg,Bàn tay có đang chạm vào con chó không?,"Có, bàn tay đang vuốt ve nó.",train
dog_031.jpg,Trong ảnh có động vật nào?,Đây là một con chó.,train
dog_031.jpg,Có bao nhiêu người trong bức ảnh?,Có một người trong bức ảnh.,train
dog_031.jpg,Con chó có màu gì?,Con chó có màu đen.,train
dog_031.jpg,Người phụ nữ đang dắt chó đi dạo phải không?,"Có, người phụ nữ đang dắt chó.",train
dog_032.jpg,Con vật trong ảnh đang đứng ở đâu?,Con chó đang đứng trên bãi đất.,train
dog_032.jpg,Có bao nhiêu con chó trong ảnh?,Có một con chó trong ảnh.,train
dog_032.jpg,Lông của con chó có màu gì?,Lông chó có màu trắng và đen.,train
dog_032.jpg,Con chó có đốm trên thân không?,"Có, con chó có nhiều đốm đen.",train
dog_033.jpg,Con chó đang thè lưỡi phải không?,"Có, con chó đang thè lưỡi.",train
dog_033.jpg,Có bao nhiêu món đồ chơi cạnh con chó?,Có một món đồ chơi cạnh nó.,train
dog_033.jpg,Con chó con có lông màu gì?,Con chó có bộ lông màu trắng.,train
dog_033.jpg,Con chó đang nằm hay đứng?,Con chó đang nằm trên bãi cỏ.,train
dog_034.jpg,Con vật đang di chuyển trên địa hình nào?,Con vật di chuyển trên bãi cỏ.,train
dog_034.jpg,Bạn nhìn thấy mấy con vật trong hình?,Tôi nhìn thấy một con vật.,train
dog_034.jpg,Cái đuôi của con chó màu gì?,Cái đuôi của nó màu đen.,train
dog_034.jpg,Con chó đang quay mặt về phía trước đúng không?,"Không, con chó đang quay lưng lại.",train
dog_035.jpg,Các con vật đang đứng ở khu vực nào?,Chúng đang đứng trên một tảng đá.,train
dog_035.jpg,Có tổng cộng bao nhiêu con chó?,Có tổng cộng bốn con chó.,train
dog_035.jpg,Con chó ngoài cùng bên trái màu gì?,Nó có bộ lông màu trắng.,train
dog_035.jpg,Tất cả các con chó đều có cùng màu lông phải không?,"Không, chúng có màu lông khác nhau.",train
dog_036.jpg,Con chó có đeo vòng cổ không?,"Có, con chó có đeo vòng cổ.",train
dog_036.jpg,Bức ảnh chụp bao nhiêu con vật?,Bức ảnh chụp một con vật.,train
dog_036.jpg,Chân của con chó có màu gì?,Bốn chân của nó có màu nâu.,train
dog_036.jpg,Miệng con chó đang mở hay đóng?,Miệng của con chó đang mở.,train
dog_037.jpg,Con vật đang đứng trên vật liệu gì?,Nó đang đứng trên sỏi đá.,train
dog_037.jpg,Bức ảnh có hiển thị mấy cái vòng cổ?,Bức ảnh hiển thị một vòng cổ.,train
dog_037.jpg,Bộ lông của con vật mang màu gì?,Bộ lông của nó màu nâu vàng.,train
dog_037.jpg,Con chó đang nhìn thẳng vào ống kính phải không?,"Không, con chó đang nhìn sang ngang.",train
dog_038.jpg,Con chó đang mang theo vật dụng gì trên lưng?,Nó đang mang một chiếc túi đỏ.,train
dog_038.jpg,Có bao nhiêu chiếc giày được mang cho chó?,Có bốn chiếc giày được mang.,train
dog_038.jpg,Túi trên lưng con chó màu gì?,Chiếc túi trên lưng có màu đỏ.,train
dog_038.jpg,Người trong ảnh có cầm gậy leo núi không?,"Có, người đó đang cầm gậy.",train
dog_039.jpg,Con chó đang làm hành động gì với chân trước?,Nó đang co một chân trước lên.,train
dog_039.jpg,Con chó có mấy cái đuôi?,Con chó có một cái đuôi.,train
dog_039.jpg,Mũi của con chó có màu gì?,Mũi của con chó có màu đen.,train
dog_039.jpg,Con chó có đốm trắng ở giữa trán không?,"Có, nó có vệt trắng ở trán.",train
dog_040.jpg,Con vật trong ảnh đang nằm ở đâu?,Nó đang nằm trên bãi cỏ.,train
dog_040.jpg,Có mấy con chó trong bức hình này?,Có một con chó trong hình.,train
dog_040.jpg,Lưỡi của con vật có màu gì?,Lưỡi của nó có màu hồng.,train
dog_040.jpg,Đôi tai của con chó đang dựng thẳng đứng phải không?,"Không, đôi tai của nó đang cụp.",train
dog_041.jpg,Con vật trung tâm bức ảnh là gì?,Đó là một con chó.,train
dog_041.jpg,Có bao nhiêu con chó xuất hiện trong ảnh?,Có hai con chó trong ảnh.,train
dog_041.jpg,Phần lông trước ngực con chó màu gì?,Phần lông trước ngực màu trắng.,train
dog_041.jpg,Con chó có đang chạy trên cỏ không?,"Có, con chó đang chạy trên cỏ.",train
dog_042.jpg,Bức tượng này tạc hình con gì?,Bức tượng tạc hình con chó.,train
dog_042.jpg,Bức tượng con chó có màu gì?,Bức tượng có màu đồng thau.,train
dog_042.jpg,Bức tượng có được đặt ở ngoài trời không?,"Không, bức tượng được đặt trong nhà.",train
dog_042.jpg,Có bao nhiêu cái tai trên đầu bức tượng?,Đầu bức tượng có hai cái tai.,train
dog_043.jpg,Con chó trong ảnh có màu gì?,Con chó trong ảnh có màu đen.,train
dog_043.jpg,Con chó có đeo vòng cổ không?,"Có, con chó có đeo vòng cổ.",train
dog_043.jpg,Bức tường phía sau con chó làm bằng gì?,Bức tường phía sau làm bằng đá.,train
dog_043.jpg,Có bao nhiêu con chó trong bức ảnh này?,Chỉ có một con chó trong ảnh.,train
dog_044.jpg,Đây là loài động vật nào?,Đây là một con chó.,train
dog_044.jpg,Lông của con chó có màu gì?,Lông con chó có màu nâu đỏ.,train
dog_044.jpg,Con chó có đang thè lưỡi không?,"Có, con chó đang thè lưỡi.",train
dog_044.jpg,Bức ảnh chụp bao nhiêu con chó?,Bức ảnh chụp một con chó.,train
dog_045.jpg,Lông con chó có những màu nào?,Lông con chó màu đen và vàng.,train
dog_045.jpg,Con chó đang đứng ở đâu?,Con chó đang đứng trên bãi cỏ.,train
dog_045.jpg,Có người nào xuất hiện trong ảnh không?,"Có, có người xuất hiện trong ảnh.",train
dog_045.jpg,Có bao nhiêu con chó trong ảnh?,Có một con chó trong ảnh.,train
dog_046.jpg,Con vật đang nằm trên cỏ là gì?,Nó là một con chó con.,train
dog_046.jpg,Con chó có đang đứng không?,"Không, con chó con đang nằm.",train
dog_046.jpg,Phần lông trên thân con chó có màu gì?,Lông nó có màu đen và trắng.,train
dog_046.jpg,Có mấy con chó trong hình?,Có một con chó trong hình.,train
dog_047.jpg,Hai màu lông chính của con chó là gì?,Lông nó có màu đen và trắng.,train
dog_047.jpg,Con chó có nhấc chân lên không?,"Có, con chó đang nhấc chân trước.",train
dog_047.jpg,Đuôi của con chó hướng về đâu?,Đuôi của con chó hướng xuống đất.,train
dog_047.jpg,Con chó đang nhấc bao nhiêu chân?,Con chó đang nhấc một chân.,train
dog_048.jpg,Những bông hoa trong ảnh có màu gì?,Những bông hoa có màu tím.,train
dog_048.jpg,Con chó có lông màu đen phải không?,"Không, con chó có lông màu trắng.",train
dog_048.jpg,Con chó đang ngồi ở đâu?,Con chó ngồi cạnh bụi hoa.,train
dog_048.jpg,Có mấy con chó cạnh bụi hoa?,Có một con chó cạnh bụi hoa.,train
dog_049.jpg,Lông của con chó con có màu gì?,Lông của nó có màu nâu vàng.,train
dog_049.jpg,Mõm của con chó này có dài không?,"Không, mõm của nó rất ngắn.",train
dog_049.jpg,Con vật đang đứng trên bề mặt nào?,Nó đang đứng trên thảm cỏ xanh.,train
dog_049.jpg,Trong ảnh có bao nhiêu con chó?,Trong ảnh chỉ có một con chó.,train
dog_050.jpg,Vòng cổ của con chó màu gì?,Vòng cổ của nó màu đỏ.,train
dog_050.jpg,Con chó có đang nhắm mắt không?,"Không, con chó đang mở mắt.",train
dog_050.jpg,Con chó đang làm gì trên cỏ?,Con chó đang nằm trên thảm cỏ.,train
dog_050.jpg,Con chó đeo bao nhiêu chiếc vòng cổ?,Con chó đeo một chiếc vòng cổ.,train
dog_051.jpg,Con vật trong ảnh là gì?,Đây là một con chó.,train
dog_051.jpg,Có bao nhiêu con chó trong ảnh?,Có một con chó trong ảnh.,train
dog_051.jpg,Con chó có những màu gì?,Con chó có màu đen và trắng.,train
dog_051.jpg,Con chó đang đứng trên cỏ phải không?,"Có, con chó đang đứng trên cỏ.",train
dog_052.jpg,Con chó đang đeo cái gì ở cổ?,Con chó đang đeo một vòng cổ.,train
dog_052.jpg,Có mấy con chó trong bức hình?,Có một con chó trong hình.,train
dog_052.jpg,Vòng cổ của con chó màu gì?,Vòng cổ của nó có màu đỏ.,train
dog_052.jpg,Đôi tai của con chó có cụp xuống không?,"Không, đôi tai của con chó dựng đứng.",train
dog_053.jpg,Hai con vật trong ảnh đang làm gì?,Hai con chó đang ngồi trên cỏ.,train
dog_053.jpg,Có bao nhiêu con chó trong ảnh?,Có hai con chó trong ảnh.,train
dog_053.jpg,Lông của hai con chó chủ yếu màu gì?,Lông của chúng chủ yếu màu đen.,train
dog_053.jpg,Cả hai con chó đều đang đứng phải không?,"Không, cả hai con chó đều đang ngồi.",train
dog_054.jpg,Con chó đang đứng ở đâu?,Con chó đang đứng trên bãi cỏ.,train
dog_054.jpg,Có bao nhiêu con chó trong bức ảnh?,Có một con chó trong ảnh.,train
dog_054.jpg,Phần lông ở ngực con chó màu gì?,Lông ở ngực con chó màu trắng.,train
dog_054.jpg,Con chó có đang thè lưỡi không?,"Có, con chó đang thè lưỡi.",train
dog_055.jpg,Con chó đang ngồi gần cái gì?,Con chó đang ngồi gần những bông hoa.,train
dog_055.jpg,Có bao nhiêu con chó ở trong hình?,Chỉ có một con chó trong hình.,train
dog_055.jpg,Những bông hoa phía sau có màu gì?,Những bông hoa có màu trắng và hồng.,train
dog_055.jpg,Con chó có nhìn thẳng vào ống kính không?,"Có, con chó nhìn thẳng vào ống kính.",train
dog_056.jpg,Con vật đang đứng trong đám cỏ là gì?,Đây là một con chó.,train
dog_056.jpg,Có mấy con chó trong bức ảnh này?,Có một con chó trong ảnh này.,train
dog_056.jpg,Phần đầu của con chó có màu gì?,Phần đầu của con chó màu đen.,train
dog_056.jpg,Con chó có bộ lông màu vàng phải không?,"Không, con chó có lông đen và trắng.",train
dog_057.jpg,Con chó đang di chuyển ở đâu?,Con chó đang đi trong cỏ cao.,train
dog_057.jpg,Có bao nhiêu con chó xuất hiện ở đây?,Có một con chó xuất hiện ở đây.,train
dog_057.jpg,Chân trước của con chó có màu gì?,Chân trước của con chó màu trắng.,train
dog_057.jpg,Ánh nắng có chiếu vào con chó không?,"Có, ánh nắng đang chiếu vào con chó.",train
dog_058.jpg,Người đàn ông đang giữ con vật gì?,Người đàn ông đang giữ một con chó.,train
dog_058.jpg,Có bao nhiêu người trong bức ảnh?,Có một người trong bức ảnh.,train
dog_058.jpg,Bộ lông của con chó chủ yếu màu gì?,Lông của con chó chủ yếu màu đen.,train
dog_058.jpg,Con chó có đeo dây xích không?,"Có, con chó có đeo dây xích.",train
dog_059.jpg,Hai con chó đang bước đi trên cái gì?,Hai con chó đang bước trên bãi cỏ.,train
dog_059.jpg,Có bao nhiêu con chó trong bức hình này?,Có hai con chó trong hình này.,train
dog_059.jpg,Dây xích của con chó bên phải màu gì?,Dây xích của nó có màu đỏ.,train
dog_059.jpg,Hai con chó có đang thè lưỡi không?,"Có, hai con chó đang thè lưỡi.",train
dog_060.jpg,Con chó đang đeo cái gì trên cổ?,Con chó đeo một vòng cổ.,train
dog_060.jpg,Có bao nhiêu con chó trong ảnh này?,Có một con chó trong ảnh này.,train
dog_060.jpg,Vòng cổ của con chó có màu gì?,Vòng cổ của con chó có màu hồng.,train
dog_060.jpg,Con chó đang đứng trên bãi cỏ phải không?,"Không, con chó đang ngồi trên bãi cỏ.",train
dog_061.jpg,Đây là con vật gì?,Đây là một con chó.,train
dog_061.jpg,Có bao nhiêu con chó trong ảnh?,Có một con chó trong bức ảnh.,train
dog_061.jpg,Bộ lông của con chó có màu gì?,Lông của nó có màu đen và trắng.,train
dog_061.jpg,Con chó đang đứng trên thảm cỏ phải không?,"Không, con chó đang ngồi trên bãi đá.",train
dog_062.jpg,Bức ảnh chụp con vật gì?,Bức ảnh chụp một con chó.,train
dog_062.jpg,Có mấy con chó đang chạy?,Có một con chó đang chạy.,train
dog_062.jpg,Con chó này có bộ lông màu gì?,Con chó này có lông màu trắng.,train
dog_062.jpg,Con chó đang nằm ngủ phải không?,"Không, con chó đang chạy trên bãi cỏ.",train
dog_063.jpg,Con chó này có thân hình thế nào?,Con chó này có thân hình rất to.,train
dog_063.jpg,Bạn nhìn thấy mấy con chó trong ảnh?,Tôi nhìn thấy một con chó trong ảnh.,train
dog_063.jpg,Chân của con chó có màu gì?,Chân của con chó có màu vàng nâu.,train
dog_063.jpg,Con chó đang đứng yên phải không?,"Có, con chó đang đứng yên trên đường.",train
dog_064.jpg,Ai đang bế con chó?,Một người đang bế con chó.,train
dog_064.jpg,Có bao nhiêu con chó được bế?,Có một con chó được bế.,train
dog_064.jpg,Viền của bức ảnh có màu gì?,Viền của bức ảnh có màu xanh dương.,train
dog_064.jpg,Người bế chó có đeo nhẫn không?,"Có, người đó có đeo một chiếc nhẫn.",train
dog_065.jpg,Đây là loài vật gì?,Đây là những con chó con.,train
dog_065.jpg,Có bao nhiêu con chó xuất hiện trong ảnh?,Có hai con chó xuất hiện trong ảnh.,train
dog_065.jpg,Chó con có tai màu gì?,Tai của chúng có màu đen và nâu.,train
dog_065.jpg,Những con chó đang ngồi trên thảm cỏ phải không?,"Có, chúng đang ngồi trên thảm cỏ xanh.",train
dog_066.jpg,Phía sau con chó có vật gì?,Phía sau con chó có những khúc gỗ.,train
dog_066.jpg,Có mấy con chó trong hình?,Chỉ có một con chó trong hình.,train
dog_066.jpg,Mắt của con chó có màu gì?,Mắt của con chó có màu nâu.,train
dog_066.jpg,Tai của con chó bị cắt ngắn phải không?,"Có, tai của nó đã bị cắt ngắn.",train
dog_067.jpg,Con chó đang đeo vật gì trên cổ?,Con chó đang đeo một chiếc vòng cổ.,train
dog_067.jpg,Có mấy con chó trong bức ảnh này?,Chỉ có một con chó trong bức ảnh.,train
dog_067.jpg,Bộ lông của con chó chủ yếu màu gì?,Bộ lông của nó chủ yếu màu đen.,train
dog_067.jpg,Con chó đang chạy có phải không?,"Không, con chó đang đứng yên.",train
dog_068.jpg,Đây là chó thật hay chó đồ chơi?,Đây là một con chó đồ chơi.,train
dog_068.jpg,Có bao nhiêu con chó trong hình?,Có một con chó trong hình.,train
dog_068.jpg,Lông của con chó có màu gì?,Lông của nó có màu xám và đen.,train
dog_068.jpg,Con chó có bộ lông mượt mà phải không?,"Không, bộ lông của nó trông rất xù.",train
dog_069.jpg,Con chó đứng phía trước có thân hình thế nào?,Nó có thân hình rất to và khỏe.,train
dog_069.jpg,Có mấy con chó trong bức hình?,Có hai con chó trong bức hình.,train
dog_069.jpg,Con chó phía trước có màu gì?,Nó có bộ lông màu đen.,train
dog_069.jpg,Con chó phía trước đang ngậm đồ vật phải không?,"Không, con chó không ngậm đồ vật nào.",train
dog_070.jpg,Con chó đang đứng ở đâu?,Con chó đang đứng trên một bức tường.,train
dog_070.jpg,Trong ảnh có mấy con chó?,Trong ảnh chỉ có một con chó.,train
dog_070.jpg,Lông ở cổ con chó màu gì?,Lông ở cổ con chó có màu trắng.,train
dog_070.jpg,Con chó có thè lưỡi ra không?,"Có, con chó đang thè lưỡi ra.",train
dog_071.jpg,Con vật trong ảnh là con gì?,Đây là một con chó.,train
dog_071.jpg,Con chó có bộ lông màu gì?,Con chó có bộ lông màu nâu.,train
dog_071.jpg,Con chó đang ngoạm thứ gì trong miệng?,Con chó đang ngoạm một con chim.,train
dog_071.jpg,Con chó có đang đứng trên bãi cỏ không?,"Có, con chó đang đứng trên cỏ.",train
dog_072.jpg,Đây là con chó thật hay bức tượng?,Đây là một bức tượng con chó.,train
dog_072.jpg,Bức tượng con chó có màu gì?,Bức tượng con chó có màu xám.,train
dog_072.jpg,Bức tượng con chó đang ở tư thế nào?,Bức tượng con chó đang ngồi.,train
dog_072.jpg,Có con vật nào khác trong ảnh không?,"Không, chỉ có một bức tượng chó.",train
dog_073.jpg,Con chó đeo vật gì trên cổ?,Con chó đeo một chiếc vòng cổ.,train
dog_073.jpg,Phần lớn lông của con chó màu gì?,Phần lớn lông con chó màu đen.,train
dog_073.jpg,Con chó có mấy cái tai dựng đứng?,Con chó có hai tai dựng đứng.,train
dog_073.jpg,Đuôi của con chó có vểnh lên không?,"Có, đuôi của nó đang vểnh lên.",train
dog_074.jpg,Có bao nhiêu con chó trong bức ảnh này?,Có hai con chó trong bức ảnh.,train
dog_074.jpg,Những con chó này có màu gì?,Những con chó này có màu nâu.,train
dog_074.jpg,Phía sau những con chó có vật gì?,Phía sau chúng là cây thông Noel.,train
dog_074.jpg,Hai con chó có đang ở ngoài trời không?,"Không, chúng đang ở trong nhà.",train
dog_075.jpg,Lông của con chó có màu gì?,Lông của con chó có màu trắng.,train
dog_075.jpg,Con chó đang đứng trên bề mặt nào?,Con chó đang đứng trên nền gạch.,train
dog_075.jpg,Có bao nhiêu hình trái tim trong ảnh?,Có một hình trái tim trong ảnh.,train
dog_075.jpg,Lông của con chó có xù lên không?,"Có, lông của nó rất xù.",train
dog_076.jpg,Con chó đang nằm trong vật gì?,Con chó đang nằm trong một chiếc hộp.,train
dog_076.jpg,Chiếc vòng cổ của con chó có màu gì?,Chiếc vòng cổ có màu xanh lá.,train
dog_076.jpg,Con chó đang làm gì với chiếc lưỡi?,Con chó đang thè lưỡi ra ngoài.,train
dog_076.jpg,Trên chiếc hộp có hoa văn không?,"Có, chiếc hộp có hoa văn hình hoa.",train
dog_077.jpg,Có mấy con chó đang ngồi trên cỏ?,Có một con chó ngồi trên cỏ.,train
dog_077.jpg,Lông của con chó này màu gì?,Lông của con chó này màu vàng.,train
dog_077.jpg,Con chó đang há hay ngậm miệng?,Con chó đang há miệng rất to.,train
dog_077.jpg,Có đồ chơi nào cạnh con chó không?,"Có, có một đồ chơi bên cạnh.",train
dog_078.jpg,Lông con chó chủ yếu có màu gì?,Lông chó có màu đen và vàng.,train
dog_078.jpg,Con chó đang đứng ở đâu?,Con chó đang đứng trên bãi cỏ.,train
dog_078.jpg,Con chó dùng mấy chân để đứng?,Con chó đứng bằng bốn cái chân.,train
dog_078.jpg,Lưỡi con chó có thè ra không?,"Có, lưỡi con chó đang thè ra.",train
dog_079.jpg,Con chó đang ở trong vật gì?,Con chó đang ở trong ngôi nhà gỗ.,train
dog_079.jpg,Ngôi nhà của chó có màu gì?,Ngôi nhà của chó có màu nâu.,train
dog_079.jpg,Có bao nhiêu con chó trong ảnh?,Chỉ có một con chó trong ảnh.,train
dog_079.jpg,Con chó có lông màu đen phải không?,"Không, con chó có lông màu trắng.",train
dog_080.jpg,Khung cảnh phía sau con chó là gì?,Khung cảnh phía sau là đồi núi.,train
dog_080.jpg,Con chó có những màu lông nào?,Lông chó có màu đen và trắng.,train
dog_080.jpg,Có bao nhiêu con chó trong ảnh?,Chỉ có một con chó đang chạy.,train
dog_080.jpg,Con chó có đang chạy trên tuyết không?,"Không, con chó đang chạy trên cỏ.",train
dog_081.jpg,Con vật trong ảnh là con gì?,Đây là một con chó.,train
dog_081.jpg,Có bao nhiêu con chó trong ảnh?,Có một con chó trong ảnh.,train
dog_081.jpg,Bộ lông của con chó có màu gì?,Lông chó có màu đen và nâu.,train
dog_081.jpg,Con chó đang đứng phải không?,"Không, con chó đang ngồi.",train
dog_082.jpg,Con chó đang đứng trên nền gì?,Chó đứng trên nền sỏi đá.,train
dog_082.jpg,Trong ảnh có mấy con chó?,Trong ảnh có một con chó.,train
dog_082.jpg,Bộ lông của con chó có màu gì?,Lông chó có màu trắng chủ đạo.,train
dog_082.jpg,Con chó có đang nhìn vào ống kính không?,"Có, chó nhìn vào ống kính.",train
dog_083.jpg,Các con vật trong ảnh là gì?,Chúng là những con chó con.,train
dog_083.jpg,Có bao nhiêu con chó trong bức ảnh?,Có bốn con chó trong ảnh.,train
dog_083.jpg,Những con chó đang ở đâu?,Chúng đang đứng trên bãi đất.,train
dog_083.jpg,Có con chó nào màu đen không?,"Có, có một con chó màu đen.",train
dog_084.jpg,Động vật trong ảnh thuộc loài gì?,Động vật trong ảnh là loài chó.,train
dog_084.jpg,Có tổng cộng mấy con chó?,Có bốn con chó trong xe.,train
dog_084.jpg,Bầy chó đang đứng ở đâu?,Chúng đứng trong cốp xe ô tô.,train
dog_084.jpg,Những con chó có đeo vòng cổ không?,"Có, chúng có đeo vòng cổ.",train
dog_085.jpg,Con chó có bộ lông như thế nào?,Con chó có bộ lông rất dài.,train
dog_085.jpg,Trong hình có bao nhiêu con chó?,Chỉ có một con chó trong hình.,train
dog_085.jpg,Con chó đang làm gì?,Con chó đang đứng trên bãi cỏ.,train
dog_085.jpg,Lưỡi của con chó có màu đen phải không?,"Không, lưỡi con chó màu hồng.",train
dog_086.jpg,Nền đất phía dưới con chó làm bằng gì?,Nền đất được làm bằng bê tông.,train
dog_086.jpg,Bạn thấy mấy con vật trong ảnh?,Tôi thấy một con chó trong ảnh.,train
dog_086.jpg,Bộ lông của con chó có màu gì?,Con chó có màu vàng nhạt.,train
dog_086.jpg,Đuôi của con chó có đang cụp xuống không?,"Không, đuôi của chó đang vểnh lên.",train
dog_087.jpg,Con chó đang đứng ở bối cảnh nào?,Con chó đang đứng ở trong rừng.,train
dog_087.jpg,Có mấy con chó trong bức ảnh?,Có một con chó trong bức ảnh.,train
dog_087.jpg,Con chó đang nhìn về hướng nào?,Con chó đang nhìn sang bên trái.,train
dog_087.jpg,Bộ lông của chó có vằn vện không?,"Có, lông chó có vằn vện.",train
dog_088.jpg,Con chó đang có hành động gì?,Con chó đang chạy trên dốc cỏ.,train
dog_088.jpg,Có bao nhiêu con chó đang chạy?,Có một con chó đang chạy nhanh.,train
dog_088.jpg,Động vật trong bức ảnh là con gì?,Đây là một con chó.,train
dog_088.jpg,Con chó có màu trắng phải không?,"Không, con chó có màu đen.",train
dog_089.jpg,Những con chó đang đứng trên bề mặt gì?,Chúng đang đứng trên thảm cỏ xanh.,train
dog_089.jpg,Có bao nhiêu con chó trong bức ảnh?,Có hai con chó trong bức ảnh.,train
dog_089.jpg,Con chó bên trái có màu gì?,Con chó bên trái có màu trắng xám.,train
dog_089.jpg,Hai con chó có đang nhìn lên trên không?,"Có, hai con chó đang ngước nhìn.",train
dog_090.jpg,Những con chó trong ảnh có điểm chung gì?,Những con chó đều đang thè lưỡi.,train
dog_090.jpg,Bức ảnh chụp tổng cộng mấy con chó?,Bức ảnh chụp tổng cộng ba con chó.,train
dog_090.jpg,Lông của những con chó có màu gì?,Lông của chúng có màu đen trắng.,train
dog_090.jpg,Những con chó có đứng trên nền tuyết không?,"Không, chúng đứng trên bãi cỏ.",train
dog_091.jpg,Đây là con gì?,Đây là một con chó con.,train
dog_091.jpg,Có bao nhiêu con chó con trong ảnh?,Có một con chó con trong ảnh.,train
dog_091.jpg,Chú chó có màu gì?,Chú chó có màu đen và vàng nâu.,train
dog_091.jpg,Chú chó có đang ngoạm vật gì không?,"Có, chú chó đang ngoạm một chiếc giày.",train
dog_092.jpg,Chú chó này thuộc giống gì?,Chú chó này là giống Lạp xưởng.,train
dog_092.jpg,Có bao nhiêu con chó trong bức ảnh?,Có một con chó trong bức ảnh.,train
dog_092.jpg,Nền ảnh chủ yếu là màu gì?,Nền ảnh chủ yếu là màu xanh lá.,train
dog_092.jpg,Chú chó có đang nằm không?,"Không, chú chó đang đứng trên cỏ.",train
dog_093.jpg,Đây là những con gì?,Đây là những chú chó con.,train
dog_093.jpg,Có bao nhiêu con chó con trong ảnh?,Có năm con chó con trong ảnh.,train
dog_093.jpg,Chú chó ở giữa có màu gì?,Chú chó ở giữa có màu nâu sẫm.,train
dog_093.jpg,Các chú chó nằm trực tiếp trên cỏ phải không?,"Không, chúng đang nằm trên một tấm vải.",train
dog_094.jpg,Chú chó ở phía trước là giống gì?,Đó là một con chó Pitbull.,train
dog_094.jpg,Có bao nhiêu con chó xuất hiện trong ảnh?,Có hai con chó xuất hiện trong ảnh.,train
dog_094.jpg,Chú chó ở phía sau có màu gì?,Chú chó ở phía sau có màu nâu.,train
dog_094.jpg,Chú chó xám có đang đứng không?,"Không, chú chó xám đang ngồi.",train
dog_095.jpg,Chú chó này thuộc giống chó gì?,Chú chó này thuộc giống Phốc Hươu.,train
dog_095.jpg,Chú chó có bao nhiêu cái tai?,Chú chó có hai cái tai.,train
dog_095.jpg,Chú chó này có những màu gì?,Chú chó này có màu đen và vàng.,train
dog_095.jpg,Chú chó có đeo vòng cổ không?,"Có, chú chó đang đeo một vòng cổ.",train
dog_096.jpg,Giống chó trong ảnh là gì?,Đó là giống chó Golden Retriever.,train
dog_096.jpg,Có mấy con chó xuất hiện trong ảnh?,Có một con chó xuất hiện trong ảnh.,train
dog_096.jpg,Bộ lông của chú chó có màu gì?,Bộ lông chú chó có màu vàng kem.,train
dog_096.jpg,Chú chó có đang nhìn về phía trước không?,"Không, chú chó đang nhìn sang bên phải.",train
dog_097.jpg,Hai con vật trong ảnh là gì?,Đó là hai chú chó con.,train
dog_097.jpg,Có bao nhiêu chú chó con trong bức ảnh?,Có hai chú chó con trong bức ảnh.,train
dog_097.jpg,Hai chú chó con có màu gì?,Hai chú chó con có màu trắng.,train
dog_097.jpg,Hai chú chó có đang tự đứng trên đất không?,"Không, hai chú chó đang được người bế.",train
dog_098.jpg,Con vật trong ảnh là con gì?,Đó là một chú chó con xù lông.,train
dog_098.jpg,Có bao nhiêu con chó trong bức ảnh này?,Có một con chó trong bức ảnh này.,train
dog_098.jpg,Cái chậu ở bên phải có màu gì?,Cái chậu ở bên phải có màu nâu.,train
dog_098.jpg,Chú chó có đang nằm trên thềm đá không?,"Không, chú chó đang ngồi trên thềm đá.",train
dog_099.jpg,Con chó này thuộc giống gì?,Con chó này thuộc giống Beagle.,train
dog_099.jpg,Có bao nhiêu con chó trong bức ảnh?,Có một con chó trong bức ảnh.,train
dog_099.jpg,Chú chó có những màu gì?,Chú chó có màu trắng đen và vàng.,train
dog_099.jpg,Chú chó có đang ở bên ngoài hàng rào không?,"Không, chú chó ở phía sau hàng rào.",train
dog_100.jpg,Đây là giống chó gì?,Đây là một con chó Bully Mỹ.,train
dog_100.jpg,Có mấy chú chó xuất hiện trong ảnh?,Có một chú chó xuất hiện trong ảnh.,train
dog_100.jpg,Chú chó chủ yếu có màu gì?,Chú chó chủ yếu có màu nâu sẫm.,train
dog_100.jpg,Chú chó có đang khép miệng không?,"Không, chú chó đang mở to miệng.",train
elephant_001.jpg,Con vật trong bức ảnh là con gì?,Đây là một con voi.,train
elephant_001.jpg,Da của con vật này có màu gì?,Da của nó có màu xám.,train
elephant_001.jpg,Có bao nhiêu con voi trong bức ảnh này?,Có một con voi trong ảnh.,train
elephant_001.jpg,Mắt của con voi có đang mở không?,"Có, mắt con voi đang mở.",train
elephant_002.jpg,Con vật đang nằm ngửa là con gì?,Đó là một con hà mã.,train
elephant_002.jpg,Có bao nhiêu con vật xuất hiện ở đây?,Có hai con vật xuất hiện.,train
elephant_002.jpg,Bụi mù có đang bay lên từ mặt đất không?,"Có, bụi mù đang bay lên.",train
elephant_002.jpg,Con voi lớn có đang đứng yên không?,"Không, con voi lớn đang di chuyển.",train
elephant_003.jpg,Đồ vật gì được đặt dựa vào con voi?,Đó là một cây súng dài.,train
elephant_003.jpg,Con voi trong bức ảnh đang ở tư thế nào?,Con voi đang nằm trên mặt đất.,train
elephant_003.jpg,Có bao nhiêu cây súng trong ảnh?,Có một cây súng trong ảnh.,train
elephant_003.jpg,Con voi này có cặp ngà dài không?,"Có, nó có cặp ngà rất dài.",train
elephant_004.jpg,Con voi này đang được trưng bày ở đâu?,Nó được trưng bày trong bảo tàng.,train
elephant_004.jpg,Con voi trong ảnh có mấy cái ngà?,Con voi có hai cái ngà.,train
elephant_004.jpg,Sàn nhà trong bức ảnh có màu gì?,Sàn nhà có màu nâu gỗ.,train
elephant_004.jpg,Con voi này có phải động vật còn sống không?,"Không, đây là một tiêu bản.",train
elephant_005.jpg,Những người trong ảnh đang làm hành động gì?,Họ đang cưỡi trên lưng voi.,train
elephant_005.jpg,Có bao nhiêu con voi xuất hiện trong ảnh?,Có năm con voi trong ảnh.,train
elephant_005.jpg,Áo của những người cưỡi voi có màu gì?,Họ mặc áo màu xanh dương.,train
elephant_005.jpg,Xung quanh khu vực này có nhiều cây cối không?,"Có, xung quanh có rất nhiều cây.",train
elephant_006.jpg,Con voi đang đứng trên bề mặt nào?,Nó đang đứng trên nền xi măng.,train
elephant_006.jpg,Bức ảnh chụp bao nhiêu con voi?,Bức ảnh chỉ chụp một con.,train
elephant_006.jpg,Phần ngà của con voi này dài hay ngắn?,Con voi có ngà rất ngắn.,train
elephant_006.jpg,Khu vực con voi đứng có nhiều cỏ xanh không?,"Không, khu vực này không có cỏ.",train
elephant_007.jpg,Đàn voi đang di chuyển ở khu vực nào?,Chúng đi trên một đồng cỏ rộng.,train
elephant_007.jpg,Đồng cỏ trong bức ảnh có màu gì?,Đồng cỏ có màu vàng úa.,train
elephant_007.jpg,Có bao nhiêu đám mây lớn trên bầu trời?,Có nhiều đám mây trắng lớn.,train
elephant_007.jpg,Bầu trời trong bức ảnh có màu xanh không?,"Có, bầu trời có màu xanh dương.",train
elephant_008.jpg,Con voi đang di chuyển trên bề mặt nào?,Nó đi trên một con đường đất.,train
elephant_008.jpg,Con voi trong hình có bao nhiêu cái vòi?,Nó có một cái vòi dài.,train
elephant_008.jpg,Vòi của con voi đang để ở trạng thái nào?,Vòi của nó đang thả lỏng xuống.,train
elephant_008.jpg,Con voi này có ngà dài không?,"Không, nó không có ngà dài.",train
elephant_009.jpg,Phía sau con voi có bộ phận gì của cây?,Phía sau có rất nhiều lá xanh.,train
elephant_009.jpg,Có bao nhiêu con voi xuất hiện trong hình?,Chỉ có một con voi trong ảnh.,train
elephant_009.jpg,Lá cây phía sau con voi có màu gì?,Lá cây có màu xanh lục.,train
elephant_009.jpg,Con voi có đang nhìn thẳng về phía trước không?,"Có, nó đang nhìn về phía trước.",train
elephant_010.jpg,Hai con voi đang làm hành động gì với nhau?,Chúng đang chạm vòi vào nhau.,train
elephant_010.jpg,Cỏ dưới chân hai con voi có màu gì?,Cỏ dưới chân có màu vàng khô.,train
elephant_010.jpg,Có bao nhiêu con voi ở trong bức ảnh?,Có hai con voi trong ảnh.,train
elephant_010.jpg,Hai con voi này có đang đứng trên cỏ không?,"Có, chúng đang đứng trên cỏ.",train
elephant_011.jpg,Trong ảnh có những con vật gì?,Ảnh có hai con voi đang đứng cạnh nhau.,train
elephant_011.jpg,Có bao nhiêu con voi xuất hiện trong hình?,Trong hình có tất cả hai con voi.,train
elephant_011.jpg,Con voi nhỏ có màu sắc như thế nào?,Con voi nhỏ có màu xám đậm.,train
elephant_011.jpg,Hai con voi đang đứng trên bãi cỏ phải không?,"Có, chúng đang đứng trên thảm cỏ xanh.",train
elephant_012.jpg,Có bao nhiêu con voi trong bức ảnh này?,Bức ảnh chỉ xuất hiện một con voi.,train
elephant_012.jpg,Con vật trong ảnh có ngà hay không?,"Có, con voi này có hai chiếc ngà dài.",train
elephant_012.jpg,Con voi đang đứng ở vị trí nào?,Nó đang đứng giữa một đồng cỏ rộng.,train
elephant_012.jpg,Đôi tai của con voi có đang giang rộng không?,"Có, hai tai của nó đang giang rất rộng.",train
elephant_013.jpg,Ai là người đang ngồi trên lưng con voi?,Một người đàn ông đang ngồi trên lưng voi.,train
elephant_013.jpg,Có bao nhiêu người đang cưỡi con voi này?,Chỉ có duy nhất một người đang cưỡi voi.,train
elephant_013.jpg,Con voi đang thực hiện hành động gì?,Con voi đang lội qua một dòng sông.,train
elephant_013.jpg,Trên lưng voi có mang theo một chiếc lồng không?,"Có, trên lưng nó có một chiếc lồng gỗ.",train
elephant_014.jpg,Góc chụp này cho thấy bộ phận nào của voi?,Ảnh chụp con voi từ phía sau lưng.,train
elephant_014.jpg,Bạn thấy có bao nhiêu cái đuôi voi?,Tôi thấy có một cái đuôi voi đang rủ.,train
elephant_014.jpg,Con voi đang di chuyển về hướng nào?,Nó đang bước đi về phía cánh rừng xa.,train
elephant_014.jpg,Người xem có nhìn thấy vòi của con voi không?,"Không, vòi của nó đã bị thân mình che.",train
elephant_015.jpg,Bạn nhìn thấy mấy con voi trong khung hình?,Tôi nhìn thấy hai con voi đang bước đi.,train
elephant_015.jpg,Mối quan hệ của hai con vật là gì?,Đó là một cặp voi mẹ và voi con.,train
elephant_015.jpg,Màu sắc chủ đạo của bãi đất dưới chân voi?,Bãi đất có màu vàng nhạt của cỏ khô.,train
elephant_015.jpg,Hai con voi có đang đi cùng một hướng không?,"Có, cả hai con đều đi về phía phải.",train
elephant_016.jpg,Những con vật nhỏ đang bao vây voi là gì?,Đó là một bầy linh cẩu hung dữ.,train
elephant_016.jpg,Bức ảnh này mô tả bao nhiêu con voi?,Bức ảnh này chỉ mô tả một con voi.,train
elephant_016.jpg,Mặt đất xung quanh con voi trông như thế nào?,Bụi đất đang bị xới lên mù mịt.,train
elephant_016.jpg,Con voi có đang xua đuổi bầy linh cẩu không?,"Có, nó đang quay người xua đuổi chúng.",train
elephant_017.jpg,Những phương tiện nào xuất hiện trong ảnh?,Trong ảnh có hai chiếc xe ô tô du lịch.,train
elephant_017.jpg,Có bao nhiêu chiếc xe đang đậu trên đường?,Có hai chiếc xe đang đậu trên đường đất.,train
elephant_017.jpg,Con voi đang ở vị trí nào so với những chiếc xe?,Con voi đang đi ngang qua trước đầu xe.,train
elephant_017.jpg,Con voi này có sở hữu đôi ngà dài không?,"Có, nó có một đôi ngà rất dài.",train
elephant_018.jpg,Con vật đang đứng một mình trên cỏ là gì?,Đó là một con voi con đơn độc.,train
elephant_018.jpg,Bạn đếm được bao nhiêu con voi trong hình?,Tôi đếm được một con voi con duy nhất.,train
elephant_018.jpg,Khung cảnh phía sau con voi có gì?,Phía sau là một rừng cây rậm rạp.,train
elephant_018.jpg,Con voi này đã có ngà hay chưa?,"Không, con voi con này vẫn chưa mọc ngà.",train
elephant_019.jpg,Lớp da của con voi có màu sắc gì đặc biệt?,Da của nó có màu nâu đỏ của bùn.,train
elephant_019.jpg,Chân sau của con voi đang đặt lên đâu?,Chân sau của nó đang đặt trên tảng đá.,train
elephant_019.jpg,Số lượng con voi xuất hiện trong ảnh này?,Chỉ có một con voi xuất hiện trong ảnh.,train
elephant_019.jpg,Phía sau con voi có một hồ nước phải không?,"Có, phía sau là một mặt hồ phẳng lặng.",train
elephant_020.jpg,Có tất cả bao nhiêu con voi trong ảnh?,Trong ảnh có hai con voi trưởng thành.,train
elephant_020.jpg,Có những đối tượng nào đang ở trên lưng voi?,Có ba người khách đang ngồi trên lưng voi.,train
elephant_020.jpg,Thảm thực vật ở phía sau có màu gì?,Cây cối ở phía sau có màu xanh mướt.,train
elephant_020.jpg,Hai con voi đang đứng trên cạn đúng không?,"Không, chúng đang đứng dưới nước sát bờ.",train
elephant_021.jpg,Trong ảnh có những con vật nào?,Đây là hai con voi con.,train
elephant_021.jpg,Có bao nhiêu con voi trong hình?,Trong hình có hai con voi.,train
elephant_021.jpg,Đất ở dưới chân voi có màu gì?,Đất có màu nâu nhạt.,train
elephant_021.jpg,Hai con voi có đang đùa giỡn với nhau không?,"Có, hai con voi đang đùa giỡn.",train
elephant_022.jpg,Con vật nào xuất hiện nhiều nhất trong ảnh?,Con voi xuất hiện nhiều nhất.,train
elephant_022.jpg,Có bao nhiêu con voi con ở bên trái?,Có một con voi con.,train
elephant_022.jpg,Da của bầy voi có màu gì?,Da của bầy voi có màu xám.,train
elephant_022.jpg,Bầy voi có đang đứng trên bãi cỏ không?,"Có, bầy voi đang đứng trên cỏ.",train
elephant_023.jpg,Ai đang cưỡi trên lưng những con voi lớn?,Có hai người đang cưỡi voi.,train
elephant_023.jpg,Có bao nhiêu con voi con đang đi?,Có một con voi con đang đi.,train
elephant_023.jpg,Áo của người ngồi trên voi bên phải màu gì?,Áo của người đó màu xanh.,train
elephant_023.jpg,Những con voi có đi trên đường nhựa không?,"Không, chúng đi trên đường đất.",train
elephant_024.jpg,Con voi đang dùng bộ phận nào để lấy thức ăn?,Con voi dùng vòi lấy thức ăn.,train
elephant_024.jpg,Có bao nhiêu chiếc vòi voi trong hình?,Có một chiếc vòi voi.,train
elephant_024.jpg,Da của con voi có màu gì?,Da của con voi có màu xám.,train
elephant_024.jpg,Con voi có đang cuộn vòi lại không?,"Có, con voi đang cuộn vòi lại.",train
elephant_025.jpg,Con voi đang phun cái gì ra từ vòi?,Con voi đang phun nước ra.,train
elephant_025.jpg,Có mấy người đang tắm cho voi?,Có ba người quanh con voi.,train
elephant_025.jpg,Chiếc nón của người phía sau có màu gì?,Chiếc nón đó có màu xanh.,train
elephant_025.jpg,Con voi có đang ở trên bờ không?,"Không, con voi đang ở dưới nước.",train
elephant_026.jpg,Con vật trong ảnh là con gì?,Đây là một con voi con.,train
elephant_026.jpg,Có bao nhiêu cái cây lớn cạnh con voi?,Có một cái cây lớn cạnh nó.,train
elephant_026.jpg,Cỏ dưới chân voi có màu gì?,Cỏ dưới chân có màu xanh.,train
elephant_026.jpg,Con voi có đang cuộn vòi lại không?,"Có, nó đang cuộn vòi lại.",train
elephant_027.jpg,Điểm nổi bật trên mặt con voi này là gì?,Nó có cặp ngà rất dài.,train
elephant_027.jpg,Con voi có mấy chiếc ngà?,Con voi có hai chiếc ngà.,train
elephant_027.jpg,Ngà của con voi có màu gì?,Ngà của nó có màu trắng.,train
elephant_027.jpg,Con voi có đang bơi dưới nước không?,"Không, nó đang đứng trên bờ.",train
elephant_028.jpg,Voi mẹ đang làm gì với voi con?,Voi mẹ đang giúp voi con.,train
elephant_028.jpg,Có bao nhiêu con voi trong hình?,Có hai con voi trong hình.,train
elephant_028.jpg,Đất ở vùng trũng có màu gì?,Đất ở đó có màu nâu.,train
elephant_028.jpg,Voi con có bị mắc kẹt dưới hố không?,"Có, voi con đang ở dưới hố.",train
elephant_029.jpg,Những con vật này đang đi đâu?,Chúng đang đi trên đồng cỏ.,train
elephant_029.jpg,Có bao nhiêu con voi lớn trong ảnh?,Có một con voi lớn.,train
elephant_029.jpg,Bầu trời phía sau có màu gì?,Bầu trời có màu xanh nhạt.,train
elephant_029.jpg,Con voi lớn có ngà không?,"Có, con voi lớn có ngà.",train
elephant_030.jpg,Bầy voi đang đi theo đội hình nào?,Chúng đi theo một hàng dọc.,train
elephant_030.jpg,Con voi đi đầu có mấy chiếc ngà?,Nó có hai chiếc ngà.,train
elephant_030.jpg,Bụi mù dưới chân bầy voi có màu gì?,Bụi có màu vàng nhạt.,train
elephant_030.jpg,Bầu trời trong ảnh có nhiều mây không?,"Không, bầu trời rất trong xanh.",train
elephant_031.jpg,Trong ảnh có những con vật nào?,Trong ảnh có hai con voi.,train
elephant_031.jpg,Con voi lớn đang làm gì?,Con voi lớn đang đi bộ.,train
elephant_031.jpg,Con voi nhỏ đi ở đâu?,Con voi nhỏ đi bên cạnh con lớn.,train
elephant_031.jpg,Con voi lớn có ngà không?,"Có, con voi lớn có ngà.",train
elephant_032.jpg,Có bao nhiêu con voi trong ảnh?,Có ba con voi trong ảnh.,train
elephant_032.jpg,Hai con voi lớn đang làm gì?,Hai con voi lớn đang vòi chạm nhau.,train
elephant_032.jpg,Hai con voi lớn có màu gì?,Hai con voi lớn có màu xám.,train
elephant_032.jpg,Con voi nhỏ có ngước lên không?,"Có, con voi nhỏ đang ngước lên.",train
elephant_033.jpg,Đây là voi trưởng thành hay voi con?,Đây là một con voi con.,train
elephant_033.jpg,Có mấy con voi trong bức hình?,Chỉ có một con voi trong hình.,train
elephant_033.jpg,Nền đất có màu gì?,Nền đất có màu nâu nhạt.,train
elephant_033.jpg,Con voi đang đứng yên phải không?,"Không, con voi con đang bước đi.",train
elephant_034.jpg,Con voi này có màu gì?,Con voi này có màu xám nhạt.,train
elephant_034.jpg,Con voi đang nhấc chân nào lên?,Con voi đang nhấc chân trước lên.,train
elephant_034.jpg,Có mấy con voi trong hình?,Có một con voi trong hình.,train
elephant_034.jpg,Có cây cối phía sau con voi không?,"Có, có cây xanh ở phía sau.",train
elephant_035.jpg,Hai con voi đang đứng như thế nào?,Hai con voi đang quay lưng lại.,train
elephant_035.jpg,Có bao nhiêu con voi trong hình?,Có hai con voi trong hình.,train
elephant_035.jpg,Cây phía sau có màu gì?,Cây phía sau có màu xanh lục.,train
elephant_035.jpg,Con voi bên phải có ngà không?,"Có, con voi bên phải có ngà.",train
elephant_036.jpg,Đàn voi đang đứng ở đâu?,Đàn voi đang đứng dưới nước.,train
elephant_036.jpg,Bầu trời trong ảnh có màu gì?,Bầu trời trong ảnh có màu xanh lam.,train
elephant_036.jpg,Có bao nhiêu con voi đang ở dưới nước?,Có khoảng năm con voi dưới nước.,train
elephant_036.jpg,Đàn voi có đang uống nước không?,"Có, đàn voi đang uống nước.",train
elephant_037.jpg,Voi con trong ảnh có màu gì?,Voi con có màu nâu đỏ nhạt.,train
elephant_037.jpg,Vòi của con voi đang hướng về đâu?,Vòi của voi đang thả hướng xuống đất.,train
elephant_037.jpg,Có mấy con voi xuất hiện rõ trong ảnh?,Có một con voi xuất hiện rõ.,train
elephant_037.jpg,Bức ảnh có chụp voi con không?,"Có, bức ảnh chụp một con voi con.",train
elephant_038.jpg,Hai con voi này đang đi ở đâu?,Chúng đang đi trên nền đất cứng.,train
elephant_038.jpg,Có tổng cộng mấy con voi?,Có tổng cộng hai con voi.,train
elephant_038.jpg,Con voi lớn có màu gì?,Con voi lớn có màu xám sẫm.,train
elephant_038.jpg,Con voi nhỏ đi dưới voi lớn phải không?,"Có, con voi nhỏ đi dưới voi lớn.",train
elephant_039.jpg,Cặp ngà của con voi màu gì?,Cặp ngà của con voi màu trắng.,train
elephant_039.jpg,Có bao nhiêu cái ngà xuất hiện?,Có hai cái ngà xuất hiện.,train
elephant_039.jpg,Con voi đang đứng ở môi trường nào?,Con voi đang đứng trên bãi cỏ.,train
elephant_039.jpg,Con voi này có ngà ngắn không?,"Không, con voi này có ngà rất dài.",train
elephant_040.jpg,Con voi ở phía trước đang làm gì?,Nó đang nâng vòi đưa lên miệng.,train
elephant_040.jpg,Xung quanh bãi đất có gì?,Xung quanh bãi đất có cây xanh.,train
elephant_040.jpg,Cây cối trong ảnh có màu gì?,Cây cối trong ảnh có màu xanh lá.,train
elephant_040.jpg,Bức ảnh chỉ có một con voi đúng không?,"Không, có nhiều con voi trong bức ảnh.",train
elephant_041.jpg,Trong ảnh có con vật gì?,Đây là một con voi con.,train
elephant_041.jpg,Có bao nhiêu con voi trong hình?,Có một con voi trong hình.,train
elephant_041.jpg,Con voi có màu gì?,Con voi có màu xám đen.,train
elephant_041.jpg,Con voi đang đứng trên bãi cỏ khô phải không?,"Có, con voi đang đứng trên bãi cỏ khô.",train
elephant_042.jpg,Con voi đang làm gì?,Con voi đang bước đi trên đồng cỏ.,train
elephant_042.jpg,Có mấy con voi trong bức ảnh này?,Bức ảnh chỉ có một con voi.,train
elephant_042.jpg,Con voi này có cặp ngà không?,"Có, con voi này có một cặp ngà nhỏ.",train
elephant_042.jpg,Bầu trời trong bức ảnh có màu gì?,Bầu trời phía sau có màu xanh nhạt.,train
elephant_043.jpg,Con voi đang ăn gì?,Con voi đang ăn cành cây lá xanh.,train
elephant_043.jpg,Có bao nhiêu người mặc áo xanh lá?,Có hai người mặc áo xanh lá cây.,train
elephant_043.jpg,Tấm áo khoác trên lưng voi màu gì?,Tấm áo khoác có màu nâu và xanh.,train
elephant_043.jpg,Mặt đất dưới chân voi có bùn ướt không?,"Có, mặt đất có rất nhiều bùn ướt.",train
elephant_044.jpg,Điểm nổi bật nhất của con voi này là gì?,Con voi có cặp ngà rất dài.,train
elephant_044.jpg,Con voi này có mấy cái ngà?,Con voi này có hai cái ngà dài.,train
elephant_044.jpg,Bãi cỏ dưới chân voi có màu xanh tươi không?,"Không, bãi cỏ dưới chân voi đã úa vàng.",train
elephant_044.jpg,Con voi đang quay mặt về hướng nào?,Con voi đang quay mặt sang bên phải.,train
elephant_045.jpg,Con voi đang đi ở đâu?,Con voi đang đi giữa những bụi cây khô.,train
elephant_045.jpg,Có bao nhiêu con voi trong bức hình?,Trong hình chỉ có một con voi.,train
elephant_045.jpg,Xung quanh con voi có nhiều cây rậm rạp không?,"Không, xung quanh chỉ có cây cối thưa thớt.",train
elephant_045.jpg,Da của con voi có màu gì?,Da của con voi có màu xám nâu.,train
elephant_046.jpg,Hai con voi đang làm gì với nhau?,Hai con voi đang quấn vòi vào nhau.,train
elephant_046.jpg,Có bao nhiêu cái vòi voi chạm vào nhau?,Có hai cái vòi voi đang chạm nhau.,train
elephant_046.jpg,Da của hai con voi có màu gì?,Da của chúng có màu xám đậm.,train
elephant_046.jpg,Bức ảnh được chụp vào ban ngày phải không?,"Có, bức ảnh được chụp vào ban ngày.",train
elephant_047.jpg,Chân trước của con voi bị làm sao?,Chân trước của con voi bị xích lại.,train
elephant_047.jpg,Có bao nhiêu đoạn xích quấn quanh chân voi?,Có hai đoạn xích quấn quanh chân voi.,train
elephant_047.jpg,Đây là một bức ảnh có màu sắc sặc sỡ không?,"Không, đây là một bức ảnh đen trắng.",train
elephant_047.jpg,Con voi đang nằm ở tư thế nào?,Con voi đang gập chân nằm trên mặt đất.,train
elephant_048.jpg,Bức ảnh chụp những con vật nào?,Bức ảnh chụp một gia đình nhà voi.,train
elephant_048.jpg,Có tổng cộng mấy con voi trong hình?,Có tổng cộng ba con voi trong hình.,train
elephant_048.jpg,Bãi cỏ nơi những con voi đứng có màu xanh không?,"Có, bãi cỏ có màu xanh rất tươi.",train
elephant_048.jpg,Voi mẹ bên phải đang làm gì với voi con?,Voi mẹ đang dùng vòi chạm vào voi con.,train
elephant_049.jpg,Con voi trong ảnh đang ở trạng thái nào?,Con voi đang nằm gục trên mặt đất.,train
elephant_049.jpg,Có bao nhiêu người xuất hiện một phần trong ảnh?,Có hai người xuất hiện trong bức ảnh này.,train
elephant_049.jpg,Mặt trời có đang chiếu sáng vào mặt con voi không?,"Có, ánh nắng đang chiếu sáng vào mặt voi.",train
elephant_049.jpg,Đôi ủng của người đứng bên phải màu gì?,Đôi ủng của người đó có màu đen.,train
elephant_050.jpg,Con voi đang tấn công con vật nào?,Con voi đang tấn công một con hà mã.,train
elephant_050.jpg,Có bao nhiêu con hà mã trong bức hình?,Chỉ có một con hà mã trong hình.,train
elephant_050.jpg,Lớp đất bụi bay lên có màu gì?,Lớp đất bụi bay lên có màu nâu vàng.,train
elephant_050.jpg,Con hà mã có đang bị lật ngửa không?,"Có, con hà mã đang bị lật ngửa lên.",train
elephant_051.jpg,Con vật trong ảnh là con gì?,Đây là một con voi rừng.,train
elephant_051.jpg,Có bao nhiêu con voi trong ảnh?,Có một con voi trong ảnh.,train
elephant_051.jpg,Người đàn ông có đang đứng cạnh con voi không?,"Có, người đàn ông đang đứng cạnh nó.",train
elephant_051.jpg,Con voi có màu trắng phải không?,"Không, con voi có màu xám đậm.",train
elephant_052.jpg,Người đàn ông đang làm gì?,Người đàn ông đang ngồi vẽ tranh.,train
elephant_052.jpg,Có bao nhiêu người trong ảnh?,Có một người đàn ông trong ảnh.,train
elephant_052.jpg,Con voi có đang đứng không?,"Không, con voi đang nằm rạp xuống.",train
elephant_052.jpg,Vị trí của người đàn ông ở đâu?,Người đàn ông ngồi cạnh vòi voi.,train
elephant_053.jpg,Đây là loài động vật nào?,Đây là một con voi lớn.,train
elephant_053.jpg,Đồng cỏ có màu gì?,Đồng cỏ có màu xanh lục.,train
elephant_053.jpg,Con voi có ngà không?,"Có, con voi có cặp ngà dài.",train
elephant_053.jpg,Bạn thấy bao nhiêu con voi?,Tôi thấy một con voi duy nhất.,train
elephant_054.jpg,Con vật đang dùng bộ phận nào để cuộn tròn?,Con voi đang dùng chiếc vòi.,train
elephant_054.jpg,Có bao nhiêu tảng đá phía trước con voi?,Có hai tảng đá lớn phía trước.,train
elephant_054.jpg,Con voi có màu xám nhạt phải không?,"Có, con voi có màu xám nhạt.",train
elephant_054.jpg,Con voi đang đứng ở đâu?,Con voi đang đứng trên đất.,train
elephant_055.jpg,Đây là bộ phận nào của con voi?,Đây là phần đầu của con voi.,train
elephant_055.jpg,Mắt của con voi có màu gì?,Mắt của con voi màu đen.,train
elephant_055.jpg,Vòi của con voi có đang cuộn lên không?,"Có, vòi của nó đang cuộn lên.",train
elephant_055.jpg,Bạn thấy bao nhiêu chiếc vòi trong ảnh?,Tôi thấy một chiếc vòi cuộn.,train
elephant_056.jpg,Đây là con vật gì?,Đây là một con voi con.,train
elephant_056.jpg,Con voi con đang đứng ở đâu?,Con voi đang đứng cạnh cây.,train
elephant_056.jpg,Con voi có đang ăn cỏ không?,"Không, nó đang đứng trên cỏ.",train
elephant_056.jpg,Có bao nhiêu con voi con?,Chỉ có một con voi con.,train
elephant_057.jpg,Loài vật trong ảnh là gì?,Đó là một con voi lớn.,train
elephant_057.jpg,Mặt đất có màu gì chủ đạo?,Mặt đất chủ yếu có màu vàng.,train
elephant_057.jpg,Con voi có hai chiếc ngà dài phải không?,"Có, nó có hai chiếc ngà dài.",train
elephant_057.jpg,Có bao nhiêu cái cây lớn phía sau con voi?,Có một cái cây ở phía sau.,train
elephant_058.jpg,Con voi đang đi dạo ở đâu?,Con voi đang đi trên đồng.,train
elephant_058.jpg,Có bao nhiêu con voi đang đi dạo?,Có một con voi đang đi.,train
elephant_058.jpg,Có vũng nước nào phía sau con voi không?,"Có, có một vũng nước nhỏ.",train
elephant_058.jpg,Những lùm cây phía xa có màu gì?,Những lùm cây có màu xanh.,train
elephant_059.jpg,Những người trong ảnh đang chơi trò gì?,Họ đang chơi bóng trên lưng voi.,train
elephant_059.jpg,Bãi cỏ thi đấu có màu gì?,Bãi cỏ thi đấu có màu xanh.,train
elephant_059.jpg,Có bao nhiêu con voi đang tham gia trận đấu?,Có hai con voi tham gia.,train
elephant_059.jpg,Những con voi có người cưỡi trên lưng không?,"Có, có người cưỡi trên voi.",train
elephant_060.jpg,Con voi đang di chuyển ở địa hình nào?,Nó đang đi trên đất khô.,train
elephant_060.jpg,Con voi có màu sắc như thế nào?,Con voi có màu xám đen.,train
elephant_060.jpg,Xung quanh con voi có nhiều cây xanh không?,"Không, xung quanh chỉ có cây khô.",train
elephant_060.jpg,Bạn đếm được bao nhiêu con voi?,Tôi đếm được một con voi.,train
elephant_061.jpg,Con vật trong ảnh là con gì?,Đây là một con voi.,train
elephant_061.jpg,Có bao nhiêu con voi đang đi bộ?,Có một con voi đang đi bộ.,train
elephant_061.jpg,Con voi đang đi trên bề mặt nào?,Con voi đang đi trên bãi đất.,train
elephant_061.jpg,Con voi trong ảnh có màu trắng phải không?,"Không, con voi này có màu xám.",train
elephant_062.jpg,Con vật nhỏ bé trong ảnh là gì?,Đây là một con voi con.,train
elephant_062.jpg,Có bao nhiêu con voi trong bức ảnh?,Có hai con voi trong bức ảnh.,train
elephant_062.jpg,Da của voi con có màu gì?,Da của voi con có màu xám.,train
elephant_062.jpg,Voi con đang đi cạnh voi lớn phải không?,"Có, voi con đang đi cạnh voi lớn.",train
elephant_063.jpg,Các con voi đang chở ai trên lưng?,Chúng đang chở các khách du lịch.,train
elephant_063.jpg,Có bao nhiêu con voi đang lội nước?,Có ba con voi đang lội nước.,train
elephant_063.jpg,Dòng nước trong bức ảnh có màu gì?,Dòng nước trong ảnh có màu đục.,train
elephant_063.jpg,Những con voi có đang lội qua sông không?,"Có, những con voi đang lội qua sông.",train
elephant_064.jpg,Bức ảnh chụp con vật nào?,Bức ảnh chụp một con voi con.,train
elephant_064.jpg,Có bao nhiêu con voi con trong ảnh?,Có một con voi con trong ảnh.,train
elephant_064.jpg,Voi con đang làm gì với chiếc vòi lớn?,Nó đang quấn lấy chiếc vòi lớn.,train
elephant_064.jpg,Bức ảnh này là ảnh màu phải không?,"Không, đây là một bức ảnh đen trắng.",train
elephant_065.jpg,Bộ phận nào của con voi được chụp cận?,Đó là chiếc vòi của con voi.,train
elephant_065.jpg,Có bao nhiêu chiếc vòi voi trong ảnh?,Có một chiếc vòi voi trong ảnh.,train
elephant_065.jpg,Da của con voi có màu gì?,Da của con voi có màu xám.,train
elephant_065.jpg,Chiếc vòi voi có đang cuộn tròn lại không?,"Có, chiếc vòi voi đang cuộn tròn lại.",train
elephant_066.jpg,Bức ảnh chụp nhóm động vật nào?,Bức ảnh chụp một đàn voi.,train
elephant_066.jpg,Có bao nhiêu con voi con trong ảnh?,Có một con voi con trong ảnh.,train
elephant_066.jpg,Lớp bùn trên người voi có màu gì?,Lớp bùn trên người có màu xám.,train
elephant_066.jpg,Đàn voi có đang đứng trên bãi cỏ không?,"Có, đàn voi đang đứng trên bãi cỏ.",train
elephant_067.jpg,Điểm nổi bật trên mặt con voi là gì?,Con voi có cặp ngà màu trắng.,train
elephant_067.jpg,Có bao nhiêu con voi trong bức ảnh này?,Có một con voi trong bức ảnh.,train
elephant_067.jpg,Ánh nắng trong bức ảnh có màu gì?,Ánh nắng trong ảnh có màu vàng.,train
elephant_067.jpg,Con voi có đang giương đôi tai ra không?,"Có, con voi đang giương đôi tai ra.",train
elephant_068.jpg,Cái cây phía sau con voi như thế nào?,Đó là một cái cây khô trơ trụi.,train
elephant_068.jpg,Có bao nhiêu con voi trong bức ảnh?,Có một con voi trong bức ảnh.,train
elephant_068.jpg,Con voi đang đứng ở vị trí nào?,Con voi đang đứng trên bãi cỏ.,train
elephant_068.jpg,Bầu trời trong bức ảnh có màu xanh không?,"Có, bầu trời trong ảnh màu xanh nhạt.",train
elephant_069.jpg,Con vật trong ảnh đang ăn gì?,Con voi đang ăn những cành lá.,train
elephant_069.jpg,Có bao nhiêu con voi xuất hiện trong ảnh?,Có một con voi xuất hiện trong ảnh.,train
elephant_069.jpg,Lùm cây phía sau con voi có màu gì?,Lùm cây phía sau có màu xanh lục.,train
elephant_069.jpg,Con voi có đang ngậm cỏ trong miệng không?,"Có, con voi đang ngậm cỏ trong miệng.",train
elephant_070.jpg,Con voi con có đặc điểm gì trên đầu?,Đầu voi con có nhiều lông tơ.,train
elephant_070.jpg,Có bao nhiêu con vật trong bức ảnh?,Có hai con vật trong bức ảnh.,train
elephant_070.jpg,Vòi của voi con đang chạm vào đâu?,Vòi của nó chạm vào vòi voi lớn.,train
elephant_070.jpg,Bức ảnh này có màu sắc rực rỡ không?,"Không, bức ảnh này là ảnh đen trắng.",train
elephant_071.jpg,Các con vật trong ảnh là con gì?,Đây là những con voi.,train
elephant_071.jpg,Có bao nhiêu con voi đang uống nước?,Có hai con voi đang uống nước.,train
elephant_071.jpg,Đàn voi này có màu gì?,Đàn voi này có màu xám.,train
elephant_071.jpg,Con voi nhỏ có đang đứng dưới nước không?,"Có, con voi nhỏ đang đứng dưới nước.",train
elephant_072.jpg,Con voi lớn đang cầm gì ở vòi?,Con voi lớn đang cầm cỏ.,train
elephant_072.jpg,Bức ảnh có mấy con voi?,Bức ảnh có tổng cộng hai con voi.,train
elephant_072.jpg,Những con voi này có màu trắng phải không?,"Không, những con voi này có màu xám.",train
elephant_072.jpg,Hai con voi đang làm gì?,Hai con voi đang đi bộ trên bãi cỏ.,train
elephant_073.jpg,Bộ phận nào của con voi đang cuộn tròn?,Chiếc vòi của con voi đang cuộn tròn.,train
elephant_073.jpg,Có bao nhiêu chiếc vòi voi được nhìn thấy rõ?,Có một chiếc vòi voi được nhìn rõ.,train
elephant_073.jpg,Bùn dính trên vòi con voi có màu gì?,Bùn trên vòi con voi có màu xám đen.,train
elephant_073.jpg,Con voi này có đang nhắm mắt không?,"Không, con voi này vẫn đang mở mắt.",train
elephant_074.jpg,Con vật trong ảnh là loài nào?,Đây là một con voi.,train
elephant_074.jpg,Bạn thấy mấy con voi trong bức hình?,Tôi chỉ thấy một con voi trong hình.,train
elephant_074.jpg,Da của con voi có màu gì?,Da của con voi có màu xám nhạt.,train
elephant_074.jpg,Con voi có đang đứng trong rừng rậm không?,"Không, con voi đang đứng trong bãi đất trống.",train
elephant_075.jpg,Vật thể màu bạc bên cạnh con voi là gì?,Đó là một chiếc ô tô màu bạc.,train
elephant_075.jpg,Có bao nhiêu người ngồi trên lưng voi?,Có một người đang ngồi trên lưng voi.,train
elephant_075.jpg,Chiếc xe ô tô có màu đen phải không?,"Không, chiếc xe ô tô có màu bạc.",train
elephant_075.jpg,Vòi của con voi đang hướng về đâu?,Vòi của con voi đang chạm vào ô tô.,train
elephant_076.jpg,Con voi có điểm gì nổi bật ở miệng?,Con voi có hai chiếc ngà dài.,train
elephant_076.jpg,Bức ảnh chụp mấy con voi?,Bức ảnh chụp một con voi đang đứng.,train
elephant_076.jpg,Đồng cỏ xung quanh con voi có màu gì?,Đồng cỏ xung quanh có màu xanh lá cây.,train
elephant_076.jpg,Con voi có đang cuốn cỏ bằng vòi không?,"Có, con voi đang cuốn cỏ bằng vòi.",train
elephant_077.jpg,Con vật nhỏ đứng cạnh con voi lớn là gì?,Đó là một con voi con.,train
elephant_077.jpg,Có mấy con voi trong bức ảnh này?,Có hai con voi trong bức ảnh này.,train
elephant_077.jpg,Bùn đất dưới chân voi có màu gì?,Bùn đất dưới chân có màu nâu xám.,train
elephant_077.jpg,Voi con có đứng phía trước voi mẹ không?,"Có, voi con đang đứng phía trước voi mẹ.",train
elephant_078.jpg,Con vật đang đi tới là con gì?,Con vật đang đi tới là một con voi.,train
elephant_078.jpg,Bạn đếm được bao nhiêu cái ngà?,Tôi đếm được hai cái ngà.,train
elephant_078.jpg,Cây cối phía sau con voi có màu vàng không?,"Không, cây cối phía sau có màu xanh lá.",train
elephant_078.jpg,Con voi đang đi về hướng nào?,Con voi đang đi thẳng về phía trước.,train
elephant_079.jpg,Các con vật có kích thước lớn nhất là gì?,Đó là những con voi trưởng thành.,train
elephant_079.jpg,Có tổng cộng bao nhiêu con voi?,Có tổng cộng ba con voi trong ảnh.,train
elephant_079.jpg,Đất ở khu vực này chủ yếu màu gì?,Đất ở đây chủ yếu có màu nâu.,train
elephant_079.jpg,Có một vũng nước trước mặt bầy voi không?,"Có, có một vũng nước nhỏ phía trước.",train
elephant_080.jpg,Vật gì được đặt trên lưng con voi phía sau?,Đó là một chiếc ghế chở khách.,train
elephant_080.jpg,Có bao nhiêu con voi trong khung hình?,Có hai con voi trong khung hình.,train
elephant_080.jpg,Những hàng rào phía xa có màu gì?,Những hàng rào phía xa có màu trắng.,train
elephant_080.jpg,Vòi của con voi gần nhất có đưa về trước không?,"Có, chiếc vòi đang đưa thẳng về phía trước.",train
elephant_081.jpg,Con vật lớn trong ảnh là con gì?,Con vật này là con tê giác.,train
elephant_081.jpg,Bức ảnh có bao nhiêu con tê giác?,Bức ảnh có hai con tê giác.,train
elephant_081.jpg,Con chim trên lưng tê giác màu gì?,Con chim có bộ lông màu trắng.,train
elephant_081.jpg,Tê giác con đứng cạnh tê giác mẹ phải không?,"Có, nó đứng cạnh tê giác mẹ.",train
elephant_082.jpg,Con vật trong bức ảnh là con gì?,Con vật này là con voi.,train
elephant_082.jpg,Bức ảnh có mấy con voi?,Bức ảnh chỉ có một con voi.,train
elephant_082.jpg,Da của con voi có màu gì?,Da con voi có màu xám.,train
elephant_082.jpg,Con voi đang nhấc vòi lên phải không?,"Không, vòi của nó hướng xuống đất.",train
elephant_083.jpg,Những con vật trong ảnh là con gì?,Những con vật này là con voi.,train
elephant_083.jpg,Bức hình có bao nhiêu con voi?,Bức hình có ba con voi.,train
elephant_083.jpg,Bãi cỏ dưới chân chúng màu gì?,Bãi cỏ có màu xanh lục.,train
elephant_083.jpg,Voi con đi ngoài cùng bên phải phải không?,"Có, con voi nhỏ đi ngoài cùng.",train
elephant_084.jpg,Con vật đang đi dạo là con gì?,Nó là một con voi.,train
elephant_084.jpg,Con voi này có mấy cái ngà?,Con voi có hai cái ngà.,train
elephant_084.jpg,Bầu trời phía sau có màu gì?,Bầu trời có màu xanh dương.,train
elephant_084.jpg,Con voi đang đi trên cỏ xanh phải không?,"Không, nó đi trên nền đất khô.",train
elephant_085.jpg,Con vật đứng trong đồng cỏ là gì?,Con vật đó là con voi.,train
elephant_085.jpg,Bức ảnh có bao nhiêu con voi?,Bức ảnh có một con voi.,train
elephant_085.jpg,Những đám mây trên trời có màu gì?,Những đám mây có màu trắng.,train
elephant_085.jpg,Con voi đang nhìn thẳng vào bạn phải không?,"Có, con voi đang nhìn về trước.",train
elephant_086.jpg,Con vật có ngà dài là con gì?,Nó là một con voi.,train
elephant_086.jpg,Bức ảnh có bao nhiêu con voi?,Bức ảnh có một con voi.,train
elephant_086.jpg,Cặp ngà của con voi có màu gì?,Cặp ngà có màu trắng ngà.,train
elephant_086.jpg,Con voi đang chạy rất nhanh phải không?,"Không, con voi đang đứng rất im.",train
elephant_087.jpg,Hai con vật trong rừng là con gì?,Hai con vật này là con voi.,train
elephant_087.jpg,Bạn thấy mấy con voi trong ảnh?,Bức ảnh có hai con voi.,train
elephant_087.jpg,Lá cây phía sau chúng màu gì?,Lá cây phía sau màu xanh lá.,train
elephant_087.jpg,Hai con voi đang quặp vòi nhau phải không?,"Không, chúng không quặp vòi vào nhau.",train
elephant_088.jpg,Con vật đang bước đi là con gì?,Con vật đó là một con voi.,train
elephant_088.jpg,Bức ảnh có mấy con voi đang đi?,Bức ảnh có một con voi.,train
elephant_088.jpg,Lớp da của con voi có màu gì?,Lớp da có màu xám nhạt.,train
elephant_088.jpg,Con voi đang giơ cao vòi lên phải không?,"Không, vòi của nó đang thả lỏng.",train
elephant_089.jpg,Hai con vật đối mặt nhau là con gì?,Chúng là những con voi.,train
elephant_089.jpg,Có bao nhiêu cái ngà trong ảnh?,Bức ảnh có bốn cái ngà.,train
elephant_089.jpg,Bầu trời phía trên có màu gì?,Bầu trời có màu xanh lam.,train
elephant_089.jpg,Hai con voi đang quay lưng lại với nhau à?,"Không, chúng đang đối mặt với nhau.",train
elephant_090.jpg,Những con vật đứng trên tuyết là con gì?,Chúng là những con voi.,train
elephant_090.jpg,Bức ảnh này có mấy con voi?,Bức ảnh có hai con voi.,train
elephant_090.jpg,Tuyết trên mặt đất có màu gì?,Tuyết trên mặt đất màu trắng.,train
elephant_090.jpg,Voi con đang đứng trước voi mẹ phải không?,"Có, voi con đứng trước voi mẹ.",train
elephant_091.jpg,Con voi đang trong trạng thái nào?,Con voi đang nằm trên mặt đất.,train
elephant_091.jpg,Có bao nhiêu người ở gần con voi?,Có bốn người ở gần con voi.,train
elephant_091.jpg,Bức ảnh có chụp con voi màu xám không?,"Có, bức ảnh chụp con voi màu xám.",train
elephant_091.jpg,Con voi có đang đứng thẳng không?,"Không, con voi không đứng thẳng.",train
elephant_092.jpg,Con vật trong hình là con gì?,Đây là một chú voi con.,train
elephant_092.jpg,Lớp bùn trên da voi có màu gì?,Lớp bùn trên da có màu đỏ đất.,train
elephant_092.jpg,Vòi của con voi có cuộn lại không?,"Có, vòi của con voi đang cuộn lại.",train
elephant_092.jpg,Có bao nhiêu con voi trong hình?,Chỉ có một con voi trong hình.,train
elephant_093.jpg,Con voi đang đứng ở đâu?,Con voi đang đứng giữa đồng cỏ.,train
elephant_093.jpg,Đồng cỏ xung quanh có màu gì?,Đồng cỏ xung quanh có màu vàng khô.,train
elephant_093.jpg,Con voi này có ngà không?,"Có, con voi này có ngà.",train
elephant_093.jpg,Có mấy con voi đang đứng trên đồng cỏ?,Có một con voi đang đứng trên đồng cỏ.,train
elephant_094.jpg,Đồ vật trên vòi con voi là gì?,Đó là một quả bóng đá.,train
elephant_094.jpg,Có bao nhiêu quả bóng trên vòi voi?,Có một quả bóng trên vòi voi.,train
elephant_094.jpg,Con voi có đang giữ thăng bằng bóng không?,"Có, con voi đang giữ thăng bằng bóng.",train
elephant_094.jpg,Quả bóng có màu xanh lá cây không?,"Không, quả bóng không có màu xanh lá cây.",train
elephant_095.jpg,Chú voi con đang làm gì?,Chú voi con đang đi bộ.,train
elephant_095.jpg,Cỏ xung quanh chú voi có màu gì?,Cỏ xung quanh chú voi có màu xanh lá.,train
elephant_095.jpg,Trong hình có hai con voi phải không?,"Không, trong hình chỉ có một con voi.",train
elephant_095.jpg,Chú voi có đang ở ngoài tự nhiên không?,"Có, chú voi đang ở ngoài tự nhiên.",train
elephant_096.jpg,Con voi đang được trưng bày ở đâu?,Con voi đang được trưng bày trong bảo tàng.,train
elephant_096.jpg,Con voi có bao nhiêu chiếc ngà?,Con voi có hai chiếc ngà dài.,train
elephant_096.jpg,Có người đang xem con voi không?,"Có, có nhiều người đang xem con voi.",train
elephant_096.jpg,Bức tường phía sau con voi có màu gì?,Bức tường phía sau có màu vàng nhạt.,train
elephant_097.jpg,Lớp da của những con voi có màu gì?,Da của những con voi có màu đỏ đất.,train
elephant_097.jpg,Có bao nhiêu con voi đang đi tới?,Có bốn con voi đang đi tới.,train
elephant_097.jpg,Đàn voi có đang đi cùng nhau không?,"Có, đàn voi đang đi cùng nhau.",train
elephant_097.jpg,Trong đàn có voi con không?,"Có, trong đàn có voi con.",train
elephant_098.jpg,Hai con voi đang làm gì với nhau?,Chúng đang chạm đầu vào nhau.,train
elephant_098.jpg,Có bao nhiêu con voi con trong hình?,Có một con voi con trong hình.,train
elephant_098.jpg,Voi con có màu xám phải không?,"Có, voi con có màu xám.",train
elephant_098.jpg,Hai con voi có đang đánh nhau không?,"Không, hai con voi không đánh nhau.",train
elephant_099.jpg,Con voi đang làm gì chiếc xe hơi?,Con voi đang tì người lên chiếc xe.,train
elephant_099.jpg,Chiếc xe hơi trong hình có màu gì?,Chiếc xe hơi trong hình có màu bạc.,train
elephant_099.jpg,Có hai chiếc xe hơi trong ảnh không?,"Không, chỉ có một chiếc xe hơi.",train
elephant_099.jpg,Con voi có đứng trên đường đất không?,"Có, con voi đang đứng trên đường đất.",train
elephant_100.jpg,Con voi đang ở tư thế nào?,Con voi đang ngồi bằng hai chân sau.,train
elephant_100.jpg,Có bao nhiêu người đứng gần con voi?,Có một người đứng gần con voi.,train
elephant_100.jpg,Ngà của con voi có màu trắng không?,"Có, ngà của con voi có màu trắng.",train
elephant_100.jpg,Con voi này có đeo yên cưỡi không?,"Không, con voi không đeo yên cưỡi.",train
chicken_001.jpg,Con vật trong ảnh là con gì?,Đây là một con gà trống.,train
chicken_001.jpg,Có bao nhiêu con gà trong bức ảnh này?,Có một con gà trong ảnh.,train
chicken_001.jpg,Lông của con gà này có màu gì?,Bộ lông của nó màu trắng.,train
chicken_001.jpg,Con gà này đang đứng trên bãi cỏ đúng không?,"Không, nó đứng trên bãi đất.",train
chicken_002.jpg,Con vật có mào đỏ phía trước là con gì?,Đó là một con gà trống.,train
chicken_002.jpg,Bạn nhìn thấy bao nhiêu con gà trống nổi bật nhất?,Tôi thấy hai con nổi bật.,train
chicken_002.jpg,Lông cổ của con gà bên trái có màu gì?,Nó có màu vàng cam.,train
chicken_002.jpg,Những con gà này đang ở ngoài tự nhiên phải không?,"Không, chúng đang ở trong chuồng.",train
chicken_003.jpg,Điểm nổi bật trên đầu con gà là gì?,Đó là một chiếc mào đỏ.,train
chicken_003.jpg,Bạn đếm được bao nhiêu chân của con gà đen?,Tôi đếm được hai cái chân.,train
chicken_003.jpg,Lông đuôi của con gà trống này có màu gì?,Lông đuôi của nó màu đen.,train
chicken_003.jpg,Con gà trống có đang đi bộ trên cỏ không?,"Có, nó đang đi trên cỏ.",train
chicken_004.jpg,Con vật đứng phía trước hàng rào là gì?,Đây là một con gà trống.,train
chicken_004.jpg,Có bao nhiêu con gà mờ ảo ở phía sau?,Có hai con ở phía sau.,train
chicken_004.jpg,Phần cổ của con gà phía trước có màu gì?,Cổ của nó có màu trắng.,train
chicken_004.jpg,Có hàng rào lưới thép trong bức ảnh này không?,"Có, ảnh có hàng rào thép.",train
chicken_005.jpg,Con vật đứng gần ống kính nhất là gì?,Đó là một con gà trống.,train
chicken_005.jpg,Có tổng cộng bao nhiêu con gà trong ảnh?,Có ba con gà trong ảnh.,train
chicken_005.jpg,Mào của hai con gà trống có màu gì?,Mào của chúng có màu đỏ.,train
chicken_005.jpg,Hai con gà có đang đứng dưới bóng râm không?,"Có, chúng đang đứng dưới bóng râm.",train
chicken_006.jpg,Con vật đứng bên trong lồng sắt là con gì?,Đây là một con gà.,train
chicken_006.jpg,Có bao nhiêu vòng nhựa trên chân phải của gà?,Có một vòng nhựa màu xanh.,train
chicken_006.jpg,Lông đuôi của con gà này có màu gì?,Lông đuôi có màu đen.,train
chicken_006.jpg,Gà có đang đứng trên nền đất trống không?,"Không, nó đứng trên rơm khô.",train
chicken_007.jpg,Con vật đang đứng cạnh gốc cây là gì?,Đó là một con gà trống.,train
chicken_007.jpg,Có mấy thân cây xuất hiện phía sau con gà?,Có một thân cây phía sau.,train
chicken_007.jpg,Phần ức của con gà trống có màu gì?,Phần ức có màu đen bóng.,train
chicken_007.jpg,Con gà trống đang đứng trong bóng râm phải không?,"Có, nó đang đứng trong râm.",train
chicken_008.jpg,Con vật có bộ lông trắng muốt là con gì?,Nó là một con gà trống.,train
chicken_008.jpg,Bạn thấy mấy con gà xuất hiện trong hình?,Có hai con gà xuất hiện.,train
chicken_008.jpg,Mỏ của con gà trống màu trắng có màu gì?,Mỏ của nó có màu vàng.,train
chicken_008.jpg,Mặt đất trong ảnh được bao phủ bởi cỏ xanh?,"Không, mặt đất chủ yếu là đất.",train
chicken_009.jpg,Con gà nhỏ hơn bên trái là gà gì?,Đó là một con gà mái.,train
chicken_009.jpg,Có bao nhiêu con gà xuất hiện trên bãi cỏ?,Có hai con gà trên cỏ.,train
chicken_009.jpg,Màu sắc chủ đạo của bãi cỏ là màu gì?,Bãi cỏ có màu xanh lá.,train
chicken_009.jpg,Con gà bên phải có mào lớn hơn con bên trái?,"Có, mào nó lớn hơn hẳn.",train
chicken_010.jpg,Con vật đang bị nhốt trong lồng là gì?,Đây là một con gà.,train
chicken_010.jpg,Có bao nhiêu chân chạm xuống lớp rơm khô?,Có hai chân chạm xuống rơm.,train
chicken_010.jpg,Lông cổ của con gà này có màu gì?,Nó có màu trắng sọc đen.,train
chicken_010.jpg,Chuồng gà này được lót bằng rơm khô phải không?,"Có, chuồng lót bằng rơm khô.",train
chicken_011.jpg,Đây là những con vật gì?,Đây là những con gà.,train
chicken_011.jpg,Có bao nhiêu con gà trong ảnh?,Có ba con gà trong ảnh.,train
chicken_011.jpg,Con gà đứng trước có màu gì?,Nó có màu đen và đỏ cam.,train
chicken_011.jpg,Con gà trống có đang đứng trên đất không?,"Có, nó đang đứng trên mặt đất.",train
chicken_012.jpg,Con vật trong ảnh là gì?,Con vật này là một con gà.,train
chicken_012.jpg,Con gà đang đứng ở đâu?,Con gà đang đứng trên bãi cỏ khô.,train
chicken_012.jpg,Bạn thấy mấy con gà trong hình?,Tôi thấy một con gà trong hình.,train
chicken_012.jpg,Con gà này có bộ lông màu trắng không?,"Không, nó có lông màu đen đỏ.",train
chicken_013.jpg,Có mấy con vật xuất hiện trong ảnh?,Có hai con vật trong bức ảnh.,train
chicken_013.jpg,Lông ở cổ con gà trống màu gì?,Lông ở cổ nó có màu đỏ.,train
chicken_013.jpg,Con vật đứng phía sau là con gì?,Đó là một con gà trống.,train
chicken_013.jpg,Hai con gà có đứng cạnh nhau không?,"Có, chúng đang đứng cạnh nhau.",train
chicken_014.jpg,Con gà bên trái có lông màu gì?,Nó có lông màu nâu nhạt.,train
chicken_014.jpg,Những con gà đang đứng trên vật liệu gì?,Chúng đang đứng trên rơm rạ khô.,train
chicken_014.jpg,Tổng cộng có bao nhiêu con gà?,Có tổng cộng hai con gà.,train
chicken_014.jpg,Hai con vật này có phải là gà không?,"Có, chúng là những con gà.",train
chicken_015.jpg,Bức ảnh chụp con vật nào?,Bức ảnh chụp một con gà trống.,train
chicken_015.jpg,Đuôi của con gà có màu gì?,Đuôi của nó có màu trắng xám.,train
chicken_015.jpg,Bức ảnh hiển thị mấy con vật?,Bức ảnh hiển thị một con vật.,train
chicken_015.jpg,Con gà có đang đi trên bãi cỏ không?,"Có, nó đang đi trên bãi cỏ.",train
chicken_016.jpg,Có bao nhiêu con gà mái trong ảnh?,Có ba con gà mái trong ảnh.,train
chicken_016.jpg,Lông của những con gà mái màu gì?,Lông của chúng có màu đen tuyền.,train
chicken_016.jpg,Các con vật đang đứng ở khu vực nào?,Chúng đứng cạnh một hàng rào lưới.,train
chicken_016.jpg,Bức ảnh có một con gà trống phải không?,"Có, bức ảnh có một con gà trống.",train
chicken_017.jpg,Con vật đang đi dạo là con gì?,Đó là một con gà mái.,train
chicken_017.jpg,Con gà đang đi trên bề mặt nào?,Nó đang đi trên nền đất và cỏ.,train
chicken_017.jpg,Bức ảnh cho thấy bao nhiêu con gà?,Bức ảnh chỉ có một con gà.,train
chicken_017.jpg,Con gà này có lông màu trắng không?,"Không, nó có lông màu đen.",train
chicken_018.jpg,Toàn thân con gà có màu gì?,Toàn thân nó có màu nâu vàng.,train
chicken_018.jpg,Bạn đếm được bao nhiêu con vật?,Tôi đếm được một con vật.,train
chicken_018.jpg,Đây là loài vật gia cầm nào?,Đây là một con gà mái.,train
chicken_018.jpg,Con gà có đang đứng trong nhà không?,"Không, nó đang đứng ngoài trời.",train
chicken_019.jpg,Bức hình này chụp con gì?,Bức hình chụp một con gà trống.,train
chicken_019.jpg,Lông đuôi của con gà có màu gì?,Lông đuôi của nó màu đen xanh.,train
chicken_019.jpg,Có mấy con gà trong khung hình này?,Chỉ có một con gà trong hình.,train
chicken_019.jpg,Con gà có đứng gần hàng rào không?,"Có, nó đang đứng gần hàng rào.",train
chicken_020.jpg,Con gà đứng ở phía trước màu gì?,Nó có bộ lông màu xám tro.,train
chicken_020.jpg,Có bao nhiêu con gà mái màu xám?,Có hai con gà mái màu xám.,train
chicken_020.jpg,Điểm nổi bật trên đầu con gà là gì?,Nó có một cái mào màu đỏ.,train
chicken_020.jpg,Con gà xám có đang nhìn vào ống kính không?,"Không, nó đang nhìn sang hướng khác.",train
chicken_021.jpg,Đây là con vật gì?,Đây là một con gà.,train
chicken_021.jpg,Có bao nhiêu con gà trong ảnh?,Một con gà đang đứng trong ảnh.,train
chicken_021.jpg,Lông của con gà có màu gì?,Lông của con gà có màu đen.,train
chicken_021.jpg,Có phải con gà đang đứng trên cỏ không?,"Không, con gà đang đứng trên đất bùn.",train
chicken_022.jpg,Có phải đây là một con vịt không?,"Không, đây là một con gà.",train
chicken_022.jpg,Có bao nhiêu con gà ở đây?,Một con gà đang đứng trên thảm cỏ.,train
chicken_022.jpg,Con gà có bộ lông màu gì?,Con gà có bộ lông màu xám.,train
chicken_022.jpg,Con gà đang làm hành động gì?,Con gà đang nhấc một chân lên.,train
chicken_023.jpg,Trong ảnh có những con vật nào?,Hình ảnh gồm có gà trống và gà mái.,train
chicken_023.jpg,Trong ảnh có tất cả mấy con gà?,Bức ảnh có tất cả ba con gà.,train
chicken_023.jpg,Có phải con gà trống có lông trắng không?,"Có, con gà trống có lông màu trắng.",train
chicken_023.jpg,Đàn gà đang đứng ở khu vực nào?,Đàn gà đang đứng trong bãi cỏ xanh.,train
chicken_024.jpg,Con vật trong hình là con gì?,Đây là những con gà mái.,train
chicken_024.jpg,Có phải có ba con gà trong ảnh không?,"Không, hình ảnh chỉ có hai con gà.",train
chicken_024.jpg,Lông của những con gà có màu gì?,Lông của chúng có màu nâu vằn đen.,train
chicken_024.jpg,Ở chân con gà phía trước có gì?,Con gà có đeo một chiếc vòng xanh.,train
chicken_025.jpg,Đây là con gà trống hay gà mái?,Đây là một con gà trống.,train
chicken_025.jpg,Có mấy con gà trống trên đường đi?,Một con gà trống đang đứng trên đường.,train
chicken_025.jpg,Mào của con gà trống có màu gì?,Mào của con gà trống có màu đỏ.,train
chicken_025.jpg,Có phải con gà đang đi trên cỏ không?,"Không, con gà đang đi trên sỏi đá.",train
chicken_026.jpg,Những con vật này là con gì?,Đây là một đàn gà.,train
chicken_026.jpg,Đàn gà này có bao nhiêu con?,Đàn gà này có tất cả bốn con.,train
chicken_026.jpg,Có phải lông gà có màu trắng đen không?,"Có, lông của chúng có vằn đen trắng.",train
chicken_026.jpg,Các con gà đang làm gì trên cỏ?,Các con gà đang đi lại tìm thức ăn.,train
chicken_027.jpg,Đây là gà mẹ và các gà gì?,Đây là gà mẹ và các gà con.,train
chicken_027.jpg,Bức ảnh có bao nhiêu con gà con?,Bức ảnh có ba con gà con màu vàng.,train
chicken_027.jpg,Gà mẹ có bộ lông màu gì?,Gà mẹ có bộ lông màu nâu nhạt.,train
chicken_027.jpg,Có phải một gà con đang trên lưng mẹ?,"Có, một gà con đang nằm trên lưng mẹ.",train
chicken_028.jpg,Hai con vật trong ảnh là con gì?,Hai con vật này là gà mái.,train
chicken_028.jpg,Có bao nhiêu con gà trong hình?,Hai con gà đang đứng trong hình.,train
chicken_028.jpg,Lông của hai con gà có màu gì?,Lông của hai con gà có màu nâu.,train
chicken_028.jpg,Có phải hai con gà đang bay không?,"Không, hai con gà đang đứng trên cỏ.",train
chicken_029.jpg,Con vật đang cúi đầu là con gì?,Đó là một con gà mái.,train
chicken_029.jpg,Có phải có hai con gà ở đây không?,"Không, bức ảnh chỉ có một con gà mái.",train
chicken_029.jpg,Con gà mái có bộ lông màu gì?,Con gà mái có bộ lông màu nâu.,train
chicken_029.jpg,Con gà mái đang đi dạo ở đâu?,Con gà mái đang đi dạo trên cỏ.,train
chicken_030.jpg,Đàn gà đang xúm lại quanh cái gì?,Đàn gà đang xúm quanh một máng ăn.,train
chicken_030.jpg,Có tất cả bao nhiêu con gà?,Tám con gà đang vây quanh máng ăn.,train
chicken_030.jpg,Phần cổ của những con gà màu gì?,Phần cổ của chúng có màu nâu đỏ.,train
chicken_030.jpg,Có phải đàn gà đang ăn thức ăn không?,"Có, đàn gà đang ăn thức ăn trong máng.",train
chicken_031.jpg,Con vật nào đang đập cánh?,Con gà đang đập cánh.,train
chicken_031.jpg,Có bao nhiêu con chó trong ảnh?,Có một con chó trong ảnh.,train
chicken_031.jpg,Con gà có lông màu gì?,Con gà có lông màu vàng.,train
chicken_031.jpg,Con chó có đang đứng nhìn con gà không?,"Có, con chó đang đứng nhìn.",train
chicken_032.jpg,Những con vật trong ảnh là con gì?,Chúng là những con gà.,train
chicken_032.jpg,Có tổng cộng bao nhiêu con gà trong ảnh?,Có tám con gà trong ảnh.,train
chicken_032.jpg,Đa số gà trong ảnh có màu gì?,Đa số chúng có màu trắng.,train
chicken_032.jpg,Những con gà đang ở trong nhà phải không?,"Không, chúng đang ở ngoài trời.",train
chicken_033.jpg,Con vật có chiếc mào to là con gì?,Đó là một con gà trống.,train
chicken_033.jpg,Có mấy con gà mái trong bức ảnh?,Có hai con gà mái.,train
chicken_033.jpg,Những con gà đang đứng cạnh cái gì?,Chúng đang đứng cạnh hàng rào.,train
chicken_033.jpg,Gà trống có bộ lông màu trắng phải không?,"Không, nó có màu đen đỏ.",train
chicken_034.jpg,Những con vật này là con gì?,Đây là những con gà.,train
chicken_034.jpg,Lông của chúng có màu gì?,Lông của chúng màu vàng nhạt.,train
chicken_034.jpg,Có bao nhiêu con gà đang đi trên cỏ?,Có hai con gà trên cỏ.,train
chicken_034.jpg,Chân của chúng có nhiều lông không?,"Có, chân của chúng nhiều lông.",train
chicken_035.jpg,Con gà này có bộ lông màu gì?,Lông có màu đen và trắng.,train
chicken_035.jpg,Có mấy cái mào trên đầu con gà?,Có một cái mào màu đỏ.,train
chicken_035.jpg,Con gà đang đứng ở đâu?,Con gà đang đứng trên cỏ.,train
chicken_035.jpg,Con gà có đeo vòng ở chân không?,"Có, nó đang đeo một vòng.",train
chicken_036.jpg,Đàn gà đang ở khu vực nào?,Chúng đang ở trong khu chuồng.,train
chicken_036.jpg,Có bao nhiêu con gà ở sát lưới phía sau?,Có hai con gà ở sát lưới.,train
chicken_036.jpg,Những con gà phía trước có màu gì?,Chúng có bộ lông màu nâu nhạt.,train
chicken_036.jpg,Trong ảnh có xuất hiện gà trống không?,"Có, có một con gà trống.",train
chicken_037.jpg,Con gà trong ảnh là gà trống hay mái?,Đây là một con gà trống.,train
chicken_037.jpg,Đuôi của con gà có màu gì?,Đuôi của nó có màu đen.,train
chicken_037.jpg,Con gà có bao nhiêu cái chân?,Con gà có hai cái chân.,train
chicken_037.jpg,Con gà đang đứng trên cỏ xanh phải không?,"Có, nó đang đứng trên cỏ.",train
chicken_038.jpg,Con gà đang mặc trang phục gì?,Nó đang mặc một chiếc áo.,train
chicken_038.jpg,Chiếc áo của con gà có màu gì?,Áo có màu đỏ và trắng.,train
chicken_038.jpg,Có bao nhiêu con gà xuất hiện trong ảnh?,Chỉ có một con gà.,train
chicken_038.jpg,Chiếc áo có khóa kéo ở trước không?,"Có, chiếc áo có khóa kéo.",train
chicken_039.jpg,Bộ lông của con gà có màu gì?,Bộ lông của nó màu nâu.,train
chicken_039.jpg,Có bao nhiêu con gà trong bức hình?,Có một con gà trong hình.,train
chicken_039.jpg,Con gà đang đứng trên bề mặt gì?,Nó đang đứng trên rơm rạ.,train
chicken_039.jpg,Con gà có màu trắng phải không?,"Không, con gà có màu nâu.",train
chicken_040.jpg,Có bao nhiêu con gà trong bức ảnh?,Có hai con gà trong ảnh.,train
chicken_040.jpg,Hai con gà đều có lông màu gì?,Chúng đều có lông màu đen.,train
chicken_040.jpg,Những con gà đang đứng trên bề mặt nào?,Chúng đang đứng trên mặt đất.,train
chicken_040.jpg,Mào của chúng có màu đỏ không?,"Có, mào của chúng màu đỏ.",train
chicken_041.jpg,Đây là con vật gì?,Đây là một con gà trống.,train
chicken_041.jpg,Có bao nhiêu con gà trong ảnh?,Có một con gà trong ảnh.,train
chicken_041.jpg,Mào của con gà có màu gì?,Mào của con gà có màu đỏ.,train
chicken_041.jpg,Con gà có đang đứng trên cỏ không?,"Không, con gà đứng trên nền xi măng.",train
chicken_042.jpg,Con vật trong bức ảnh là gì?,Đó là một con gà trống.,train
chicken_042.jpg,Trong ảnh có mấy con vật?,Trong ảnh có một con vật.,train
chicken_042.jpg,Lông đuôi của con gà màu gì?,Lông đuôi của con gà màu đen.,train
chicken_042.jpg,Con gà có đứng cạnh hàng rào không?,"Có, con gà đứng cạnh hàng rào.",train
chicken_043.jpg,Đây là con gà trống hay gà mái?,Đây là một con gà mái.,train
chicken_043.jpg,Có mấy cái bóng của gà trên đất?,Có một cái bóng trên mặt đất.,train
chicken_043.jpg,Bộ lông của con gà có màu gì?,Bộ lông của con gà màu trắng.,train
chicken_043.jpg,Con gà có bộ lông màu đen không?,"Không, con gà có bộ lông màu trắng.",train
chicken_044.jpg,Con vật trong hình là con gì?,Con vật này là gà trống.,train
chicken_044.jpg,Con gà trống có bao nhiêu cái chân?,Con gà trống có hai cái chân.,train
chicken_044.jpg,Chân của con gà có màu gì?,Chân của con gà có màu vàng.,train
chicken_044.jpg,Con gà trống có mào đỏ phải không?,"Có, con gà trống có mào đỏ.",train
chicken_045.jpg,Con vật trong ảnh đang làm gì?,Con vật đang há mỏ để kêu.,train
chicken_045.jpg,Có mấy con vật trong bức hình?,Có một con vật trong bức hình.,train
chicken_045.jpg,Trên đầu con vật có điểm gì nổi bật?,Có một vệt màu đỏ trên đầu.,train
chicken_045.jpg,Con vật có đứng trên bãi cỏ không?,"Có, con vật đang đứng trên bãi cỏ.",train
chicken_046.jpg,Những con vật này là loại gà gì?,Đây là một đàn gà thả rông.,train
chicken_046.jpg,Có bao nhiêu con gà trong bức ảnh?,Có bốn con gà trong bức ảnh.,train
chicken_046.jpg,Lông của những con gà có màu gì?,Lông của những con gà màu nâu.,train
chicken_046.jpg,Những con gà có ở trong nhà không?,"Không, chúng đang ở trên bãi cỏ.",train
chicken_047.jpg,Đàn gà đang làm gì trên bãi cỏ?,Đàn gà đang tìm kiếm thức ăn.,train
chicken_047.jpg,Có bao nhiêu con gà lớn trong ảnh?,Có hai con gà lớn trong bức ảnh.,train
chicken_047.jpg,Con gà mái lớn có màu gì?,Con gà mái lớn có lông màu đen.,train
chicken_047.jpg,Trong ảnh có xuất hiện gà con không?,"Có, trong ảnh có nhiều con gà con.",train
chicken_048.jpg,Con vật trong ảnh là con gì?,Đây là một con gà sao.,train
chicken_048.jpg,Có mấy con vật xuất hiện trong ảnh?,Có một con vật xuất hiện trong ảnh.,train
chicken_048.jpg,Lông của con vật có họa tiết gì?,Lông của nó có nhiều chấm trắng.,train
chicken_048.jpg,Con vật có đang ngẩng cao đầu không?,"Không, con vật đang cúi đầu xuống đất.",train
chicken_049.jpg,Hai con gà đang làm hành động gì?,Hai con gà đang cúi mổ thức ăn.,train
chicken_049.jpg,Có bao nhiêu cái đầu gà trong ảnh?,Có hai cái đầu gà trong bức ảnh.,train
chicken_049.jpg,Mào của hai con gà có màu gì?,Mào của hai con gà có màu đỏ.,train
chicken_049.jpg,Hai con gà có bộ lông màu trắng không?,"Không, hai con gà có lông màu nâu.",train
chicken_050.jpg,Đây là con vật gì?,Đây là một con gà mái.,train
chicken_050.jpg,Có bao nhiêu con gà trong bức ảnh?,Có một con gà trong bức ảnh.,train
chicken_050.jpg,Con gà đang đứng trên nền đất màu gì?,Con gà đứng trên nền đất xám trắng.,train
chicken_050.jpg,Phía sau con gà có bức tường không?,"Có, phía sau con gà có bức tường.",train
chicken_051.jpg,Con vật trong ảnh là con gì?,Đây là một con gà.,train
chicken_051.jpg,Có bao nhiêu con gà trong bức ảnh này?,Trong ảnh có một con gà.,train
chicken_051.jpg,Bộ lông của con gà có màu gì?,Lông con gà có màu nâu.,train
chicken_051.jpg,Con gà có đang đứng trên thảm cỏ không?,"Có, nó đang đứng trên cỏ.",train
chicken_052.jpg,Con gà trống có cái gì trên đỉnh đầu?,Nó có một cái mào đỏ.,train
chicken_052.jpg,Bạn nhìn thấy tổng cộng mấy con gà?,Tôi thấy hai con gà.,train
chicken_052.jpg,Lông đuôi của con gà trống màu gì?,Lông đuôi của nó màu đen.,train
chicken_052.jpg,Gà trống có nhìn thẳng vào ống kính không?,"Không, nó đang nhìn sang bên.",train
chicken_053.jpg,Con gà đứng gần ống kính nhất là gà gì?,Đó là một con gà nâu.,train
chicken_053.jpg,Có bao nhiêu con gà màu trắng trong ảnh?,Có hai con gà màu trắng.,train
chicken_053.jpg,Con gà trắng bên phải đang làm gì?,Nó đang bước đi trên cỏ.,train
chicken_053.jpg,Bãi cỏ trong bức ảnh có màu xanh không?,"Có, bãi cỏ có màu xanh.",train
chicken_054.jpg,Những con gà này đang đứng cạnh cái gì?,Chúng đang đứng cạnh gốc cây.,train
chicken_054.jpg,Có mấy con gà trong bức hình này?,Có hai con gà trong hình.,train
chicken_054.jpg,Con gà bên trái đang làm hành động gì?,Nó đang cúi đầu xuống đất.,train
chicken_054.jpg,Hai con gà này có bộ lông màu trắng không?,"Không, chúng có bộ lông đen.",train
chicken_055.jpg,Con gà bên trái là gà trống hay mái?,Con gà bên trái là gà trống.,train
chicken_055.jpg,Bạn đếm được bao nhiêu cái mào gà?,Tôi đếm được hai cái mào.,train
chicken_055.jpg,Mỏ của con gà trống có màu gì?,Mỏ của nó có màu vàng.,train
chicken_055.jpg,Hai con gà có đang đứng gần nhau không?,"Có, chúng đứng rất gần nhau.",train
chicken_056.jpg,Bộ phận nào của con gà trống có màu đỏ?,Mào và tích gà màu đỏ.,train
chicken_056.jpg,Bức ảnh chụp bao nhiêu con gà trống?,Ảnh chụp một con gà trống.,train
chicken_056.jpg,Bộ lông của con gà trống có màu gì?,Con gà có lông màu trắng.,train
chicken_056.jpg,Con gà trống có đang nằm trên cỏ không?,"Không, nó đang đứng trên cỏ.",train
chicken_057.jpg,Phía sau hai con gà có vật gì?,Phía sau là một hàng rào.,train
chicken_057.jpg,Trong ảnh xuất hiện mấy con gà?,Có hai con gà xuất hiện.,train
chicken_057.jpg,Con gà đứng ở phía sau có màu gì?,Con gà phía sau màu xám.,train
chicken_057.jpg,Hai con gà có đứng trên bãi cỏ không?,"Không, chúng đứng trên nền đất.",train
chicken_058.jpg,Trong đàn có bao nhiêu con gà trống?,Có một con gà trống.,train
chicken_058.jpg,Bạn đếm được tất cả mấy con gà?,Tôi đếm được năm con gà.,train
chicken_058.jpg,Các con gà mái đang làm hành động gì?,Chúng đang cúi tìm thức ăn.,train
chicken_058.jpg,Lông đuôi của gà trống có màu đen không?,"Có, lông đuôi của nó màu đen.",train
chicken_059.jpg,Đuôi của con gà trống này trông như thế nào?,Đuôi của nó dài và cong.,train
chicken_059.jpg,Có mấy con vật trong bức hình này?,Chỉ có một con vật.,train
chicken_059.jpg,Con gà đang hướng mặt về bên nào?,Nó đang quay mặt sang trái.,train
chicken_059.jpg,Lông của con gà trống có màu đen không?,"Không, lông của nó màu trắng.",train
chicken_060.jpg,Phía sau đàn gà có thứ gì?,Có một hàng rào phía sau.,train
chicken_060.jpg,Bức ảnh này có tổng cộng mấy con gà?,Ảnh này có sáu con gà.,train
chicken_060.jpg,Mào của con gà trống có màu gì?,Mào của nó có màu đỏ.,train
chicken_060.jpg,Tất cả gà trong ảnh đều đang cúi đầu?,"Không, có con đang ngẩng đầu.",train
chicken_061.jpg,Trong ảnh có những con vật nào?,Có hai con gà trong ảnh.,train
chicken_061.jpg,Có bao nhiêu con gà màu trắng?,Có hai con gà màu trắng.,train
chicken_061.jpg,Hai con gà đang đứng ở đâu?,Chúng đang đứng trong một cái chuồng.,train
chicken_061.jpg,Con gà phía sau có đốm đen không?,"Có, con gà phía sau có đốm đen.",train
chicken_062.jpg,Đây là con vật gì?,Đây là một con gà.,train
chicken_062.jpg,Có mấy con gà trong hình?,Chỉ có một con gà trong hình.,train
chicken_062.jpg,Con gà đang đứng trên cái gì?,Con gà đang đứng trên sỏi đá.,train
chicken_062.jpg,Lông của con gà có màu trắng không?,"Không, lông của nó có màu đen.",train
chicken_063.jpg,Con vật trong ảnh là con gì?,Đây là một con gà đen.,train
chicken_063.jpg,Bạn thấy bao nhiêu con gà?,Tôi thấy một con gà duy nhất.,train
chicken_063.jpg,Con gà đang đứng trên bề mặt gì?,Nó đang đứng trên thảm cỏ xanh.,train
chicken_063.jpg,Cái mào của con gà có màu đỏ không?,"Có, mào của nó có màu đỏ.",train
chicken_064.jpg,Đây là gà trống hay gà mái?,Đây là một con gà trống.,train
chicken_064.jpg,Có bao nhiêu con gà ở đây?,Có một con gà trống ở đây.,train
chicken_064.jpg,Bộ lông của con gà màu gì?,Bộ lông của nó màu đen bóng.,train
chicken_064.jpg,Con gà có cái mào lớn không?,"Có, nó có một cái mào rất lớn.",train
chicken_065.jpg,Lông con gà này có đặc điểm gì?,Bộ lông của nó rất xù.,train
chicken_065.jpg,Có mấy con gà trong bãi cỏ?,Có một con gà trong bãi cỏ.,train
chicken_065.jpg,Con gà đang đứng ở đâu?,Nó đang đứng giữa bãi cỏ.,train
chicken_065.jpg,Lông của con gà có màu đen không?,"Không, bộ lông của nó màu trắng.",train
chicken_066.jpg,Trên đầu con gà có gì nổi bật?,Đầu nó có một chùm lông xù.,train
chicken_066.jpg,Có bao nhiêu con gà trong hình?,Có một con gà trong hình.,train
chicken_066.jpg,Lông ở cổ con gà màu gì?,Lông ở cổ nó có màu nâu.,train
chicken_066.jpg,Con gà này có đuôi dài không?,"Có, con gà này có đuôi dài.",train
chicken_067.jpg,Đàn gà đang làm gì?,Chúng đang đi kiếm ăn trên cỏ.,train
chicken_067.jpg,Có bao nhiêu con gà trong ảnh?,Có bảy con gà trong ảnh.,train
chicken_067.jpg,Phía sau đàn gà có cái gì?,Phía sau chúng có một gốc cây.,train
chicken_067.jpg,Đàn gà có bộ lông màu trắng không?,"Không, chúng có bộ lông màu nâu.",train
chicken_068.jpg,Đây là những con gà gì?,Đây là hai con gà trống đen.,train
chicken_068.jpg,Bạn đếm được bao nhiêu con gà?,Tôi đếm được hai con gà.,train
chicken_068.jpg,Mào của chúng có màu gì?,Mào của hai con gà màu đỏ.,train
chicken_068.jpg,Chúng có đang đứng gần nhau không?,"Có, chúng đang đứng rất gần nhau.",train
chicken_069.jpg,Bạn nhìn thấy con vật gì?,Tôi nhìn thấy một con gà.,train
chicken_069.jpg,Có mấy con gà trong bức ảnh này?,Chỉ có một con gà xuất hiện.,train
chicken_069.jpg,Con gà đang nhìn về hướng nào?,Con gà đang nhìn về bên trái.,train
chicken_069.jpg,Mỏ của con gà có màu vàng không?,"Có, mỏ của nó có màu vàng.",train
chicken_070.jpg,Đàn gà này có đặc điểm gì chung?,Bộ lông của chúng có màu xám.,train
chicken_070.jpg,Có tổng cộng bao nhiêu con gà?,Có tổng cộng ba con gà.,train
chicken_070.jpg,Phía sau đàn gà là cái gì?,Phía sau là một hàng rào lưới.,train
chicken_070.jpg,Mào của con gà phía trước màu đen phải không?,"Không, mào của nó có màu đỏ.",train
chicken_071.jpg,Con vật trong ảnh là con gì?,Đây là một con gà trống.,train
chicken_071.jpg,Có bao nhiêu con gà trong bức ảnh?,Có một con gà trong ảnh.,train
chicken_071.jpg,Đuôi của con gà có màu gì?,Đuôi của con gà có màu đen.,train
chicken_071.jpg,Con gà có đứng gần máng ăn không?,"Có, nó đứng gần một máng ăn.",train
chicken_072.jpg,Bức ảnh chụp con vật nào?,Bức ảnh chụp một con gà mái.,train
chicken_072.jpg,Có mấy con gà xuất hiện trong hình?,Có một con gà xuất hiện trong hình.,train
chicken_072.jpg,Bộ lông của con gà có màu gì?,Bộ lông của nó có màu nâu.,train
chicken_072.jpg,Con gà có đang đứng trên cỏ không?,"Không, nó đang đứng trên mặt đất.",train
chicken_073.jpg,Bức ảnh này chụp con vật gì?,Đây là một con gà trống.,train
chicken_073.jpg,Có bao nhiêu con gà trong lồng sắt?,Có hai con gà trong lồng sắt.,train
chicken_073.jpg,Lông cổ của con gà có màu gì?,Lông cổ của nó có màu vàng cam.,train
chicken_073.jpg,Con gà phía trước có quay mặt đi không?,"Không, nó đang nhìn sang ngang.",train
chicken_074.jpg,Con vật đang bước đi là con gì?,Đó là một con gà trống.,train
chicken_074.jpg,Có mấy con gà trong bức hình này?,Có một con gà trong bức hình.,train
chicken_074.jpg,Phần lớn bộ lông của con gà màu gì?,Phần lớn bộ lông có màu đen.,train
chicken_074.jpg,Chân con gà có đeo vòng không?,"Có, chân nó có đeo một chiếc vòng.",train
chicken_075.jpg,Con vật trong hình là con gà gì?,Đây là một con gà mái.,train
chicken_075.jpg,Bức ảnh này có bao nhiêu con gà?,Có hai con gà trong ảnh.,train
chicken_075.jpg,Lông của con gà mái chính có màu gì?,Lông của nó có màu nâu đen.,train
chicken_075.jpg,Con gà có đang đứng trên cỏ xanh không?,"Không, nó đứng trên lớp rơm khô.",train
chicken_076.jpg,Đây là giống vật nuôi nào?,Đây là một con gà lông xù.,train
chicken_076.jpg,Có bao nhiêu con gà trong bức hình?,Chỉ có một con gà trong bức hình.,train
chicken_076.jpg,Bộ lông của con gà có màu gì?,Bộ lông của nó có màu trắng.,train
chicken_076.jpg,Xung quanh con gà có cỏ không?,"Có, xung quanh nó có rất nhiều cỏ.",train
chicken_077.jpg,Bức ảnh chụp con vật gì?,Đây là một con gà trọc cổ.,train
chicken_077.jpg,Có bao nhiêu con gà trong bức ảnh?,Có một con gà trong bức ảnh.,train
chicken_077.jpg,Da cổ của con gà có màu gì?,Da cổ của nó có màu đỏ.,train
chicken_077.jpg,Dưới chân con gà có rơm rạ không?,"Có, dưới chân nó có rơm rạ.",train
chicken_078.jpg,Bức ảnh chụp con vật gì?,Bức ảnh chụp một con gà mái.,train
chicken_078.jpg,Có mấy con gà trong bức hình này?,Có một con gà trong hình.,train
chicken_078.jpg,Lông đuôi của con gà có màu gì?,Lông đuôi của nó có đốm trắng.,train
chicken_078.jpg,Có lá cây rụng trên mặt đất không?,"Có, có vài chiếc lá rụng trên đất.",train
chicken_079.jpg,Bức ảnh này chụp những con vật gì?,Bức ảnh chụp những con gà.,train
chicken_079.jpg,Có tất cả bao nhiêu con gà trong ảnh?,Có tổng cộng ba con gà.,train
chicken_079.jpg,Con gà trống ở giữa có màu gì?,Con gà trống có bộ lông màu trắng.,train
chicken_079.jpg,Đàn gà có đang ở ngoài đường không?,"Không, chúng đang ở trong một khu chuồng.",train
chicken_080.jpg,Những con vật trong ảnh là con gì?,Chúng là những con gà.,train
chicken_080.jpg,Có bao nhiêu con gà trong bức ảnh này?,Bức ảnh này có ba con gà.,train
chicken_080.jpg,Bộ lông của những con gà có màu gì?,Chúng có bộ lông màu trắng đen.,train
chicken_080.jpg,Có khúc gỗ nào trên mặt đất không?,"Có, có một khúc gỗ trên mặt đất.",train
chicken_081.jpg,Trong ảnh có con vật gì?,Đây là một con gà mái.,train
chicken_081.jpg,Có bao nhiêu con gà trong ảnh?,Có một con gà trong ảnh.,train
chicken_081.jpg,Con gà có bộ lông màu gì?,Con gà có bộ lông màu nâu.,train
chicken_081.jpg,Con gà có đang đứng trên cỏ không?,"Có, con gà đang đứng trên cỏ.",train
chicken_082.jpg,Con vật chính trong ảnh là gì?,Nó là một con gà mái.,train
chicken_082.jpg,Mỏ của con gà có màu gì?,Mỏ của con gà có màu vàng.,train
chicken_082.jpg,Bức ảnh có chụp cận cảnh không?,"Có, bức ảnh chụp rất cận cảnh.",train
chicken_082.jpg,Có mấy con gà xuất hiện rõ nhất?,Có một con gà xuất hiện rõ.,train
chicken_083.jpg,Con gà này có lông màu gì?,Con gà này có lông màu đen.,train
chicken_083.jpg,Con gà có lông màu trắng phải không?,"Không, con gà có lông màu đen.",train
chicken_083.jpg,Có bao nhiêu con vật trong ảnh?,Có một con vật trong bức hình.,train
chicken_083.jpg,Con gà đang đi dạo ở đâu?,Con gà đang đi trên bãi cỏ.,train
chicken_084.jpg,Có bao nhiêu con gà trong ảnh?,Có bốn con gà trong bức ảnh.,train
chicken_084.jpg,Trong đàn gà có gà trống không?,"Có, trong đàn có một gà trống.",train
chicken_084.jpg,Đa số những con gà có màu gì?,Đa số chúng có lông màu đen.,train
chicken_084.jpg,Đàn gà đang đi lại ở đâu?,Chúng đang đi lại trên bãi cỏ.,train
chicken_085.jpg,Con vật trong ảnh là gà gì?,Đây là một con gà trống.,train
chicken_085.jpg,Con gà có bị buộc chân không?,"Có, con gà bị buộc ở chân.",train
chicken_085.jpg,Lông cổ của gà trống màu gì?,Lông cổ của nó màu vàng cam.,train
chicken_085.jpg,Bức ảnh chụp mấy con gà trống?,Bức ảnh chụp một con gà trống.,train
chicken_086.jpg,Điểm nổi bật trên đầu gà là gì?,Đó là một chiếc mào màu đỏ.,train
chicken_086.jpg,Con gà trống đang đứng ở đâu?,Nó đang đứng trên bãi cỏ xanh.,train
chicken_086.jpg,Con gà này có bộ lông trắng không?,"Không, nó có lông đen và cam.",train
chicken_086.jpg,Có bao nhiêu con gà trong ảnh?,Chỉ có một con gà trong ảnh.,train
chicken_087.jpg,Gà trống đang đứng trên bề mặt nào?,Nó đứng trên một con đường đá.,train
chicken_087.jpg,Con gà có đứng trên cỏ không?,"Không, con gà đang đứng trên đá.",train
chicken_087.jpg,Lông cổ của gà trống màu gì?,Lông cổ của nó có màu vàng.,train
chicken_087.jpg,Bức ảnh có mấy con gà trống?,Bức ảnh có một con gà trống.,train
chicken_088.jpg,Phần thân dưới của gà trống màu gì?,Phần thân dưới của nó màu đen.,train
chicken_088.jpg,Lông đuôi của con gà có dài không?,"Có, lông đuôi của nó khá dài.",train
chicken_088.jpg,Bức ảnh chụp con vật gì?,Bức ảnh chụp một con gà trống.,train
chicken_088.jpg,Có bao nhiêu con vật trong ảnh?,Có một con vật trong bức ảnh.,train
chicken_089.jpg,Lông cổ của con gà này màu gì?,Lông cổ của nó có màu trắng.,train
chicken_089.jpg,Con gà đang quay mặt về hướng nào?,Con gà đang quay mặt sang trái.,train
chicken_089.jpg,Con gà có bộ lông đuôi đen không?,"Có, con gà có bộ lông đuôi đen.",train
chicken_089.jpg,Có mấy con vật xuất hiện trong ảnh?,Có một con vật xuất hiện ở đây.,train
chicken_090.jpg,Dưới chân con gà có gì đặc biệt?,Có một cái bóng đen dưới đất.,train
chicken_090.jpg,Trời có đang nắng gắt không?,"Có, trời nắng tạo ra bóng đậm.",train
chicken_090.jpg,Mào của con gà trống màu gì?,Mào của con gà có màu đỏ.,train
chicken_090.jpg,Có bao nhiêu con gà xuất hiện rõ?,Có một con gà xuất hiện rõ.,train
chicken_091.jpg,Bức ảnh này chụp con vật gì?,Đây là một con gà trống.,train
chicken_091.jpg,Có bao nhiêu con gà trong ảnh?,Bức ảnh có một con gà.,train
chicken_091.jpg,Phần lông ở cổ con gà màu gì?,Phần lông ở cổ có màu trắng.,train
chicken_091.jpg,Con gà đang đứng trên thảm cỏ phải không?,"Có, con gà đang đứng trên cỏ.",train
chicken_092.jpg,Con vật trong hình là con gì?,Đây là một con gà trống.,train
chicken_092.jpg,Bạn thấy bao nhiêu con gà?,Tôi thấy một con gà.,train
chicken_092.jpg,Bộ lông ở cổ con gà màu gì?,Lông cổ gà có màu nâu đỏ.,train
chicken_092.jpg,Chân con gà có bị buộc dây không?,"Có, chân gà bị buộc dây xanh.",train
chicken_093.jpg,Hai con vật trong ảnh là gì?,Chúng là hai con gà mái.,train
chicken_093.jpg,Bức ảnh này có mấy con gà?,Bức ảnh có hai con gà.,train
chicken_093.jpg,Lông của những con gà này màu gì?,Lông của chúng có màu nâu.,train
chicken_093.jpg,Những con gà đang đi trên cỏ phải không?,"Có, chúng đang đi trên cỏ.",train
chicken_094.jpg,Bức ảnh chụp con vật gì?,Bức ảnh chụp một con gà mái.,train
chicken_094.jpg,Số lượng con vật trong ảnh là bao nhiêu?,Bức ảnh có một con gà mái.,train
chicken_094.jpg,Con gà có bộ lông màu đen phải không?,"Không, con gà có lông màu nâu.",train
chicken_094.jpg,Bề mặt dưới chân con gà là gì?,Dưới chân con gà là bãi cỏ.,train
chicken_095.jpg,Con vật nổi bật trong ảnh là gì?,Đó là một con gà trống.,train
chicken_095.jpg,Có bao nhiêu con chim ở phía sau?,Phía sau có hai con chim nhỏ.,train
chicken_095.jpg,Lông đuôi của con gà có màu gì?,Lông đuôi có màu xanh đen.,train
chicken_095.jpg,Con gà có đang đứng trên cỏ không?,"Không, nó đứng trên mặt đất.",train
chicken_096.jpg,Con gà phía trước là gà trống phải không?,"Có, nó là một con gà trống.",train
chicken_096.jpg,Tổng cộng có mấy con gà trong ảnh?,Bức ảnh chứa hai con gà.,train
chicken_096.jpg,Lông cổ của con gà trống màu gì?,Lông cổ của nó có màu đỏ.,train
chicken_096.jpg,Con gà trống đang đứng ở đâu?,Con gà đang đứng trên bãi cỏ.,train
chicken_097.jpg,Bức ảnh cho thấy con vật gì?,Đây là một con gà trống.,train
chicken_097.jpg,Bạn thấy bao nhiêu con gà ở đây?,Tôi thấy một con gà ở đây.,train
chicken_097.jpg,Lông ở phần cổ con gà màu gì?,Lông cổ gà có màu vàng ươm.,train
chicken_097.jpg,Con gà có đang nằm trên cỏ không?,"Không, con gà đang đứng trên cỏ.",train
chicken_098.jpg,Con vật trong ảnh là loài gì?,Đây là một con gà.,train
chicken_098.jpg,Bức ảnh có mấy con gà?,Bức ảnh chỉ có một con gà.,train
chicken_098.jpg,Con gà có họa tiết lông màu gì?,Lông gà có vằn đen và trắng.,train
chicken_098.jpg,Con gà này đang đứng thẳng phải không?,"Không, con gà này đang nằm nghỉ.",train
chicken_099.jpg,Các con vật trong ảnh thuộc loài nào?,Chúng đều là những con gà.,train
chicken_099.jpg,Có bao nhiêu con gà trong bức ảnh?,Đàn gà này có sáu con.,train
chicken_099.jpg,Những con gà này có màu lông chủ đạo gì?,Chúng có lông màu đen đốm trắng.,train
chicken_099.jpg,Chúng đang đứng trên thảm cỏ xanh phải không?,"Không, chúng đang đứng trên mặt đất.",train
chicken_100.jpg,Bức ảnh chụp những con vật nào?,Ảnh chụp một đôi gà.,train
chicken_100.jpg,Có mấy con gà đang đi dạo?,Có hai con gà đang đi dạo.,train
chicken_100.jpg,Bộ lông của hai con gà có màu gì?,Bộ lông của chúng trắng đốm đen.,train
chicken_100.jpg,Hai con gà đang đứng trên nền đất phải không?,"Không, chúng đang đi trên bãi cỏ.",train
horse_001.jpg,Con vật trong ảnh là gì?,Đây là một con ngựa.,train
horse_001.jpg,Có bao nhiêu con vật ở đây?,Có một con ngựa ở đây.,train
horse_001.jpg,Bộ lông con ngựa màu gì?,Con ngựa có màu nâu.,train
horse_001.jpg,Con ngựa đang chạy phải không?,"Có, con ngựa đang chạy nhanh.",train
horse_002.jpg,Bức ảnh chụp con vật gì?,Bức ảnh chụp một con ngựa.,train
horse_002.jpg,Bức ảnh có mấy con ngựa?,Trong ảnh có một con ngựa.,train
horse_002.jpg,Ngựa có bờm màu đen không?,"Không, ngựa có bờm màu nâu.",train
horse_002.jpg,Con ngựa đang làm gì?,Con ngựa đang đứng yên.,train
horse_003.jpg,Con gì đang đứng trên cỏ?,Đó là một con ngựa.,train
horse_003.jpg,Bạn thấy mấy con ngựa?,Tôi nhìn thấy một con ngựa.,train
horse_003.jpg,Đuôi của con ngựa màu gì?,Đuôi của con ngựa màu đen.,train
horse_003.jpg,Ngựa đang ăn cỏ phải không?,"Không, con ngựa đang đứng ngẩng đầu.",train
horse_004.jpg,Đây là loài vật gì?,Đây là một con ngựa.,train
horse_004.jpg,Trong hình có mấy con ngựa?,Có một con ngựa trong hình.,train
horse_004.jpg,Bộ lông của ngựa có màu gì?,Ngựa có màu nâu và trắng.,train
horse_004.jpg,Con ngựa đang nhấc chân lên không?,"Có, ngựa đang nhấc chân lên.",train
horse_005.jpg,Hình ảnh cho thấy con vật gì?,Hình ảnh cho thấy con ngựa.,train
horse_005.jpg,Có mấy con ngựa trong sân?,Có một con ngựa trong sân.,train
horse_005.jpg,Bốn chân ngựa có quấn băng không?,"Có, bốn chân quấn băng trắng.",train
horse_005.jpg,Con ngựa đang ở đâu?,Con ngựa đang chạy ở sân đất.,train
horse_006.jpg,Đây là loài động vật nào?,Đây là một con ngựa.,train
horse_006.jpg,Có bao nhiêu con ngựa xuất hiện?,Chỉ có một con ngựa xuất hiện.,train
horse_006.jpg,Lông ngựa có màu đen phải không?,"Không, lông ngựa có màu vàng nâu.",train
horse_006.jpg,Con ngựa đang di chuyển trên cỏ?,"Có, con ngựa đang bước đi.",train
horse_007.jpg,Con vật trong hình là gì?,Con vật đó là con ngựa.,train
horse_007.jpg,Có mấy con vật trong hình?,Có một con vật ở đây.,train
horse_007.jpg,Con ngựa này có màu gì?,Con ngựa này có màu trắng.,train
horse_007.jpg,Con ngựa đang đứng im phải không?,"Không, con ngựa đang phi nhanh.",train
horse_008.jpg,Con vật đang đứng hai chân là gì?,Đó là một con ngựa.,train
horse_008.jpg,Bức ảnh có bao nhiêu con ngựa?,Bức ảnh có một con ngựa.,train
horse_008.jpg,Bờm ngựa có màu đen trắng không?,"Có, bờm ngựa màu đen trắng.",train
horse_008.jpg,Con ngựa đang có tư thế gì?,Con ngựa đứng bằng hai chân.,train
horse_009.jpg,Đây là con vật gì?,Đây là một con ngựa.,train
horse_009.jpg,Có mấy con ngựa trong bãi?,Có một con ngựa trong bãi.,train
horse_009.jpg,Bức ảnh chụp con ngựa màu gì?,Bức ảnh chụp con ngựa màu xám.,train
horse_009.jpg,Ngựa có bị buộc dây không?,"Có, con ngựa đang bị buộc dây.",train
horse_010.jpg,Những con vật này là gì?,Chúng là những con ngựa.,train
horse_010.jpg,Có tất cả bao nhiêu con ngựa?,Có sáu con ngựa tất cả.,train
horse_010.jpg,Các con ngựa chủ yếu có màu gì?,Chúng chủ yếu có màu nâu.,train
horse_010.jpg,Đàn ngựa đang ăn cỏ phải không?,"Có, đàn ngựa đang ăn cỏ.",train
horse_011.jpg,Trong ảnh xuất hiện con vật gì?,Đây là một con ngựa.,train
horse_011.jpg,Có bao nhiêu con ngựa trong ảnh?,Có một con ngựa.,train
horse_011.jpg,Con ngựa trong ảnh có màu gì?,Con ngựa có màu nâu.,train
horse_011.jpg,Con ngựa đang ăn cỏ có phải không?,"Có, con ngựa đang ăn cỏ.",train
horse_012.jpg,Con vật đang bước đi là con gì?,Đó là một con ngựa.,train
horse_012.jpg,Số lượng con ngựa trong ảnh là mấy?,Có một con ngựa.,train
horse_012.jpg,Bộ lông của con ngựa màu gì?,Lông ngựa có màu đen.,train
horse_012.jpg,Con ngựa đang đứng im phải không?,"Không, con ngựa đang di chuyển.",train
horse_013.jpg,Đây là con vật gì?,Đây là một con ngựa.,train
horse_013.jpg,Có mấy con ngựa trong bức hình?,Có một con ngựa.,train
horse_013.jpg,Con ngựa có đốm màu gì?,Con ngựa có đốm nâu.,train
horse_013.jpg,Đầu con ngựa có hướng về ống kính không?,"Có, đầu ngựa hướng về ống kính.",train
horse_014.jpg,Con vật trong hình là gì?,Đây là một con ngựa.,train
horse_014.jpg,Bạn thấy mấy con ngựa trong ảnh?,Tôi thấy một con ngựa.,train
horse_014.jpg,Con ngựa này mang màu lông gì?,Lông ngựa có màu nâu đỏ.,train
horse_014.jpg,Con ngựa có đang chạy không?,"Không, con ngựa đang đứng im.",train
horse_015.jpg,Những con vật trong ảnh là gì?,Chúng là những con ngựa.,train
horse_015.jpg,Có bao nhiêu con ngựa trên đồng cỏ?,Có hai con ngựa.,train
horse_015.jpg,Những con ngựa có màu gì?,Chúng có màu nâu và trắng.,train
horse_015.jpg,Hai con ngựa đang quay lưng lại phải không?,"Có, chúng đang quay lưng lại.",train
horse_016.jpg,Con vật đang chạy là con gì?,Đó là một con ngựa.,train
horse_016.jpg,Bức ảnh có mấy con ngựa?,Có một con ngựa.,train
horse_016.jpg,Lông của con ngựa màu gì?,Con ngựa có màu nâu.,train
horse_016.jpg,Con ngựa đang nằm trên cỏ phải không?,"Không, con ngựa đang chạy.",train
horse_017.jpg,Sinh vật trong ảnh là gì?,Đây là một con ngựa.,train
horse_017.jpg,Số lượng ngựa trong ảnh là bao nhiêu?,Có một con ngựa.,train
horse_017.jpg,Ngựa có những mảng màu gì?,Ngựa có màu nâu và trắng.,train
horse_017.jpg,Con ngựa đang chạy trên cỏ phải không?,"Có, con ngựa đang chạy.",train
horse_018.jpg,Con vật được dắt đi là con gì?,Đây là một con ngựa.,train
horse_018.jpg,Có mấy con ngựa trong bức ảnh này?,Chỉ có một con ngựa.,train
horse_018.jpg,Con ngựa này có lông màu gì?,Con ngựa có màu vàng.,train
horse_018.jpg,Có người đứng cạnh con ngựa không?,"Có, có người đứng cạnh ngựa.",train
horse_019.jpg,Hình ảnh chụp con vật gì?,Bức ảnh chụp con ngựa.,train
horse_019.jpg,Có bao nhiêu con ngựa ở đây?,Có một con ngựa.,train
horse_019.jpg,Con ngựa trong hình màu gì?,Con ngựa có màu đen.,train
horse_019.jpg,Con ngựa đang đứng dưới nước phải không?,"Không, ngựa đứng trên bãi cỏ.",train
horse_020.jpg,Con vật đang phi tới là gì?,Đó là một con ngựa.,train
horse_020.jpg,Bạn thấy bao nhiêu con ngựa?,Tôi thấy một con ngựa.,train
horse_020.jpg,Bộ lông của ngựa có màu gì?,Lông ngựa màu trắng tinh.,train
horse_020.jpg,Con ngựa đang chạy phải không?,"Có, con ngựa đang chạy.",train
horse_021.jpg,Trong ảnh có con vật gì?,Bức ảnh chụp một con ngựa.,train
horse_021.jpg,Có bao nhiêu con ngựa trong ảnh?,Trong ảnh có một con ngựa.,train
horse_021.jpg,Con ngựa này có màu gì?,Con ngựa này có màu trắng.,train
horse_021.jpg,Con ngựa đang đứng im phải không?,"Không, con ngựa đang chạy.",train
horse_022.jpg,Con vật trong hình là gì?,Đây là một con ngựa.,train
horse_022.jpg,Bức ảnh có mấy con ngựa?,Bức ảnh có một con ngựa.,train
horse_022.jpg,Con ngựa có màu đen và trắng phải không?,"Có, nó màu đen và trắng.",train
horse_022.jpg,Con ngựa đang làm gì?,Con ngựa đang chạy trên cỏ.,train
horse_023.jpg,Những người trên lưng ngựa là ai?,Họ là những nài ngựa.,train
horse_023.jpg,Có bao nhiêu con ngựa đang chạy?,Có hai con ngựa đang chạy.,train
horse_023.jpg,Những con ngựa này có màu trắng không?,"Không, chúng có màu nâu.",train
horse_023.jpg,Hai con ngựa đang làm gì?,Hai con ngựa đang đua.,train
horse_024.jpg,Đây là ảnh chụp hay bìa lịch?,Đây là một bìa cuốn lịch.,train
horse_024.jpg,Có mấy con ngựa trên bìa lịch?,Có một con ngựa trên bìa.,train
horse_024.jpg,Con ngựa có màu gì?,Con ngựa có màu nâu đỏ.,train
horse_024.jpg,Con ngựa đang ăn cỏ phải không?,"Không, con ngựa đang chạy.",train
horse_025.jpg,Trong ảnh có những con vật gì?,Trong ảnh là những con ngựa.,train
horse_025.jpg,Có tổng cộng bao nhiêu con ngựa?,Có tổng cộng ba con ngựa.,train
horse_025.jpg,Những con ngựa có màu nâu phải không?,"Có, chúng có màu nâu.",train
horse_025.jpg,Đàn ngựa đang ở đâu?,Đàn ngựa đang ở bãi cỏ.,train
horse_026.jpg,Con vật đang đứng là con gì?,Đó là một con ngựa.,train
horse_026.jpg,Bức ảnh chụp mấy con ngựa?,Bức ảnh chụp một con ngựa.,train
horse_026.jpg,Lông con ngựa màu gì?,Lông con ngựa màu trắng xám.,train
horse_026.jpg,Con ngựa trông mập mạp phải không?,"Không, con ngựa trông rất gầy.",train
horse_027.jpg,Đây là con vật gì?,Đây là một con ngựa.,train
horse_027.jpg,Có bao nhiêu con ngựa trong hình?,Có một con ngựa trong hình.,train
horse_027.jpg,Bờm của con ngựa màu gì?,Bờm của con ngựa màu trắng.,train
horse_027.jpg,Hình ảnh này giống đồ họa máy tính phải không?,"Có, đây giống đồ họa máy tính.",train
horse_028.jpg,Có những con vật nào ở đây?,Có những con ngựa ở đây.,train
horse_028.jpg,Có bao nhiêu con ngựa nhỏ?,Có một con ngựa nhỏ.,train
horse_028.jpg,Con ngựa lớn màu đen phải không?,"Không, con ngựa lớn màu trắng.",train
horse_028.jpg,Hai con ngựa đang ở đâu?,Chúng đang ở bãi đất trống.,train
horse_029.jpg,Đây là những con gì?,Đây là hai con ngựa.,train
horse_029.jpg,Hình này có mấy con ngựa?,Hình này có hai con ngựa.,train
horse_029.jpg,Ngựa con có màu gì?,Ngựa con màu nâu và trắng.,train
horse_029.jpg,Hai con ngựa đang đứng trên cỏ phải không?,"Có, chúng đang đứng trên cỏ.",train
horse_030.jpg,Cô bé đang cưỡi con gì?,Cô bé đang cưỡi con ngựa.,train
horse_030.jpg,Có mấy con ngựa trong ảnh?,Có một con ngựa trong ảnh.,train
horse_030.jpg,Con ngựa có màu gì?,Con ngựa có màu nâu.,train
horse_030.jpg,Cô bé có đội mũ bảo hiểm không?,"Có, cô bé đội mũ bảo hiểm.",train
horse_031.jpg,Bức ảnh chụp con vật gì?,Đây là một con ngựa.,train
horse_031.jpg,Có bao nhiêu con ngựa trong hình?,Bức ảnh có một con ngựa.,train
horse_031.jpg,Con ngựa đang đứng ở đâu?,Con ngựa đang đứng trên cỏ.,train
horse_031.jpg,Con ngựa có lông màu trắng đốm đen không?,"Có, con ngựa có lông trắng đốm đen.",train
horse_032.jpg,Hình ảnh hiển thị những con vật nào?,Hình ảnh hiển thị hai con ngựa.,train
horse_032.jpg,Có mấy con ngựa đang chạy?,Có hai con ngựa đang chạy.,train
horse_032.jpg,Hai con ngựa đang làm gì?,Hai con ngựa đang cùng nhau chạy.,train
horse_032.jpg,Ngựa con có màu trắng phải không?,"Không, ngựa con có lông màu nâu.",train
horse_033.jpg,Con vật trong ảnh là gì?,Đây là một con ngựa.,train
horse_033.jpg,Có bao nhiêu con ngựa trên bãi cỏ?,Có một con ngựa trên bãi cỏ.,train
horse_033.jpg,Con ngựa đang hướng ánh nhìn đi đâu?,Con ngựa đang nhìn xuống mặt đất.,train
horse_033.jpg,Con ngựa có đeo dây cương không?,"Có, con ngựa đang đeo dây cương.",train
horse_034.jpg,Bức ảnh có con vật gì?,Bức ảnh có một con ngựa.,train
horse_034.jpg,Bạn thấy mấy con ngựa trong ảnh?,Tôi thấy một con ngựa trong ảnh.,train
horse_034.jpg,Con ngựa đang nhìn về hướng nào?,Con ngựa đang nhìn ngoái lại phía sau.,train
horse_034.jpg,Con ngựa có màu trắng không?,"Không, con ngựa có màu nâu tối.",train
horse_035.jpg,Bức ảnh này chụp ai và con gì?,Có một người và một con ngựa.,train
horse_035.jpg,Có bao nhiêu con ngựa trong hình?,Chỉ có một con ngựa trong hình.,train
horse_035.jpg,Người phụ nữ đang làm gì?,Người phụ nữ đang dắt con ngựa.,train
horse_035.jpg,Người dắt ngựa mặc áo màu đỏ không?,"Có, người dắt ngựa mặc áo đỏ.",train
horse_036.jpg,Hoạt động trong ảnh là gì?,Một người đàn ông đang cưỡi ngựa.,train
horse_036.jpg,Có mấy người trong bức ảnh này?,Có một người trong bức ảnh này.,train
horse_036.jpg,Người đàn ông đang ngồi ở đâu?,Ông ấy đang ngồi trên lưng ngựa.,train
horse_036.jpg,Con ngựa có màu đen phải không?,"Không, con ngựa có màu nâu.",train
horse_037.jpg,Con vật đang chạy là con gì?,Đó là một con ngựa.,train
horse_037.jpg,Bức ảnh có mấy con ngựa?,Bức ảnh chỉ có một con ngựa.,train
horse_037.jpg,Con ngựa đang làm gì?,Con ngựa đang phi nước kiệu.,train
horse_037.jpg,Chân trước của ngựa có nhấc lên không?,"Có, chân trước của ngựa đang nhấc lên.",train
horse_038.jpg,Bức ảnh hiển thị loài vật nào?,Bức ảnh hiển thị một con ngựa.,train
horse_038.jpg,Có bao nhiêu con ngựa ở đây?,Có một con ngựa ở đây.,train
horse_038.jpg,Phần chân dưới của ngựa màu gì?,Phần chân dưới của ngựa màu trắng.,train
horse_038.jpg,Con ngựa có đang chạy không?,"Không, con ngựa đang đứng yên.",train
horse_039.jpg,Con vật trong hình là gì?,Con vật trong hình là con ngựa.,train
horse_039.jpg,Trong bãi có mấy con ngựa trắng?,Trong bãi có một con ngựa trắng.,train
horse_039.jpg,Con ngựa đang đứng ở đâu?,Con ngựa đang đứng trên mặt đất.,train
horse_039.jpg,Bờm của con ngựa có màu xám không?,"Có, bờm của con ngựa màu xám.",train
horse_040.jpg,Bức ảnh chụp con vật nào?,Bức ảnh chụp một con ngựa.,train
horse_040.jpg,Bức ảnh có bao nhiêu con ngựa?,Bức ảnh có một con ngựa.,train
horse_040.jpg,Con ngựa được buộc vào đâu?,Con ngựa được buộc vào cái cây.,train
horse_040.jpg,Con ngựa có màu nâu phải không?,"Có, con ngựa có lông màu nâu.",train
horse_041.jpg,Những người trong ảnh đang làm gì?,Họ đang cưỡi ngựa và đi bộ.,train
horse_041.jpg,Có bao nhiêu con ngựa xuất hiện trong ảnh?,Có ba con ngựa trong ảnh.,train
horse_041.jpg,Những con ngựa này chủ yếu có màu gì?,Ngựa chủ yếu có màu nâu.,train
horse_041.jpg,Nhóm người này có đi trên đường nhựa không?,"Không, họ đang đi trên đường đất.",train
horse_042.jpg,Người đàn ông đang dẫn con vật gì?,Người đàn ông đang dẫn một con ngựa.,train
horse_042.jpg,Có bao nhiêu người xuất hiện trong bức ảnh này?,Có một người đàn ông trong ảnh.,train
horse_042.jpg,Bốn chân của con ngựa có màu gì?,Bốn chân con ngựa có màu trắng.,train
horse_042.jpg,Con ngựa có đang di chuyển trên bãi cỏ không?,"Có, con ngựa đang di chuyển trên cỏ.",train
horse_043.jpg,Con vật trong bức hình là loài gì?,Đây là một con ngựa.,train
horse_043.jpg,Có bao nhiêu con ngựa đang đứng trên cỏ?,Có một con ngựa đang đứng.,train
horse_043.jpg,Bờm của con ngựa này có màu gì?,Bờm của con ngựa có màu trắng.,train
horse_043.jpg,Xung quanh con ngựa có cây cối không?,"Có, xung quanh ngựa có nhiều cây.",train
horse_044.jpg,Người trong ảnh đang cưỡi con vật gì?,Người đó đang cưỡi một con ngựa.,train
horse_044.jpg,Có mấy hàng rào kim loại trong khung hình?,Có một hàng rào kim loại xung quanh.,train
horse_044.jpg,Con ngựa này có màu lông như thế nào?,Con ngựa có màu xám đốm.,train
horse_044.jpg,Con ngựa trong ảnh có đeo yên không?,"Có, con ngựa đang đeo yên cương.",train
horse_045.jpg,Hai người đàn ông đang làm gì trên đường?,Họ đang cưỡi ngựa đi dạo.,train
horse_045.jpg,Có bao nhiêu con ngựa trong bức hình này?,Có hai con ngựa trong bức hình.,train
horse_045.jpg,Hai con ngựa đang được cưỡi có màu gì?,Cả hai con ngựa đều có màu đen.,train
horse_045.jpg,Hai người này có mặc áo tay dài không?,"Không, họ đều mặc áo tay ngắn.",train
horse_046.jpg,Những người đàn ông đang tham gia hoạt động gì?,Họ đang cưỡi ngựa đi thành hàng.,train
horse_046.jpg,Có mấy người đang cưỡi ngựa trong khung hình?,Có ba người đang cưỡi ngựa.,train
horse_046.jpg,Con ngựa đi đầu tiên có màu gì?,Con ngựa đi đầu có màu đen.,train
horse_046.jpg,Những người đàn ông có đội mũ trên đầu không?,"Có, họ đều đang đội mũ.",train
horse_047.jpg,Bối cảnh của bức ảnh diễn ra vào lúc nào?,Cảnh này diễn ra vào lúc hoàng hôn.,train
horse_047.jpg,Có bao nhiêu con ngựa xuất hiện trong ảnh?,Chỉ có một con ngựa trong ảnh.,train
horse_047.jpg,Phần lông ở đuôi của con ngựa màu gì?,Đuôi của con ngựa có màu đen.,train
horse_047.jpg,Bầu trời phía sau con ngựa có màu đỏ không?,"Có, bầu trời phía sau có màu đỏ.",train
horse_048.jpg,Con vật trong ảnh đang đứng trên bề mặt gì?,Nó đang đứng trên mặt đất liền.,train
horse_048.jpg,Trong ảnh có tổng cộng mấy con ngựa?,Có duy nhất một con ngựa trong ảnh.,train
horse_048.jpg,Lông của con ngựa này có màu gì?,Lông của nó có màu đen bóng.,train
horse_048.jpg,Con ngựa có đeo yên cương trên lưng không?,"Không, con ngựa này không đeo yên cương.",train
horse_049.jpg,Những con ngựa đang tham gia môn thể thao gì?,Chúng đang tham gia đua ngựa kéo xe.,train
horse_049.jpg,Có mấy chiếc xe kéo nhìn thấy rõ nhất?,Có hai chiếc xe kéo nhìn rõ nhất.,train
horse_049.jpg,Bánh xe kéo của các kỵ mã có màu gì?,Bánh xe có màu đen và trắng.,train
horse_049.jpg,Những người điều khiển xe kéo có đội mũ không?,"Có, họ đều đội mũ bảo hiểm.",train
horse_050.jpg,Con vật đang đứng giữa bãi cỏ là con gì?,Đây là một con ngựa lớn.,train
horse_050.jpg,Có bao nhiêu con ngựa trên đồng cỏ lúc này?,Có một con ngựa trên đồng cỏ.,train
horse_050.jpg,Phần bờm trên cổ con ngựa có màu gì?,Bờm của con ngựa có màu đen.,train
horse_050.jpg,Con ngựa có đang cúi xuống ăn cỏ không?,"Không, con ngựa đang đứng nhìn thẳng.",train
horse_051.jpg,Con vật trong ảnh là gì?,Đây là một con ngựa.,train
horse_051.jpg,Có bao nhiêu con ngựa ở đây?,Có một con ngựa ở đây.,train
horse_051.jpg,Bộ lông con ngựa màu gì?,Con ngựa có màu nâu.,train
horse_051.jpg,Con ngựa đang chạy phải không?,"Không, con ngựa đang đứng yên.",train
horse_052.jpg,Bức ảnh chụp con vật gì?,Bức ảnh chụp một con ngựa.,train
horse_052.jpg,Bạn thấy mấy con ngựa?,Tôi thấy một con ngựa.,train
horse_052.jpg,Ngựa trong ảnh có màu gì?,Ngựa trong ảnh màu nâu.,train
horse_052.jpg,Con ngựa đang đứng trên cỏ?,"Không, ngựa đang đứng trên đất.",train
horse_053.jpg,Những con vật này là gì?,Chúng là những con ngựa.,train
horse_053.jpg,Có mấy con ngựa trong hình?,Có hai con ngựa trong hình.,train
horse_053.jpg,Lông của chúng có màu gì?,Chúng có lông màu nâu.,train
horse_053.jpg,Ngựa con có đi cùng mẹ không?,"Có, ngựa con đi cùng mẹ.",train
horse_054.jpg,Con vật đang chạy là gì?,Đó là một con ngựa.,train
horse_054.jpg,Có bao nhiêu người cưỡi ngựa?,Có một người cưỡi ngựa.,train
horse_054.jpg,Người cưỡi ngựa mặc áo màu gì?,Người đó mặc chiếc áo đỏ.,train
horse_054.jpg,Con ngựa có đang phi nhanh không?,"Có, con ngựa đang phi nhanh.",train
horse_055.jpg,Đây là loài động vật nào?,Đây là một con ngựa.,train
horse_055.jpg,Bức ảnh có mấy con ngựa?,Bức ảnh có một con ngựa.,train
horse_055.jpg,Con ngựa có màu gì?,Con ngựa có màu nâu đậm.,train
horse_055.jpg,Ngựa đang đứng cạnh hàng rào?,"Có, ngựa đứng cạnh hàng rào.",train
horse_056.jpg,Con vật trong hình là gì?,Con vật này là con ngựa.,train
horse_056.jpg,Có mấy con ngựa trên bãi cỏ?,Có một con ngựa trên cỏ.,train
horse_056.jpg,Bộ lông của ngựa màu gì?,Ngựa có bộ lông màu trắng.,train
horse_056.jpg,Con ngựa đang phi nước đại phải không?,"Không, con ngựa đang đứng im.",train
horse_057.jpg,Con vật đang chạy là con gì?,Đó là một con ngựa.,train
horse_057.jpg,Bức ảnh chụp bao nhiêu con ngựa?,Bức ảnh chụp một con ngựa.,train
horse_057.jpg,Chân con ngựa có màu gì?,Chân con ngựa có màu trắng.,train
horse_057.jpg,Con ngựa đang chạy trên đồng hoa?,"Có, ngựa chạy trên đồng hoa.",train
horse_058.jpg,Hình ảnh cho thấy con vật gì?,Hình ảnh cho thấy con ngựa.,train
horse_058.jpg,Trong sân có mấy con ngựa?,Trong sân có một con ngựa.,train
horse_058.jpg,Đuôi ngựa có màu gì?,Đuôi ngựa có màu đen.,train
horse_058.jpg,Con ngựa đang chạy có phải không?,"Không, con ngựa đang đứng yên.",train
horse_059.jpg,Loài vật trong ảnh là gì?,Đó là một con ngựa.,train
horse_059.jpg,Có mấy con ngựa ở đây?,Chỉ có một con ngựa.,train
horse_059.jpg,Lông của con ngựa màu gì?,Lông của ngựa có màu đen.,train
horse_059.jpg,Con ngựa đang bước đi trên cát?,"Có, ngựa đang bước trên cát.",train
horse_060.jpg,Đây là con vật gì?,Đây là một con ngựa con.,train
horse_060.jpg,Bạn nhìn thấy mấy con ngựa?,Tôi thấy một con ngựa.,train
horse_060.jpg,Con ngựa con có màu gì?,Con ngựa con có màu nâu.,train
horse_060.jpg,Con ngựa có bị buộc dây không?,"Không, ngựa không bị buộc dây.",train
horse_061.jpg,Con vật trong ảnh là gì?,Đây là một con ngựa.,train
horse_061.jpg,Có bao nhiêu con ngựa ở đây?,Có hai con ngựa.,train
horse_061.jpg,Ngựa con trong ảnh có màu gì?,Ngựa con có màu vàng nhạt.,train
horse_061.jpg,Ngựa con đang nằm phải không?,"Không, ngựa con đang đứng.",train
horse_062.jpg,Sinh vật này là con gì?,Đây là một con ngựa.,train
horse_062.jpg,Bức ảnh có mấy con ngựa?,Có một con ngựa.,train
horse_062.jpg,Con ngựa mang màu lông gì?,Lông ngựa có màu nâu.,train
horse_062.jpg,Con ngựa có bị buộc dây không?,"Có, ngựa đang bị buộc dây.",train
horse_063.jpg,Hình ảnh chụp con vật gì?,Bức ảnh chụp con ngựa.,train
horse_063.jpg,Số lượng ngựa trong hình là bao nhiêu?,Chỉ có một con ngựa.,train
horse_063.jpg,Bờm của con ngựa có màu gì?,Bờm ngựa có màu đen.,train
horse_063.jpg,Con ngựa đang đi bộ có phải không?,"Có, con ngựa đang đi bộ.",train
horse_064.jpg,Con vật đang chạy là con gì?,Đó là một con ngựa.,train
horse_064.jpg,Bạn thấy mấy con ngựa ở đây?,Tôi thấy một con ngựa.,train
horse_064.jpg,Bộ lông của ngựa có màu gì?,Con ngựa có màu đen.,train
horse_064.jpg,Con ngựa đang đứng im phải không?,"Không, con ngựa đang chạy.",train
horse_065.jpg,Đây là loài vật nào?,Đây là loài ngựa.,train
horse_065.jpg,Có bao nhiêu con vật trong ảnh?,Có một con ngựa.,train
horse_065.jpg,Đuôi của con ngựa màu gì?,Đuôi ngựa có màu đen.,train
horse_065.jpg,Con ngựa chạy trên bãi cát phải không?,"Có, ngựa đang chạy trên cát.",train
horse_066.jpg,Con vật bị buộc dây là gì?,Đó là một con ngựa.,train
horse_066.jpg,Hình chụp mấy con ngựa?,Có một con ngựa.,train
horse_066.jpg,Con ngựa này có màu gì?,Con ngựa có màu đen sẫm.,train
horse_066.jpg,Con ngựa đang ăn cỏ phải không?,"Không, con ngựa đang đứng im.",train
horse_067.jpg,Con vật đang cúi đầu là gì?,Đây là một con ngựa.,train
horse_067.jpg,Bạn đếm được bao nhiêu con ngựa?,Có một con ngựa.,train
horse_067.jpg,Lông con ngựa có màu gì?,Lông ngựa có màu nâu.,train
horse_067.jpg,Con ngựa đang ăn cỏ phải không?,"Có, con ngựa đang ăn cỏ.",train
horse_068.jpg,Trong ảnh là con vật gì?,Đây là một con ngựa con.,train
horse_068.jpg,Có mấy con ngựa trong bức ảnh?,Có một con ngựa.,train
horse_068.jpg,Lông con ngựa có họa tiết gì?,Lông ngựa có những đốm nâu.,train
horse_068.jpg,Con ngựa này có màu đen tuyền không?,"Không, ngựa có màu trắng đốm.",train
horse_069.jpg,Con vật đứng trước bụi cây là gì?,Đó là một con ngựa.,train
horse_069.jpg,Bạn thấy bao nhiêu con vật?,Tôi thấy một con ngựa.,train
horse_069.jpg,Con ngựa trong hình màu gì?,Con ngựa có màu nâu sẫm.,train
horse_069.jpg,Con ngựa đang đứng im phải không?,"Có, con ngựa đang đứng im.",train
horse_070.jpg,Sinh vật đang di chuyển là gì?,Đây là một con ngựa.,train
horse_070.jpg,Số lượng ngựa trên đồng cỏ là mấy?,Có một con ngựa.,train
horse_070.jpg,Lông của con ngựa màu gì?,Con ngựa có màu nâu đỏ.,train
horse_070.jpg,Con ngựa đang đi bộ có phải không?,"Không, con ngựa đang chạy.",train
horse_071.jpg,Trong ảnh có con vật gì?,Bức ảnh chụp một con ngựa.,train
horse_071.jpg,Có bao nhiêu con ngựa trong ảnh?,Có một con ngựa trong ảnh.,train
horse_071.jpg,Con ngựa có màu gì?,Con ngựa có màu vàng nhạt.,train
horse_071.jpg,Con ngựa đang đứng trên đường phải không?,"Có, con ngựa đang đứng đó.",train
horse_072.jpg,Những con ngựa đang làm gì?,Những con ngựa đang đua.,train
horse_072.jpg,Có bao nhiêu con ngựa trong hình?,Có năm con ngựa trong hình.,train
horse_072.jpg,Các nài ngựa mặc áo màu gì?,Họ mặc áo nhiều màu sắc.,train
horse_072.jpg,Đường đua có cỏ xanh không?,"Có, đường đua có cỏ xanh.",train
horse_073.jpg,Con vật trong ảnh là gì?,Đó là một con ngựa.,train
horse_073.jpg,Có mấy con ngựa trong bức ảnh?,Có một con ngựa duy nhất.,train
horse_073.jpg,Sợi dây thừng có màu gì?,Sợi dây thừng có màu xanh.,train
horse_073.jpg,Con ngựa đang nằm phải không?,"Không, con ngựa đang đứng.",train
horse_074.jpg,Con ngựa đang làm gì?,Con ngựa đang chạy nhanh.,train
horse_074.jpg,Có bao nhiêu con ngựa đang chạy?,Có một con ngựa đang chạy.,train
horse_074.jpg,Con ngựa có màu gì?,Con ngựa có màu nâu đỏ.,train
horse_074.jpg,Con ngựa có bốn chân trắng không?,"Không, nó chỉ có hai tất trắng.",train
horse_075.jpg,Ai đang đứng cạnh con ngựa?,Một người đàn ông đứng cạnh.,train
horse_075.jpg,Có bao nhiêu con ngựa trong ảnh?,Có một con ngựa trong ảnh.,train
horse_075.jpg,Con ngựa có màu gì?,Con ngựa có màu đen.,train
horse_075.jpg,Người đàn ông có dắt ngựa không?,"Có, ông ấy đang dắt ngựa.",train
horse_076.jpg,Ai đang ngồi trên lưng ngựa?,Một người đàn ông cưỡi ngựa.,train
horse_076.jpg,Có mấy con ngựa trong hình?,Có một con ngựa trong hình.,train
horse_076.jpg,Trang phục của người đàn ông màu gì?,Ông ấy mặc đồ màu trắng.,train
horse_076.jpg,Bầu trời có mây không?,"Có, bầu trời có mây trắng.",train
horse_077.jpg,Những con vật này là gì?,Đây là những con ngựa.,train
horse_077.jpg,Có bao nhiêu con ngựa trong ảnh?,Có hai con ngựa trong ảnh.,train
horse_077.jpg,Con ngựa nhỏ có màu gì?,Con ngựa nhỏ màu vàng nhạt.,train
horse_077.jpg,Chúng đang ở trên đồi cỏ không?,"Có, chúng đang ở trên cỏ.",train
horse_078.jpg,Các quý ông đang làm gì?,Họ đang cưỡi ngựa trình diễn.,train
horse_078.jpg,Có bao nhiêu con ngựa trong ảnh?,Có ba con ngựa trong ảnh.,train
horse_078.jpg,Những con ngựa có màu gì?,Những con ngựa đều màu đen.,train
horse_078.jpg,Họ đang ở trong nhà phải không?,"Có, họ đang ở trong nhà.",train
horse_079.jpg,Con vật này đang làm gì?,Con ngựa đang chạy nhảy.,train
horse_079.jpg,Có bao nhiêu con ngựa trong hình?,Có một con ngựa trong hình.,train
horse_079.jpg,Bộ lông ngựa có màu gì?,Bộ lông ngựa màu nâu.,train
horse_079.jpg,Con ngựa có đang đứng yên không?,"Không, con ngựa đang chạy.",train
horse_080.jpg,Con vật trong ảnh là gì?,Đây là một con ngựa.,train
horse_080.jpg,Có mấy con ngựa trong chuồng?,Có một con ngựa trong chuồng.,train
horse_080.jpg,Con ngựa có màu gì?,Con ngựa có màu đen.,train
horse_080.jpg,Con ngựa có vệt trắng ở mặt không?,"Có, mặt nó có vệt trắng.",train
horse_081.jpg,Ai đang đứng cạnh con ngựa?,Một người phụ nữ đang đứng cạnh nó.,train
horse_081.jpg,Có bao nhiêu con ngựa trong hình?,Trong hình có hai con ngựa.,train
horse_081.jpg,Người phụ nữ đang làm gì?,Cô ấy đang tạo dáng cùng con ngựa.,train
horse_081.jpg,Con ngựa lớn có mảng trắng trên mặt không?,"Có, nó có mảng trắng trên mặt.",train
horse_082.jpg,Hai con vật trong ảnh là gì?,Đó là ngựa mẹ và ngựa con.,train
horse_082.jpg,Bạn thấy mấy con ngựa trong ảnh?,Tôi thấy hai con ngựa trong ảnh.,train
horse_082.jpg,Ngựa con đang đứng ở đâu?,Ngựa con đang đứng cạnh ngựa mẹ.,train
horse_082.jpg,Ngựa con có lông màu đen phải không?,"Không, ngựa con có lông màu nâu.",train
horse_083.jpg,Hoạt động trong ảnh là gì?,Một người đang cưỡi ngựa trong sân.,train
horse_083.jpg,Có mấy người cưỡi ngựa trong ảnh?,Chỉ có một người cưỡi ngựa.,train
horse_083.jpg,Con ngựa đang làm gì?,Con ngựa đang bước đi trên cát.,train
horse_083.jpg,Lông con ngựa có đốm trắng không?,"Có, lông nó có nhiều đốm trắng.",train
horse_084.jpg,Con vật trong ảnh là con gì?,Đây là một con ngựa đực.,train
horse_084.jpg,Có bao nhiêu con ngựa ở đây?,Ở đây chỉ có một con ngựa.,train
horse_084.jpg,Con ngựa đang đứng ở đâu?,Con ngựa đang đứng trên bãi cỏ.,train
horse_084.jpg,Con ngựa có màu trắng phải không?,"Không, con ngựa có màu nâu sẫm.",train
horse_085.jpg,Bức ảnh chụp con vật nào?,Bức ảnh chụp một con ngựa.,train
horse_085.jpg,Bức ảnh có mấy con ngựa?,Bức ảnh có một con ngựa.,train
horse_085.jpg,Con ngựa đang đứng như thế nào?,Con ngựa đang đứng vươn dài người.,train
horse_085.jpg,Bờm con ngựa có màu đen không?,"Có, bờm con ngựa có màu đen.",train
horse_086.jpg,Người phụ nữ đang làm gì?,Cô ấy đang thắng yên cho ngựa.,train
horse_086.jpg,Có bao nhiêu con ngựa trong ảnh?,Trong ảnh có một con ngựa.,train
horse_086.jpg,Con ngựa đang mang vật gì trên lưng?,Con ngựa đang mang một chiếc yên.,train
horse_086.jpg,Con ngựa có lông màu đen không?,"Có, con ngựa có lông màu đen.",train
horse_087.jpg,Con vật trong hình là gì?,Con vật trong hình là con ngựa.,train
horse_087.jpg,Bạn thấy mấy con vật trong hình?,Tôi thấy một con vật trong hình.,train
horse_087.jpg,Con ngựa đang ở trạng thái nào?,Con ngựa đang đứng yên trên mặt đất.,train
horse_087.jpg,Con ngựa có đuôi màu trắng phải không?,"Không, con ngựa có đuôi màu đen.",train
horse_088.jpg,Bức ảnh chụp loài vật nào?,Bức ảnh chụp một con ngựa.,train
horse_088.jpg,Có bao nhiêu con ngựa đang chạy?,Có một con ngựa đang chạy.,train
horse_088.jpg,Con ngựa đang làm gì trên đồng cỏ?,Con ngựa đang phi trên đồng cỏ.,train
horse_088.jpg,Con ngựa có màu xám trắng không?,"Có, con ngựa có màu xám trắng.",train
horse_089.jpg,Bức ảnh chụp con vật gì?,Bức ảnh chụp một con ngựa đen.,train
horse_089.jpg,Có mấy con ngựa trong bãi cỏ?,Có một con ngựa trong bãi cỏ.,train
horse_089.jpg,Con ngựa đang làm hành động gì?,Con ngựa đang chồm hai chân trước.,train
horse_089.jpg,Con ngựa có lông màu nâu không?,"Không, con ngựa có lông màu đen.",train
horse_090.jpg,Con vật đang đứng là con gì?,Nó là một con ngựa màu nâu.,train
horse_090.jpg,Trong hình có bao nhiêu con ngựa?,Trong hình có một con ngựa.,train
horse_090.jpg,Con ngựa đang đứng ở đâu?,Con ngựa đứng trên đường xi măng.,train
horse_090.jpg,Chân con ngựa có phần lông đen không?,"Có, chân nó có phần lông đen.",train
horse_091.jpg,Con vật trong ảnh là con gì?,Đây là một con ngựa.,train
horse_091.jpg,Có bao nhiêu con ngựa trong ảnh?,Có một con ngựa trong ảnh.,train
horse_091.jpg,Lông của con ngựa có màu gì?,Lông ngựa có màu vàng nâu.,train
horse_091.jpg,Con ngựa có đang đứng trên thảm cỏ không?,"Có, con ngựa đang đứng trên cỏ.",train
horse_092.jpg,Con ngựa đang được buộc vào đâu?,Con ngựa được buộc vào cái cây.,train
horse_092.jpg,Có mấy sợi dây thừng buộc con ngựa?,Có một sợi dây thừng.,train
horse_092.jpg,Con ngựa trong ảnh có màu gì?,Con ngựa này có màu nâu.,train
horse_092.jpg,Con ngựa có đang chạy không?,"Không, con ngựa đang đứng yên.",train
horse_093.jpg,Có những con vật nào trong ảnh?,Có hai con ngựa trong ảnh.,train
horse_093.jpg,Có bao nhiêu con ngựa con xuất hiện?,Có một con ngựa con.,train
horse_093.jpg,Bốn chân của ngựa lớn có màu gì?,Bốn chân của nó có màu trắng.,train
horse_093.jpg,Hai con ngựa có đứng cạnh nhau không?,"Có, chúng đang đứng cạnh nhau.",train
horse_094.jpg,Con vật đứng đối diện con ngựa là gì?,Đó là một con chó nhỏ.,train
horse_094.jpg,Có bao nhiêu con vật trong bức ảnh?,Có hai con vật trong ảnh.,train
horse_094.jpg,Phần lông ở chân ngựa có màu gì?,Lông ở chân ngựa có màu trắng.,train
horse_094.jpg,Con chó có đang nhìn con ngựa không?,"Có, con chó đang nhìn con ngựa.",train
horse_095.jpg,Người đàn ông đang làm gì với con ngựa?,Ông ấy đang giữ dây cương ngựa.,train
horse_095.jpg,Có bao nhiêu người trong bức ảnh này?,Có một người đàn ông trong ảnh.,train
horse_095.jpg,Người đàn ông đang mặc áo màu gì?,Người đàn ông mặc áo màu xanh.,train
horse_095.jpg,Con ngựa có đang ăn cỏ không?,"Không, con ngựa đang đứng trên đường.",train
horse_096.jpg,Con ngựa đang làm gì trong khung hình?,Con ngựa đang chạy nước kiệu.,train
horse_096.jpg,Có mấy con ngựa xuất hiện trong ảnh?,Chỉ có một con ngựa.,train
horse_096.jpg,Lông của con ngựa này có màu gì?,Lông ngựa có màu xám đốm trắng.,train
horse_096.jpg,Xung quanh con ngựa có nhiều cây không?,"Có, xung quanh ngựa có nhiều cây.",train
horse_097.jpg,Con ngựa đang di chuyển trên bề mặt nào?,Ngựa đang di chuyển trên nền đất.,train
horse_097.jpg,Có bao nhiêu hàng rào gỗ phía sau ngựa?,Có một hàng rào gỗ phía sau.,train
horse_097.jpg,Phần đuôi của con ngựa có màu gì?,Đuôi con ngựa có màu đen.,train
horse_097.jpg,Con ngựa này có đang đeo yên không?,"Không, con ngựa không đeo yên cương.",train
horse_098.jpg,Con ngựa đang làm gì trên cánh đồng?,Con ngựa đang cúi xuống ăn cỏ.,train
horse_098.jpg,Có mấy con ngựa trong bức hình này?,Có một con ngựa trong hình.,train
horse_098.jpg,Lông của con ngựa này màu gì?,Lông của nó có màu nâu.,train
horse_098.jpg,Bức ảnh có được chụp ngoài trời không?,"Có, bức ảnh chụp ở ngoài trời.",train
horse_099.jpg,Con ngựa đang tham gia hoạt động gì?,Nó đang kéo xe chạy trên đường.,train
horse_099.jpg,Có bao nhiêu bánh xe kéo trong ảnh?,Có hai bánh xe kéo trong ảnh.,train
horse_099.jpg,Con ngựa kéo xe có màu lông gì?,Con ngựa này có màu nâu đỏ.,train
horse_099.jpg,Con ngựa có đang chạy nhanh không?,"Có, con ngựa đang chạy rất nhanh.",train
horse_100.jpg,Con ngựa đang đứng ở vị trí nào?,Ngựa đang đứng trên bãi cỏ xanh.,train
horse_100.jpg,Có bao nhiêu con ngựa trong bức ảnh?,Có một con ngựa trong bức ảnh.,train
horse_100.jpg,Bờm trên cổ con ngựa có màu gì?,Bờm của nó có màu đen.,train
horse_100.jpg,Con ngựa có đang đứng yên không?,"Có, con ngựa đang đứng yên.",train
sheep_001.jpg,Con vật trong ảnh là gì?,Đây là hai con cừu.,train
sheep_001.jpg,Có bao nhiêu con cừu nhỏ?,Có một con cừu nhỏ.,train
sheep_001.jpg,Lông của con cừu màu gì?,Cừu có bộ lông màu trắng.,train
sheep_001.jpg,Cừu mẹ có đứng sau cừu con?,"Có, cừu mẹ đứng ở phía sau.",train
sheep_002.jpg,Bức ảnh chụp con gì?,Bức ảnh chụp một con cừu.,train
sheep_002.jpg,Con cừu có mấy cái sừng?,Con cừu có hai cái sừng.,train
sheep_002.jpg,Lông của con cừu này màu gì?,Nó có bộ lông màu nâu.,train
sheep_002.jpg,Con cừu đang ăn cỏ phải không?,"Có, con cừu đang cúi đầu ăn.",train
sheep_003.jpg,Đối tượng chính trong ảnh là gì?,Đó là một con cừu.,train
sheep_003.jpg,Bức ảnh có bao nhiêu con vật?,Bức ảnh có một con vật.,train
sheep_003.jpg,Đầu của con cừu màu gì?,Đầu của con cừu màu đen.,train
sheep_003.jpg,Con cừu có đang đứng trong chuồng?,"Có, cừu đang đứng trong chuồng.",train
sheep_004.jpg,Đây là con vật nào?,Đây là một con cừu.,train
sheep_004.jpg,Con cừu có sừng không?,"Có, con cừu có hai sừng cong.",train
sheep_004.jpg,Mắt của con cừu màu gì?,Con cừu có đôi mắt màu vàng.,train
sheep_004.jpg,Con cừu đang nhìn đi đâu?,Nó đang nhìn thẳng vào ống kính.,train
sheep_005.jpg,Những con vật trong ảnh là gì?,Chúng là những con cừu.,train
sheep_005.jpg,Có bao nhiêu con cừu trong hình?,Có bốn con cừu trong hình.,train
sheep_005.jpg,Đầu của chúng có màu gì?,Chúng có đầu màu đen.,train
sheep_005.jpg,Đàn cừu có đang chạy không?,"Không, đàn cừu đang ăn cỏ.",train
sheep_006.jpg,Bạn thấy con vật gì?,Tôi thấy đàn cừu.,train
sheep_006.jpg,Có mấy con cừu lớn màu trắng?,Có một con cừu lớn trắng.,train
sheep_006.jpg,Đàn cừu con có màu gì?,Đàn cừu con có màu đen.,train
sheep_006.jpg,Cừu mẹ đang đứng trên cỏ phải không?,"Có, cừu mẹ đang đứng trên cỏ.",train
sheep_007.jpg,Con vật trong hình là gì?,Đó là một con cừu.,train
sheep_007.jpg,Con cừu có mấy cái sừng?,Con cừu có hai cái sừng.,train
sheep_007.jpg,Bộ lông của nó màu gì?,Nó có bộ lông màu trắng xám.,train
sheep_007.jpg,Con cừu có đang đứng một mình?,"Có, con cừu đang đứng một mình.",train
sheep_008.jpg,Đây là loài động vật nào?,Đây là một đàn cừu.,train
sheep_008.jpg,Có bao nhiêu con cừu trong ảnh?,Có rất nhiều con cừu.,train
sheep_008.jpg,Chúng đang làm gì?,Chúng đang gặm cỏ trên đồng.,train
sheep_008.jpg,Bãi cỏ có màu xanh không?,"Có, bãi cỏ có màu xanh.",train
sheep_009.jpg,Con vật gì xuất hiện trong ảnh?,Đó là những con cừu.,train
sheep_009.jpg,Có bao nhiêu con cừu ở gần?,Có hai con cừu ở gần.,train
sheep_009.jpg,Lông của chúng dài hay ngắn?,Chúng có bộ lông rất dài.,train
sheep_009.jpg,Đàn cừu đang ở trong rừng không?,"Có, chúng đang ở trong rừng.",train
sheep_010.jpg,Bức ảnh chụp con gì?,Bức ảnh chụp một con cừu.,train
sheep_010.jpg,Bạn nhìn thấy mấy con cừu?,Tôi nhìn thấy một con cừu.,train
sheep_010.jpg,Khuôn mặt con cừu màu gì?,Nó có khuôn mặt màu nâu.,train
sheep_010.jpg,Con cừu có đang nhìn bạn không?,"Có, con cừu đang nhìn thẳng.",train
sheep_011.jpg,Có bao nhiêu con cừu trong ảnh?,Có rất nhiều con cừu trong ảnh.,train
sheep_011.jpg,Con cừu ở gần nhất có màu gì?,Nó có bộ lông màu trắng xám.,train
sheep_011.jpg,Đàn cừu đang đứng trên cỏ phải không?,"Có, đàn cừu đang đứng trên cỏ.",train
sheep_011.jpg,Các con cừu đang làm gì?,Chúng đang đứng nhìn xung quanh.,train
sheep_012.jpg,Con vật trong ảnh là gì?,Đây là một con cừu.,train
sheep_012.jpg,Bộ lông của con cừu màu gì?,Nó có bộ lông màu trắng.,train
sheep_012.jpg,Con cừu có sừng không?,"Không, con cừu không có sừng.",train
sheep_012.jpg,Con cừu đang đứng ở đâu?,Nó đang đứng trên nền đất.,train
sheep_013.jpg,Bạn thấy con vật gì?,Tôi thấy một con cừu.,train
sheep_013.jpg,Con cừu có bộ lông như thế nào?,Nó có bộ lông rất dày.,train
sheep_013.jpg,Có phải con cừu đang đứng trong chuồng?,"Có, cừu đang đứng trong chuồng.",train
sheep_013.jpg,Mặt của con cừu màu gì?,Khuôn mặt của nó màu trắng.,train
sheep_014.jpg,Con vật trong hình là con gì?,Đó là một con cừu.,train
sheep_014.jpg,Con cừu đang ở tư thế nào?,Con cừu đang bị lật ngửa.,train
sheep_014.jpg,Lông của nó đã bị cắt chưa?,"Không, lông của nó rất dài.",train
sheep_014.jpg,Người đàn ông đang làm gì?,Người đàn ông đang giữ con cừu.,train
sheep_015.jpg,Đây là loài động vật nào?,Đây là một con cừu con.,train
sheep_015.jpg,Có bao nhiêu con vật ở đây?,Có một con cừu con.,train
sheep_015.jpg,Con cừu có màu gì?,Nó có bộ lông màu trắng.,train
sheep_015.jpg,Con cừu đang nằm trên cỏ phải không?,"Có, con cừu đang nằm nghỉ.",train
sheep_016.jpg,Những con vật này có sừng không?,"Có, chúng có những cặp sừng cong.",train
sheep_016.jpg,Có bao nhiêu con cừu trong đàn?,Có bảy con cừu trong đàn.,train
sheep_016.jpg,Bộ lông của chúng màu gì?,Chúng có bộ lông màu nâu.,train
sheep_016.jpg,Đàn cừu đang đứng ở đâu?,Chúng đứng cạnh một hàng rào.,train
sheep_017.jpg,Đàn cừu con có màu gì?,Đàn cừu con có màu đen.,train
sheep_017.jpg,Có bao nhiêu con cừu lớn?,Có một con cừu lớn màu trắng.,train
sheep_017.jpg,Cừu mẹ đang dẫn đàn con đi không?,"Có, cừu mẹ đang dẫn đàn con.",train
sheep_017.jpg,Bãi cỏ có màu gì?,Bãi cỏ có màu xanh tươi.,train
sheep_018.jpg,Con vật trong ảnh là gì?,Đó là một con cừu.,train
sheep_018.jpg,Con cừu có đeo dải băng không?,"Có, nó đeo một dải băng xanh.",train
sheep_018.jpg,Bộ lông của nó màu gì?,Nó có bộ lông màu nâu nhạt.,train
sheep_018.jpg,Ai đang đứng phía sau con cừu?,Một người đàn ông đứng phía sau.,train
sheep_019.jpg,Con vật này có bộ lông màu gì?,Nó có bộ lông màu nâu.,train
sheep_019.jpg,Con cừu có sừng không?,"Có, nó có một chiếc sừng lớn.",train
sheep_019.jpg,Có bao nhiêu con cừu ở đây?,Chỉ có một con cừu.,train
sheep_019.jpg,Có bàn tay người trong ảnh không?,"Có, một bàn tay đang chạm cừu.",train
sheep_020.jpg,Có bao nhiêu con cừu trong hình?,Có bốn con cừu trong hình.,train
sheep_020.jpg,Con cừu lớn nhất màu gì?,Con cừu lớn nhất màu trắng.,train
sheep_020.jpg,Đàn cừu đang đứng trên cỏ phải không?,"Có, chúng đang đứng trên cỏ.",train
sheep_020.jpg,Có mấy con cừu con?,Có ba con cừu con.,train
sheep_021.jpg,Trong ảnh có con vật gì?,Bức ảnh chụp một con cừu.,train
sheep_021.jpg,Có bao nhiêu con cừu trong ảnh?,Trong ảnh có một con cừu.,train
sheep_021.jpg,Con cừu này có màu gì?,Nó có lông vàng và mặt đen.,train
sheep_021.jpg,Con cừu có sừng không?,"Không, con cừu này không có sừng.",train
sheep_022.jpg,Con vật trong hình là gì?,Đây là một con cừu.,train
sheep_022.jpg,Có mấy con cừu trong bức ảnh?,Chỉ có một con cừu trong ảnh.,train
sheep_022.jpg,Con cừu có màu gì?,Nó có bộ lông màu trắng.,train
sheep_022.jpg,Con cừu đang đứng trên cỏ phải không?,"Có, con cừu đang đứng trên cỏ.",train
sheep_023.jpg,Đây là con vật gì?,Bức ảnh chụp một con cừu.,train
sheep_023.jpg,Bức ảnh có mấy con cừu?,Bức ảnh chỉ có một con cừu.,train
sheep_023.jpg,Con cừu này có bộ lông màu gì?,Nó có bộ lông màu trắng xám.,train
sheep_023.jpg,Con cừu có sừng không?,"Không, con cừu này không có sừng.",train
sheep_024.jpg,Cảnh trong hình là gì?,Đây là cảnh con cừu trên đồng cỏ.,train
sheep_024.jpg,Có bao nhiêu con cừu?,Trong ảnh có một con cừu.,train
sheep_024.jpg,Con cừu có sừng không?,"Có, con cừu này có sừng xoắn.",train
sheep_024.jpg,Có ngôi nhà ở phía sau không?,"Có, có ngôi nhà và tường đá.",train
sheep_025.jpg,Con vật đang đi là con gì?,Đó là một con cừu.,train
sheep_025.jpg,Có mấy con cừu trong ảnh?,Trong ảnh có một con cừu.,train
sheep_025.jpg,Con cừu này có đặc điểm gì nổi bật?,Con cừu có mặt và chân đen.,train
sheep_025.jpg,Con cừu đang ăn cỏ phải không?,"Không, con cừu đang đi bộ.",train
sheep_026.jpg,Những con vật trong ảnh là gì?,Đó là hai con cừu.,train
sheep_026.jpg,Có bao nhiêu con cừu?,Có hai con cừu trong hình.,train
sheep_026.jpg,Hai con cừu có sừng không?,"Có, cả hai đều có sừng.",train
sheep_026.jpg,Chúng đang làm gì?,Chúng đang ăn cỏ trên đồng.,train
sheep_027.jpg,Người và vật trong ảnh đang làm gì?,Người đang đứng cạnh con cừu.,train
sheep_027.jpg,Có mấy con cừu?,Có một con cừu trong ảnh.,train
sheep_027.jpg,Con cừu này có sừng không?,"Có, nó có một cặp sừng.",train
sheep_027.jpg,Người có đội mũ không?,"Không, người không đội mũ.",train
sheep_028.jpg,Con vật trong hình là gì?,Đây là một con cừu.,train
sheep_028.jpg,Bức ảnh có mấy con cừu?,Bức ảnh chỉ có một con cừu.,train
sheep_028.jpg,Con cừu có sừng không?,"Không, con cừu này không có sừng.",train
sheep_028.jpg,Con cừu đang ăn cỏ phải không?,"Có, nó đang gặm cỏ.",train
sheep_029.jpg,Những con cừu đang ở đâu?,Đàn cừu đang ăn cỏ trên đồng.,train
sheep_029.jpg,Có bao nhiêu con cừu trong đàn?,Có năm con cừu trong đàn.,train
sheep_029.jpg,Những con cừu có sừng không?,"Có, một vài con có sừng.",train
sheep_029.jpg,Bầu trời có mây không?,"Có, bầu trời có mây.",train
sheep_030.jpg,Trong ảnh có những con vật gì?,Bức ảnh chụp ba con cừu.,train
sheep_030.jpg,Có bao nhiêu con cừu?,Có ba con cừu trong ảnh.,train
sheep_030.jpg,Những con cừu này có sừng không?,"Có, một con cừu có sừng.",train
sheep_030.jpg,Chúng có màu lông giống nhau không?,"Không, chúng có màu lông khác nhau.",train
sheep_031.jpg,Có bao nhiêu con cừu đang nằm?,Có hai con cừu đang nằm nghỉ.,train
sheep_031.jpg,Những con cừu này màu gì?,Chúng có bộ lông màu trắng.,train
sheep_031.jpg,Đàn cừu có đang ở trên cỏ không?,"Có, đàn cừu đang ở trên cỏ.",train
sheep_031.jpg,Đầu của con cừu nằm trên màu gì?,Nó có cái đầu màu trắng.,train
sheep_032.jpg,Con vật trong hình là gì?,Đó là một con cừu.,train
sheep_032.jpg,Con cừu có sừng không?,"Có, con cừu có cặp sừng to.",train
sheep_032.jpg,Bộ lông của nó màu gì?,Nó có bộ lông màu nâu.,train
sheep_032.jpg,Con cừu có đang ăn cỏ không?,"Có, con cừu đang gặm cỏ.",train
sheep_033.jpg,Bạn thấy mấy con cừu trong ảnh?,Tôi thấy hai con cừu.,train
sheep_033.jpg,Chúng có màu lông như thế nào?,Chúng có lông màu vàng nhạt.,train
sheep_033.jpg,Chân của chúng có màu gì?,Chân của chúng có màu đen.,train
sheep_033.jpg,Hai con cừu đang đứng sát nhau?,"Có, chúng đang đứng sát nhau.",train
sheep_034.jpg,Đối tượng chính trong ảnh là gì?,Đó là một con cừu.,train
sheep_034.jpg,Con cừu có đầu màu gì?,Nó có cái đầu màu đen.,train
sheep_034.jpg,Bộ lông của nó màu gì?,Nó có bộ lông màu trắng.,train
sheep_034.jpg,Con cừu đang đứng một mình?,"Có, con cừu đang đứng một mình.",train
sheep_035.jpg,Đây là con vật gì?,Đây là một con cừu con.,train
sheep_035.jpg,Con vật có bộ lông màu gì?,Nó có lông màu nâu trắng.,train
sheep_035.jpg,Con cừu đang đứng trên cỏ phải không?,"Có, con cừu đang đứng trên cỏ.",train
sheep_035.jpg,Mặt của con cừu màu gì?,Mặt của nó có màu trắng.,train
sheep_036.jpg,Con vật trong bức ảnh là gì?,Đây là một con cừu.,train
sheep_036.jpg,Bạn nhìn thấy mấy con cừu?,Tôi nhìn thấy một con cừu.,train
sheep_036.jpg,Con cừu có màu lông gì?,Nó có bộ lông màu trắng.,train
sheep_036.jpg,Con cừu có đang nhìn bạn không?,"Có, nó đang nhìn thẳng tới.",train
sheep_037.jpg,Những con cừu đang làm gì?,Chúng đang cúi đầu gặm cỏ.,train
sheep_037.jpg,Đầu của con cừu phía trước màu gì?,Nó có cái đầu màu đen.,train
sheep_037.jpg,Chân của con cừu có màu gì?,Chân của nó có màu đen.,train
sheep_037.jpg,Có phải đàn cừu có lông trắng?,"Có, đàn cừu có lông trắng.",train
sheep_038.jpg,Có bao nhiêu con chó trong đàn?,Có hai con chó trong đàn.,train
sheep_038.jpg,Những con chó có màu gì?,Những con chó có màu trắng.,train
sheep_038.jpg,Đàn cừu đang ở đâu?,Đàn cừu đang ở trên đồng.,train
sheep_038.jpg,Con chó có đang bảo vệ cừu?,"Có, chó đang canh gác đàn.",train
sheep_039.jpg,Bức ảnh chụp con vật gì?,Bức ảnh chụp một con cừu.,train
sheep_039.jpg,Con cừu đang đứng ở đâu?,Nó đang đứng trên tuyết trắng.,train
sheep_039.jpg,Đầu của con cừu màu gì?,Đầu của nó có màu đen.,train
sheep_039.jpg,Trời đang có tuyết rơi phải không?,"Có, xung quanh đầy tuyết trắng.",train
sheep_040.jpg,Bạn thấy gì trong thung lũng?,Tôi thấy một đàn cừu.,train
sheep_040.jpg,Có bao nhiêu con cừu ở gần?,Có sáu con cừu ở gần.,train
sheep_040.jpg,Cảnh vật xung quanh như thế nào?,Xung quanh là đồi núi xanh.,train
sheep_040.jpg,Đàn cừu đang gặm cỏ phải không?,"Có, đàn cừu đang gặm cỏ.",train
sheep_041.jpg,Trong ảnh có con vật gì?,Bức ảnh chụp một con cừu.,train
sheep_041.jpg,Có bao nhiêu con cừu trong ảnh?,Trong ảnh có một con cừu.,train
sheep_041.jpg,Con cừu này có sừng không?,"Không, con cừu này không có sừng.",train
sheep_041.jpg,Con cừu đang đứng trên cỏ phải không?,"Có, con cừu đang đứng trên cỏ.",train
sheep_042.jpg,Đây là con vật gì?,Đây là một con cừu đực.,train
sheep_042.jpg,Con cừu này có sừng không?,"Có, con cừu có sừng xoắn lớn.",train
sheep_042.jpg,Con cừu có màu gì?,Nó có bộ lông màu nâu và trắng.,train
sheep_042.jpg,Con cừu đang nhìn vào máy ảnh phải không?,"Có, nó đang nhìn vào máy ảnh.",train
sheep_043.jpg,Con vật trong hình là gì?,Đó là một con cừu.,train
sheep_043.jpg,Bức ảnh có mấy con cừu?,Bức ảnh chụp một con cừu.,train
sheep_043.jpg,Con cừu này có bộ lông màu gì?,Nó có bộ lông màu trắng xám.,train
sheep_043.jpg,Con cừu có sừng không?,"Không, con cừu này không có sừng.",train
sheep_044.jpg,Đây là con vật gì?,Bức ảnh chụp một con cừu.,train
sheep_044.jpg,Con cừu có màu gì?,Nó có lông trắng và mặt đen.,train
sheep_044.jpg,Con cừu có sừng không?,"Có, con cừu này có sừng.",train
sheep_044.jpg,Con cừu đang đứng ở đâu?,Con cừu đang đứng trên sườn cỏ.,train
sheep_045.jpg,Con vật trong hình là gì?,Đây là cảnh đàn cừu ăn cỏ.,train
sheep_045.jpg,Có bao nhiêu con cừu trong ảnh?,Có hai con cừu đang ăn cỏ.,train
sheep_045.jpg,Con cừu ở phía trước có màu gì?,Con cừu đó có bộ lông màu trắng.,train
sheep_045.jpg,Con cừu đang nằm phải không?,"Không, chúng đang đứng ăn cỏ.",train
sheep_046.jpg,Đây là con vật gì?,Đây là một con cừu.,train
sheep_046.jpg,Bức ảnh chụp mấy con cừu?,Bức ảnh chụp một con cừu.,train
sheep_046.jpg,Con cừu này có bộ lông màu gì?,Nó có bộ lông màu trắng xám.,train
sheep_046.jpg,Con cừu có sừng không?,"Không, con cừu này không có sừng.",train
sheep_047.jpg,Trong ảnh là con vật gì?,Bức ảnh chụp hai con cừu.,train
sheep_047.jpg,Có bao nhiêu con cừu trong ảnh?,Có hai con cừu trong hình.,train
sheep_047.jpg,Hai con cừu có màu lông giống nhau không?,"Có, chúng có màu lông giống nhau.",train
sheep_047.jpg,Đàn cừu có sừng không?,"Không, đàn cừu không có sừng.",train
sheep_048.jpg,Con vật trong hình là gì?,Đây là một con cừu đực.,train
sheep_048.jpg,Con cừu này có sừng không?,"Không, con cừu này không có sừng.",train
sheep_048.jpg,Con cừu có màu gì?,Nó có lông vàng và mặt đen.,train
sheep_048.jpg,Con cừu đang ăn cỏ phải không?,"Không, con cừu đang đứng.",train
sheep_049.jpg,Đây là con vật gì?,Bức ảnh chụp một con cừu.,train
sheep_049.jpg,Bức ảnh có mấy con cừu?,Bức ảnh chụp một con cừu.,train
sheep_049.jpg,Con cừu này có sừng không?,"Không, con cừu này không có sừng.",train
sheep_049.jpg,Con cừu đang đứng trên cỏ phải không?,"Có, con cừu đang đứng trên cỏ.",train
sheep_050.jpg,Có những con vật nào ở đây?,Có một con cừu mẹ và một con cừu con.,train
sheep_050.jpg,Có bao nhiêu con cừu trong ảnh?,Có hai con cừu trong hình.,train
sheep_050.jpg,Hai con vật có màu giống nhau không?,"Có, chúng đều có màu trắng.",train
sheep_050.jpg,Con cừu con có sừng không?,"Không, con cừu con không có sừng.",train
sheep_051.jpg,Con vật trong ảnh là gì?,Đây là một con cừu.,train
sheep_051.jpg,Con cừu mặc áo màu gì?,Con cừu mặc chiếc áo màu vàng.,train
sheep_051.jpg,Có bao nhiêu con cừu mặc áo?,Có ba con cừu mặc áo.,train
sheep_051.jpg,Con cừu có đi giày không?,"Có, con cừu đang đi giày đỏ.",train
sheep_052.jpg,Bạn thấy mấy con vật ở đây?,Tôi thấy hai con cừu.,train
sheep_052.jpg,Con cừu lớn có sừng không?,"Có, con cừu lớn có hai sừng.",train
sheep_052.jpg,Bộ lông của chúng màu gì?,Chúng có bộ lông màu nâu.,train
sheep_052.jpg,Đàn cừu đang đứng trên cỏ?,"Có, đàn cừu đang đứng trên cỏ.",train
sheep_053.jpg,Con cừu có đầu màu gì?,Con cừu có cái đầu màu đen.,train
sheep_053.jpg,Bức ảnh có mấy con cừu?,Bức ảnh có hai con cừu.,train
sheep_053.jpg,Con cừu có đeo thẻ tai không?,"Có, nó đeo thẻ tai màu vàng.",train
sheep_053.jpg,Bộ lông của cừu màu gì?,Bộ lông của nó màu trắng.,train
sheep_054.jpg,Con cừu lớn đang làm gì?,Nó đang cho cừu con bú.,train
sheep_054.jpg,Có bao nhiêu con cừu con?,Có một con cừu con.,train
sheep_054.jpg,Đầu của cừu mẹ màu gì?,Cừu mẹ có cái đầu màu đen.,train
sheep_054.jpg,Chúng đang đứng trong chuồng không?,"Có, chúng đang đứng trong chuồng rơm.",train
sheep_055.jpg,Con vật này có mấy cái sừng?,Nó có bốn cái sừng.,train
sheep_055.jpg,Khuôn mặt con cừu màu gì?,Nó có khuôn mặt màu đen trắng.,train
sheep_055.jpg,Bộ lông của nó trông thế nào?,Nó có bộ lông rất dày.,train
sheep_055.jpg,Con cừu có đang nằm không?,"Có, con cừu đang nằm nghỉ.",train
sheep_056.jpg,Con vật trong hình là con gì?,Đó là một con cừu.,train
sheep_056.jpg,Con cừu có màu lông gì?,Con cừu có lông màu trắng.,train
sheep_056.jpg,Chân của con cừu màu gì?,Chân của nó có màu đen.,train
sheep_056.jpg,Nó có đang bị xích không?,"Có, nó đang bị buộc dây.",train
sheep_057.jpg,Con vật trong ảnh là loài gì?,Đó là một con cừu.,train
sheep_057.jpg,Nó có bộ lông như thế nào?,Nó có bộ lông rất dài.,train
sheep_057.jpg,Con cừu có sừng không?,"Có, nó có cặp sừng cong.",train
sheep_057.jpg,Lông của nó màu gì?,Lông của nó màu vàng nhạt.,train
sheep_058.jpg,Bạn thấy con vật gì?,Tôi thấy một con cừu.,train
sheep_058.jpg,Con cừu có màu lông gì?,Nó có bộ lông màu trắng.,train
sheep_058.jpg,Con cừu có đang ăn không?,"Có, con cừu đang gặm cỏ.",train
sheep_058.jpg,Nó có đeo thẻ tai không?,"Có, nó đeo thẻ tai màu vàng.",train
sheep_059.jpg,Có bao nhiêu người trong ảnh?,Có một người đàn ông.,train
sheep_059.jpg,Người đàn ông đang làm gì?,Ông ấy đang giữ con cừu.,train
sheep_059.jpg,Con cừu có đầu màu gì?,Con cừu có đầu màu đen.,train
sheep_059.jpg,Con cừu đang đứng trên cỏ?,"Có, con cừu đứng trên cỏ.",train
sheep_060.jpg,Có bao nhiêu con cừu ở đây?,Có rất nhiều con cừu.,train
sheep_060.jpg,Chúng có màu lông gì?,Chúng có bộ lông màu trắng.,train
sheep_060.jpg,Các con cừu đang làm gì?,Chúng đang nằm sát bên nhau.,train
sheep_060.jpg,Tai chúng có đeo thẻ không?,"Có, chúng đeo thẻ tai màu vàng.",train
sheep_061.jpg,Trong ảnh có con vật gì?,Bức ảnh chụp một con cừu.,train
sheep_061.jpg,Có bao nhiêu con cừu trong ảnh?,Trong ảnh có một con cừu.,train
sheep_061.jpg,Con cừu này có bộ lông màu gì?,Nó có bộ lông màu nâu xám.,train
sheep_061.jpg,Con cừu có đang đứng không?,"Có, con cừu đang đứng.",train
sheep_062.jpg,Người đàn ông đang cầm vật gì?,Ông ấy đang cầm cặp sừng cừu.,train
sheep_062.jpg,Con cừu có bao nhiêu chiếc sừng?,Con cừu có bốn chiếc sừng.,train
sheep_062.jpg,Mặt con cừu có màu gì?,Mặt con cừu có màu trắng đen.,train
sheep_062.jpg,Người đàn ông có đội mũ không?,"Có, người đàn ông đang đội mũ.",train
sheep_063.jpg,Những con vật trong hình là gì?,Đây là những con cừu.,train
sheep_063.jpg,Có bao nhiêu con cừu trong ảnh?,Có ba con cừu trong ảnh.,train
sheep_063.jpg,Bộ lông của chúng trông như thế nào?,Bộ lông của chúng rất dày.,train
sheep_063.jpg,Chúng có đang nhìn máy ảnh không?,"Có, chúng đang nhìn máy ảnh.",train
sheep_064.jpg,Con vật nhỏ trong ảnh là gì?,Đó là một con cừu non.,train
sheep_064.jpg,Có mấy con cừu trong bức ảnh?,Có một con cừu trong ảnh.,train
sheep_064.jpg,Con cừu có màu gì?,Con cừu có bộ lông màu trắng.,train
sheep_064.jpg,Con cừu đang đứng trên cỏ phải không?,"Không, it đứng trên nền đất tối.",train
sheep_065.jpg,Cảnh tượng trong ảnh là gì?,Đàn cừu đang gặm cỏ trên tuyết.,train
sheep_065.jpg,Có bao nhiêu con cừu trong đàn?,Có rất nhiều con cừu.,train
sheep_065.jpg,Màu sắc chủ đạo của nền là gì?,Màu trắng của tuyết là chủ đạo.,train
sheep_065.jpg,Thời tiết có đang lạnh không?,"Có, vì mặt đất phủ đầy tuyết.",train
sheep_066.jpg,Con vật trong hình là gì?,Đây là một con cừu.,train
sheep_066.jpg,Con cừu có sừng không?,"Có, con cừu có cặp sừng xoắn.",train
sheep_066.jpg,Con cừu có màu lông gì?,Con cừu có bộ lông màu trắng.,train
sheep_066.jpg,Con cừu đang ở trong nhà phải không?,"Có, nó đang ở trong chuồng.",train
sheep_067.jpg,Có những con vật nào trong ảnh?,Có hai con cừu trong ảnh.,train
sheep_067.jpg,Hai con cừu đang làm gì?,Chúng đang đứng trên mỏm đá.,train
sheep_067.jpg,Sừng của chúng có đặc điểm gì?,Sừng của chúng rất lớn và xoắn.,train
sheep_067.jpg,Chúng có vệt đen ở mặt không?,"Có, chúng có vệt đen ở mặt.",train
sheep_068.jpg,Những con vật này đang làm gì?,Đàn cừu đang đi dưới tuyết.,train
sheep_068.jpg,Có bao nhiêu con cừu trong ảnh?,Có ba con cừu trong ảnh.,train
sheep_068.jpg,Mặt của những con cừu màu gì?,Mặt của chúng có màu đen.,train
sheep_068.jpg,Trời có đang mưa không?,"Không, trời đang có tuyết rơi.",train
sheep_069.jpg,Trong ảnh có những con vật gì?,Trong ảnh là một đàn cừu.,train
sheep_069.jpg,Có bao nhiêu con cừu trong hình?,Có tám con cừu trong hình.,train
sheep_069.jpg,Màu lông của đàn cừu là gì?,Chúng có bộ lông màu nâu.,train
sheep_069.jpg,Đàn cừu có sừng không?,"Có, tất cả chúng đều có sừng.",train
sheep_070.jpg,Đàn cừu đang làm gì?,Đàn cừu đang gặm cỏ xanh.,train
sheep_070.jpg,Có bao nhiêu con cừu trong ảnh?,Có rất nhiều con cừu.,train
sheep_070.jpg,Màu lông của chúng là màu gì?,Chúng có bộ lông màu trắng.,train
sheep_070.jpg,Trời có đang nắng không?,"Có, ánh nắng đang chiếu xuống cỏ.",train
sheep_071.jpg,Trong ảnh xuất hiện con vật gì?,Đây là những con cừu.,train
sheep_071.jpg,Có bao nhiêu con cừu trong hình?,Có ba con cừu.,train
sheep_071.jpg,Mặt của những con cừu có màu gì?,Mặt của chúng có màu đen.,train
sheep_071.jpg,Các con cừu đang đứng trên cỏ phải không?,"Không, chúng đang đứng trên đất.",train
sheep_072.jpg,Sinh vật trong ảnh là loài nào?,Đây là loài cừu.,train
sheep_072.jpg,Bạn thấy mấy con cừu ở đây?,Tôi thấy bốn con cừu.,train
sheep_072.jpg,Con cừu lớn có lông màu gì?,Nó có bộ lông màu vàng nhạt.,train
sheep_072.jpg,Có phải cừu con đang đứng cạnh cừu mẹ?,"Có, cừu con đang đứng cạnh mẹ.",train
sheep_073.jpg,Con vật trong hình là gì?,Đây là một con cừu.,train
sheep_073.jpg,Số lượng cừu trong ảnh là bao nhiêu?,Chỉ có một con cừu.,train
sheep_073.jpg,Bộ lông của con cừu này màu gì?,Nó có bộ lông màu đen.,train
sheep_073.jpg,Con cừu có sừng hay không?,"Có, con cừu này có sừng.",train
sheep_074.jpg,Đây là con vật gì?,Đây là một con cừu.,train
sheep_074.jpg,Có bao nhiêu con cừu trong bức ảnh?,Có một con cừu.,train
sheep_074.jpg,Lông của con cừu có màu gì?,Nó có bộ lông màu trắng.,train
sheep_074.jpg,Con cừu đang nằm trên cỏ phải không?,"Không, con cừu đang đứng.",train
sheep_075.jpg,Con vật đang đứng là gì?,Đây là một con cừu.,train
sheep_075.jpg,Bạn đếm được mấy con cừu?,Có một con cừu.,train
sheep_075.jpg,Bộ lông của nó trông như thế nào?,Nó có bộ lông xoăn màu xám.,train
sheep_075.jpg,Có người đang giữ con cừu không?,"Có, có người đang giữ con cừu.",train
sheep_076.jpg,Những con vật trong ảnh là gì?,Đó là những con cừu.,train
sheep_076.jpg,Có tất cả bao nhiêu con cừu?,Có ba con cừu.,train
sheep_076.jpg,Con cừu ở giữa có lông màu gì?,Nó có bộ lông màu nâu.,train
sheep_076.jpg,Có cừu trắng trong bức ảnh không?,"Có, có hai con cừu trắng.",train
sheep_077.jpg,Con vật đứng trong bụi cỏ là gì?,Đó là một con cừu.,train
sheep_077.jpg,Có bao nhiêu con cừu ở vị trí này?,Có một con cừu.,train
sheep_077.jpg,Đầu của con cừu có màu gì?,Đầu của nó có màu đen.,train
sheep_077.jpg,Con cừu đang nhìn về phía sau phải không?,"Không, nó đang nhìn sang bên cạnh.",train
sheep_078.jpg,Bức ảnh chụp con vật nào?,Ảnh chụp một con cừu.,train
sheep_078.jpg,Số lượng con vật trong ảnh là mấy?,Có một con cừu.,train
sheep_078.jpg,Con cừu có đeo thẻ ở tai không?,Nó có đeo thẻ màu vàng.,train
sheep_078.jpg,Lông của nó có màu trắng không?,"Có, lông của nó màu trắng.",train
sheep_079.jpg,Con vật đang chạy trên đồng là gì?,Đây là một con cừu.,train
sheep_079.jpg,Có bao nhiêu con cừu đang di chuyển?,Có hai con cừu.,train
sheep_079.jpg,Con cừu lớn mang màu sắc gì?,Nó có màu lông trắng.,train
sheep_079.jpg,Con cừu nhỏ có đang chạy theo không?,"Có, cừu nhỏ đang chạy theo.",train
sheep_080.jpg,Con vật đang nằm là con gì?,Đó là một con cừu.,train
sheep_080.jpg,Bạn thấy mấy con cừu trong hình?,Tôi thấy một con cừu.,train
sheep_080.jpg,Lông của con cừu này màu gì?,Nó có lông màu nâu.,train
sheep_080.jpg,Con cừu có sừng cong phải không?,"Có, nó có đôi sừng cong.",train
sheep_081.jpg,Đây là con vật gì?,Đây là một con cừu.,train
sheep_081.jpg,Có bao nhiêu con cừu trong hình?,Bức ảnh có một con cừu.,train
sheep_081.jpg,Con cừu đang đứng ở đâu?,Con cừu đang đứng trên đất.,train
sheep_081.jpg,Con cừu có đầu màu đen không?,"Có, con cừu có đầu màu đen.",train
sheep_082.jpg,Những con vật trong ảnh đang làm gì?,Đàn cừu đang nằm nghỉ dưới bóng cây.,train
sheep_082.jpg,Bạn thấy bao nhiêu con cừu?,Tôi thấy rất nhiều con cừu.,train
sheep_082.jpg,Đàn cừu đang ở đâu?,Đàn cừu đang ở trên đồng cỏ.,train
sheep_082.jpg,Đàn cừu có đang đứng không?,"Không, đàn cừu đang nằm nghỉ.",train
sheep_083.jpg,Các con vật đang làm gì?,Những con cừu đang ăn cỏ.,train
sheep_083.jpg,Có bao nhiêu con cừu ở tiền cảnh?,Có hai con cừu ở tiền cảnh.,train
sheep_083.jpg,Con cừu có đặc điểm gì nổi bật?,Con cừu có vết màu xanh trên lưng.,train
sheep_083.jpg,Cỏ trong hình có màu xanh không?,"Có, cỏ trong hình có màu xanh.",train
sheep_084.jpg,Con vật đang nhìn vào ống kính là gì?,Đó là những con cừu.,train
sheep_084.jpg,Có mấy con cừu đứng sau hàng rào?,Có bốn con cừu sau hàng rào.,train
sheep_084.jpg,Hàng rào có màu gì?,Hàng rào lưới có màu cam.,train
sheep_084.jpg,Con cừu có đeo thẻ tai không?,"Có, con cừu có đeo thẻ tai.",train
sheep_085.jpg,Bức ảnh chụp con vật gì?,Bức ảnh chụp một con cừu.,train
sheep_085.jpg,Có bao nhiêu con cừu trong ảnh?,Chỉ có một con cừu trong ảnh.,train
sheep_085.jpg,Con cừu đang làm hành động gì?,Con cừu đang bước đi.,train
sheep_085.jpg,Bộ lông cừu có màu trắng không?,"Có, bộ lông cừu màu trắng.",train
sheep_086.jpg,Đàn vật nuôi trong hình là gì?,Đó là một đàn cừu.,train
sheep_086.jpg,Có bao nhiêu con cừu trên đồi?,Có rất nhiều con cừu trên đồi.,train
sheep_086.jpg,Đàn cừu đang ở vị trí nào?,Đàn cừu đang ở trên đồi cỏ.,train
sheep_086.jpg,Bầu trời có mây không?,"Có, bầu trời có nhiều mây trắng.",train
sheep_087.jpg,Những con vật có màu sắc gì lạ?,Những con cừu có bộ lông màu đỏ.,train
sheep_087.jpg,Có mấy con cừu đỏ đang ăn cỏ?,Có sáu con cừu đỏ đang ăn.,train
sheep_087.jpg,Đàn cừu đang làm gì?,Đàn cừu đang ăn cỏ trên đồi.,train
sheep_087.jpg,Lông cừu có màu tự nhiên không?,"Không, lông cừu đã được nhuộm đỏ.",train
sheep_088.jpg,Con vật nào đang đi theo đàn cừu?,Một con chó đang đi theo đàn.,train
sheep_088.jpg,Có bao nhiêu con cừu trong ảnh?,Tôi thấy năm con cừu trong ảnh.,train
sheep_088.jpg,Con chó đang đứng ở đâu?,Con chó đang đứng trên lối mòn.,train
sheep_088.jpg,Những con cừu có sừng không?,"Có, những con cừu có sừng.",train
sheep_089.jpg,Ai đang dắt đàn cừu đi?,Một người đàn ông đang dắt đàn.,train
sheep_089.jpg,Có bao nhiêu con cừu trên đường?,Có một đàn cừu đông đúc.,train
sheep_089.jpg,Người đàn ông đang cầm vật gì?,Ông ấy đang cầm một cây gậy.,train
sheep_089.jpg,Đàn cừu có đi trên cỏ không?,"Không, đàn cừu đi trên đường nhựa.",train
sheep_090.jpg,Hai con vật trong ảnh là gì?,Đó là cừu mẹ và cừu con.,train
sheep_090.jpg,Bạn thấy mấy con cừu trong chuồng?,Tôi thấy hai con cừu trong chuồng.,train
sheep_090.jpg,Cừu mẹ đang làm gì?,Cừu mẹ đang chăm sóc cừu con.,train
sheep_090.jpg,Cừu con có đang đứng không?,"Không, cừu con đang nằm.",train
sheep_091.jpg,Con vật trong ảnh là con gì?,Đây là một con cừu.,train
sheep_091.jpg,Có bao nhiêu con cừu trong khung hình?,Có một con cừu trong ảnh.,train
sheep_091.jpg,Bộ lông của con cừu có màu gì?,Nó có bộ lông màu nâu.,train
sheep_091.jpg,Con cừu có đang đứng trên cỏ không?,"Có, con cừu đang đứng trên cỏ.",train
sheep_092.jpg,Những con cừu đang làm gì trên đồng?,Chúng đang thong thả ăn cỏ.,train
sheep_092.jpg,Có bao nhiêu con cừu ở gần ống kính nhất?,Có hai con cừu ở gần nhất.,train
sheep_092.jpg,Thảm cỏ trong ảnh có màu gì?,Thảm cỏ có màu xanh mướt.,train
sheep_092.jpg,Bầu trời trong ảnh có bị mây che phủ không?,"Có, bầu trời có nhiều mây.",train
sheep_093.jpg,Những con vật này là con gì?,Đây là ba con cừu.,train
sheep_093.jpg,Có bao nhiêu con cừu đang nhìn thẳng?,Có ba con cừu nhìn thẳng.,train
sheep_093.jpg,Khuôn mặt của những con cừu có màu gì?,Chúng có khuôn mặt màu đen.,train
sheep_093.jpg,Phía sau những con cừu có hàng rào đá không?,"Có, phía sau có hàng rào đá.",train
sheep_094.jpg,Đàn cừu đang ở đâu?,Đàn cừu đang ở trên đồng cỏ.,train
sheep_094.jpg,Có bao nhiêu con cừu trong đàn này?,Có rất nhiều con cừu trong đàn.,train
sheep_094.jpg,Những con cừu này chủ yếu có màu gì?,Chúng chủ yếu có màu trắng.,train
sheep_094.jpg,Phía xa có tòa nhà nào không?,"Có, phía xa có một tòa nhà.",train
sheep_095.jpg,Con vật nào đang ngồi canh gác đàn cừu?,Một con chó đang canh gác.,train
sheep_095.jpg,Có bao nhiêu con chó trong bức ảnh?,Có một con chó trong ảnh.,train
sheep_095.jpg,Con chó có bộ lông màu gì?,Nó có lông màu đen trắng.,train
sheep_095.jpg,Con chó có đang đứng không?,"Không, con chó đang ngồi yên.",train
sheep_096.jpg,Con vật trong ảnh có sừng không?,Con vật này có hai cái sừng.,train
sheep_096.jpg,Có bao nhiêu con cừu đen trong ảnh?,Có một con cừu đen.,train
sheep_096.jpg,Bộ lông của con cừu này màu gì?,Nó có bộ lông màu đen.,train
sheep_096.jpg,Con cừu có đang nhìn về phía trái không?,"Có, nó đang nhìn sang trái.",train
sheep_097.jpg,Con vật này đang đứng ở đâu?,Nó đang đứng trên đồng cỏ.,train
sheep_097.jpg,Có bao nhiêu con cừu trong bức ảnh này?,Chỉ có một con cừu.,train
sheep_097.jpg,Bộ lông của nó trông như thế nào?,Nó có bộ lông trắng dày.,train
sheep_097.jpg,Con cừu có đang ăn cỏ không?,"Không, nó đang nhìn vào máy ảnh.",train
sheep_098.jpg,Đàn cừu đang làm gì ở sườn đồi?,Chúng đang đi ăn cỏ xanh.,train
sheep_098.jpg,Có bao nhiêu con cừu ở gần ngôi nhà?,Có rất nhiều cừu gần đó.,train
sheep_098.jpg,Ngôi nhà ở phía xa có màu gì?,Ngôi nhà đó có màu trắng.,train
sheep_098.jpg,Cảnh vật có nằm ở vùng núi không?,"Có, đây là vùng đồi núi.",train
sheep_099.jpg,Những người trong ảnh đang làm gì?,Họ đang chăn dắt đàn cừu.,train
sheep_099.jpg,Có bao nhiêu người chăn cừu trong ảnh?,Có hai người đang chăn cừu.,train
sheep_099.jpg,Đàn cừu có những màu lông nào?,Chúng có lông đen và trắng.,train
sheep_099.jpg,Thời tiết lúc này có nắng không?,"Có, trời đang có nắng đẹp.",train
sheep_100.jpg,Con cừu ở chính giữa đang làm gì?,Nó đang ngẩng đầu nhìn thẳng.,train
sheep_100.jpg,Có mấy con cừu xuất hiện rõ nhất?,Có một con cừu rõ nhất.,train
sheep_100.jpg,Trên lưng con cừu có vết màu gì?,Nó có vết màu xanh lam.,train
sheep_100.jpg,Con cừu có đang đứng một mình không?,"Không, nó đứng cùng cả đàn.",train
spider_001.jpg,Đây là con vật gì?,Đây là một con nhện.,train
spider_001.jpg,Con nhện đang ở đâu?,Nó đang ở trong cái tổ.,train
spider_001.jpg,Chân nhện có màu gì?,Chân của nó có màu nâu.,train
spider_001.jpg,Cái nắp tổ có hình tròn không?,"Có, nắp tổ có hình tròn.",train
spider_002.jpg,Con nhện trong ảnh màu gì?,Con nhện có màu đỏ nâu.,train
spider_002.jpg,Bạn thấy mấy con nhện?,Tôi nhìn thấy một con nhện.,train
spider_002.jpg,Phần bụng nhện màu gì?,Phần bụng nhện màu xám nâu.,train
spider_002.jpg,Nhện đang đứng trên cát phải không?,"Có, nhện đang đứng trên cát.",train
spider_003.jpg,Con nhện đang làm gì?,Con nhện đang chui ra lỗ.,train
spider_003.jpg,Con nhện có màu gì?,Nó có màu đen tuyền.,train
spider_003.jpg,Xung quanh tổ có rêu không?,"Có, xung quanh tổ có rêu.",train
spider_003.jpg,Bức ảnh có mấy con nhện?,Chỉ có một con nhện thôi.,train
spider_004.jpg,Loài vật nào có trong ảnh?,Đó là một con nhện.,train
spider_004.jpg,Con nhện đang đứng ở đâu?,Nó đứng trên mặt đất khô.,train
spider_004.jpg,Màng nhện có màu gì?,Màng nhện có màu trắng.,train
spider_004.jpg,Con nhện có đang bò không?,"Có, con nhện đang bò đi.",train
spider_005.jpg,Con nhện có màu sắc gì?,Nó có màu cam và nâu.,train
spider_005.jpg,Bạn thấy mấy con vật?,Tôi thấy một con nhện.,train
spider_005.jpg,Bụng nhện có hình gì?,Bụng nhện có hình bầu dục.,train
spider_005.jpg,Nhện có đang ở trên lá khô?,"Có, nhện đang ở trên lá.",train
spider_006.jpg,Đây là con vật gì?,Đây là một con nhện.,train
spider_006.jpg,Con nhện có màu gì?,Con nhện có màu đen.,train
spider_006.jpg,Nhện có mấy cái chân?,Nhện có tất cả tám chân.,train
spider_006.jpg,Con nhện đang ở trên đá không?,"Có, nó đang ở trên đá.",train
spider_007.jpg,Con nhện này màu gì?,Con nhện có màu nâu đỏ.,train
spider_007.jpg,Có bao nhiêu con nhện?,Có một con nhện duy nhất.,train
spider_007.jpg,Con nhện đang ở đâu?,Nó đang ở trên mặt đất.,train
spider_007.jpg,Có con sâu nào gần nhện không?,"Có, một con sâu ở gần.",train
spider_008.jpg,Bạn thấy gì trong ảnh?,Tôi thấy một con nhện.,train
spider_008.jpg,Con nhện có màu gì?,Nó có màu đen đậm.,train
spider_008.jpg,Nhện đang bò trên đâu?,Nó đang bò trên nền cát.,train
spider_008.jpg,Ánh nắng có chiếu vào nhện không?,"Có, ánh nắng đang chiếu xuống.",train
spider_009.jpg,Con vật trong hình là gì?,Đó là một con nhện.,train
spider_009.jpg,Con nhện có màu gì?,Nó có màu nâu đen.,train
spider_009.jpg,Nhện đang ở trong vật gì?,Nó đang ở trong cái bát.,train
spider_009.jpg,Nhện có đang nằm ngửa không?,"Có, con nhện đang nằm ngửa.",train
spider_010.jpg,Con nhện này màu gì?,Nó có màu cam đậm.,train
spider_010.jpg,Nhện đang bò ở đâu?,Nó đang bò trên gỗ mục.,train
spider_010.jpg,Chân nhện trông như thế nào?,Chân của nó trông rất bóng.,train
spider_010.jpg,Có phải nhện đang ở trong rừng?,"Có, nhện đang ở trong rừng.",train
spider_011.jpg,Con vật trong ảnh là gì?,Đây là một con nhện.,train
spider_011.jpg,Con nhện đang ở đâu?,Nó đang ở trên thân gỗ.,train
spider_011.jpg,Có bao nhiêu con nhện?,Trong ảnh có một con nhện.,train
spider_011.jpg,Con nhện có màu đen không?,"Không, con nhện có màu nâu.",train
spider_012.jpg,Con nhện có màu sắc gì?,Con nhện có màu nâu đốm.,train
spider_012.jpg,Nền của bức ảnh màu gì?,Nền của bức ảnh màu xanh.,train
spider_012.jpg,Có bao nhiêu con nhện?,Chỉ có một con nhện.,train
spider_012.jpg,Con nhện có tám chân phải không?,"Có, con nhện có tám chân.",train
spider_013.jpg,Bức ảnh chụp cận cảnh bộ phận nào?,Bức ảnh chụp thân con nhện.,train
spider_013.jpg,Thân con nhện có màu gì?,Thân nó có màu xanh vàng.,train
spider_013.jpg,Con nhện đang làm gì?,Nó đang bò trên bề mặt gỗ.,train
spider_013.jpg,Con nhện có lông không?,"Có, thân con nhện có lông.",train
spider_014.jpg,Con nhện đang làm gì?,Con nhện đang bắt một con mồi.,train
spider_014.jpg,Con mồi có màu gì?,Con mồi có màu xanh lá.,train
spider_014.jpg,Bức ảnh có mấy con nhện?,Bức ảnh có một con nhện.,train
spider_014.jpg,Con nhện có màu xám không?,"Có, con nhện có màu xám.",train
spider_015.jpg,Phần đuôi con nhện có hình gì?,Đuôi con nhện có hình đĩa.,train
spider_015.jpg,Con nhện nằm trên vật gì?,Nó nằm trên tờ báo.,train
spider_015.jpg,Con nhện có màu gì?,Con nhện có màu nâu đỏ.,train
spider_015.jpg,Đây là nhện cửa sập phải không?,"Có, đây là nhện cửa sập.",train
spider_016.jpg,Con nhện đang bò trên đâu?,Nó đang bò trên vỏ cây.,train
spider_016.jpg,Cơ thể nhện có đặc điểm gì?,Cơ thể nhện có nhiều lông.,train
spider_016.jpg,Có mấy con nhện trong hình?,Trong hình có một con nhện.,train
spider_016.jpg,Con nhện có màu đen không?,"Không, con nhện có màu nâu.",train
spider_017.jpg,Bức ảnh chụp bộ phận nào?,Bức ảnh chụp mắt con nhện.,train
spider_017.jpg,Con nhện có bao nhiêu mắt lớn?,Nó có hai chiếc mắt lớn.,train
spider_017.jpg,Lông nhện có màu gì?,Lông nhện có màu vàng nâu.,train
spider_017.jpg,Đây là nhện sói phải không?,"Có, đây là nhện sói.",train
spider_018.jpg,Con nhện có đặc điểm gì?,Thân nhện có các đốm đỏ.,train
spider_018.jpg,Con nhện đang ở đâu?,Nó đang ở trong tổ silk.,train
spider_018.jpg,Có bao nhiêu con nhện?,Trong ảnh có một con nhện.,train
spider_018.jpg,Đây là nhện quả phụ đen không?,"Có, đây là nhện quả phụ.",train
spider_019.jpg,Con nhện đang bò trên đâu?,Nó đang bò trên lá cây.,train
spider_019.jpg,Cơ thể con nhện màu gì?,Cơ thể con nhện màu nâu.,train
spider_019.jpg,Có bao nhiêu con nhện?,Chỉ có một con nhện.,train
spider_019.jpg,Con nhện có chân dài không?,"Có, con nhện có chân dài.",train
spider_020.jpg,Đây là loại nhện gì?,Đây là một con nhện tarantula.,train
spider_020.jpg,Con nhện đang ở trên đâu?,Nó đang ở trên nền đất.,train
spider_020.jpg,Con nhện có kích thước thế nào?,Con nhện có kích thước lớn.,train
spider_020.jpg,Con nhện có màu nâu không?,"Có, con nhện có màu nâu.",train
spider_021.jpg,Trong ảnh xuất hiện con vật gì?,Đây là một con nhện.,train
spider_021.jpg,Có bao nhiêu con nhện trong hình?,Có một con nhện.,train
spider_021.jpg,Con nhện này có màu sắc gì?,Nó có màu nâu cát.,train
spider_021.jpg,Con nhện có đang ở trên mạng không?,"Không, nó đang ở trên mặt đất.",train
spider_022.jpg,Con vật trong bức hình là gì?,Đó là một con nhện.,train
spider_022.jpg,Bạn thấy mấy con nhện ở đây?,Tôi thấy một con nhện.,train
spider_022.jpg,Lông của con nhện có màu gì?,Nó có màu nâu đậm.,train
spider_022.jpg,Con nhện có sáu chân phải không?,"Không, nhện có tám chân.",train
spider_023.jpg,Sinh vật này là con gì?,Đây là một con nhện.,train
spider_023.jpg,Số lượng con nhện trong ảnh là mấy?,Có một con nhện.,train
spider_023.jpg,Màu sắc chủ đạo của con nhện là gì?,Nó có màu nâu xám.,train
spider_023.jpg,Con nhện có đang nằm trên mạng không?,"Có, nó đang ở giữa mạng nhện.",train
spider_024.jpg,Đây là loài vật nào?,Đây là loài nhện.,train
spider_024.jpg,Có bao nhiêu con nhện trên mặt đất?,Có một con nhện.,train
spider_024.jpg,Thân nhện có màu sắc như thế nào?,Thân nhện có màu xám đen.,train
spider_024.jpg,Con nhện có đang di chuyển không?,"Có, con nhện đang bò.",train
spider_025.jpg,Con vật bò trên gạch là con gì?,Đó là một con nhện.,train
spider_025.jpg,Bức ảnh chụp mấy con nhện?,Ảnh chụp một con nhện.,train
spider_025.jpg,Lưng nhện có hoa văn màu gì?,Lưng nhện có hoa văn xám.,train
spider_025.jpg,Con nhện có đang chăng lưới không?,"Không, nhện đang bò trên gạch.",train
spider_026.jpg,Con vật trên cát là con gì?,Đây là một con nhện.,train
spider_026.jpg,Bạn đếm được bao nhiêu con nhện?,Tôi đếm được một con nhện.,train
spider_026.jpg,Toàn thân con nhện màu gì?,Nó có màu đen tuyền.,train
spider_026.jpg,Con nhện có màu đen phải không?,"Có, toàn thân nó màu đen.",train
spider_027.jpg,Hình ảnh chụp sinh vật gì?,Bức ảnh chụp con nhện.,train
spider_027.jpg,Số lượng nhện trong hình là bao nhiêu?,Chỉ có một con nhện.,train
spider_027.jpg,Con nhện này có màu gì?,Nó có màu nâu nhạt.,train
spider_027.jpg,Con nhện có đang ở trên lá không?,"Không, nhện ở trên mặt đất.",train
spider_028.jpg,Con vật trên mặt gỗ là con gì?,Đó là một con nhện.,train
spider_028.jpg,Có mấy con nhện trong bức ảnh?,Có một con nhện.,train
spider_028.jpg,Chân nhện trông như thế nào?,Chân nhện dài và mảnh.,train
spider_028.jpg,Con nhện có chân dài phải không?,"Có, nhện có đôi chân dài.",train
spider_029.jpg,Trong ảnh là con gì?,Đây là một con nhện.,train
spider_029.jpg,Có bao nhiêu con nhện xuất hiện?,Có một con nhện.,train
spider_029.jpg,Lưng nhện có sọc màu gì?,Lưng nhện có sọc trắng.,train
spider_029.jpg,Nhện có đang bám trên tường không?,"Có, nhện đang bám trên tường.",train
spider_030.jpg,Con vật nhỏ trên lá là con gì?,Đây là một con nhện.,train
spider_030.jpg,Bạn thấy mấy con nhện ở đây?,Tôi thấy một con nhện.,train
spider_030.jpg,Con nhện có màu sắc như thế nào?,Nó có màu vàng nâu.,train
spider_030.jpg,Con nhện đang ở trên lá khô không?,"Có, nhện đang bò trên lá.",train
spider_031.jpg,Đây là con vật gì?,Đây là một con nhện.,train
spider_031.jpg,Phần lưng của con nhện màu gì?,Phần lưng của nó có màu đỏ.,train
spider_031.jpg,Con nhện đang ở trên bề mặt nào?,Nó đang ở trên mặt cát mịn.,train
spider_031.jpg,Con nhện có bốn đốm đen không?,"Có, con nhện có bốn đốm đen.",train
spider_032.jpg,Con nhện đang nằm ở đâu?,Nó đang nằm trên mạng nhện.,train
spider_032.jpg,Có bao nhiêu con nhện trong hình?,Trong hình có một con nhện.,train
spider_032.jpg,Cơ thể con nhện có màu gì?,Cơ thể nó có màu nâu đậm.,train
spider_032.jpg,Mạng nhện có bị ướt không?,"Có, mạng nhện có những giọt nước.",train
spider_033.jpg,Con vật trong ảnh là gì?,Đó là một con nhện nhỏ.,train
spider_033.jpg,Bạn thấy mấy con nhện ở đây?,Tôi thấy một con nhện ở đây.,train
spider_033.jpg,Con nhện đang ở trên bề mặt nào?,Nó đang bò trên bề mặt đá.,train
spider_033.jpg,Chân con nhện có sọc không?,"Có, chân con nhện có các sọc.",train
spider_034.jpg,Hình ảnh hiển thị con vật gì?,Hình ảnh hiển thị một con nhện.,train
spider_034.jpg,Có bao nhiêu con nhện trên đá?,Có một con nhện trên đá.,train
spider_034.jpg,Các chân nhện có đặc điểm gì?,Các chân nhện có nhiều vằn đen.,train
spider_034.jpg,Bề mặt đá có màu trắng không?,"Có, bề mặt đá có màu trắng.",train
spider_035.jpg,Con nhện đang làm gì?,Con nhện đang bò trên mặt đất.,train
spider_035.jpg,Có mấy con nhện trong bức ảnh?,Có một con nhện trong bức ảnh.,train
spider_035.jpg,Môi trường xung quanh nhện là gì?,Nhện đang ở trên nền đất rêu.,train
spider_035.jpg,Chân con nhện có dài không?,"Có, chân con nhện rất dài.",train
spider_036.jpg,Đây là loài vật nào?,Đây là một loài nhện.,train
spider_036.jpg,Trong ảnh có bao nhiêu con nhện?,Trong ảnh có một con nhện.,train
spider_036.jpg,Phần bụng nhện có màu sắc gì?,Phần bụng nhện có màu nâu xám.,train
spider_036.jpg,Con nhện có đang dệt lưới không?,"Không, con nhện đang đứng yên.",train
spider_037.jpg,Con nhện đang ở vị trí nào?,Nó đang bò trên nền đất.,train
spider_037.jpg,Có bao nhiêu chân nhện đang lộ ra?,Có tám chân nhện đang lộ ra.,train
spider_037.jpg,Cơ thể con nhện trông như thế nào?,Cơ thể nó trông khá nhẵn bóng.,train
spider_037.jpg,Con nhện có màu nâu không?,"Có, con nhện có màu nâu.",train
spider_038.jpg,Con vật trong hình là gì?,Đó là một con nhện lớn.,train
spider_038.jpg,Bạn thấy mấy con vật trong ảnh?,Tôi thấy một con vật trong ảnh.,train
spider_038.jpg,Con nhện có màu sắc chủ đạo gì?,Nó có màu đen toàn thân.,train
spider_038.jpg,Con nhện có đang ở trên cát không?,"Có, con nhện đang ở trên cát.",train
spider_039.jpg,Con nhện đang bò ở đâu?,Nó bò trên lá khô và đất.,train
spider_039.jpg,Có bao nhiêu con nhện trong hình?,Chỉ có một con nhện trong hình.,train
spider_039.jpg,Lớp vỏ của nhện có đặc điểm gì?,Lớp vỏ của nhện trông rất cứng.,train
spider_039.jpg,Con nhện có màu nâu không?,"Không, con nhện có màu đen.",train
spider_040.jpg,Con nhện đang làm gì?,Con nhện đang ở trên mạng của nó.,train
spider_040.jpg,Có bao nhiêu đốm trắng trên lưng nhện?,Có năm đốm trắng trên lưng nó.,train
spider_040.jpg,Màu sắc chính của con nhện là gì?,Nó có màu vàng cam chủ đạo.,train
spider_040.jpg,Nền phía sau nhện có màu đen không?,"Có, nền phía sau nhện màu đen.",train
spider_041.jpg,Con vật trong bức ảnh này là con gì?,Đây là một con nhện.,train
spider_041.jpg,Có bao nhiêu con nhện trong khung hình?,Có một con nhện trong ảnh.,train
spider_041.jpg,Con nhện này có màu sắc như thế nào?,Con nhện có màu đen tuyền.,train
spider_041.jpg,Con nhện có đang ở trên mạng nhện không?,"Có, con nhện đang ở trên mạng.",train
spider_042.jpg,Con nhện đang đứng trên bề mặt gì?,Nó đang đứng trên một tấm gỗ.,train
spider_042.jpg,Con nhện có bao nhiêu chiếc chân dài?,Nó có tám chiếc chân dài.,train
spider_042.jpg,Phần đầu của con nhện có màu gì?,Đầu con nhện có màu đỏ nâu.,train
spider_042.jpg,Cơ thể con nhện có bị ướt không?,"Không, cơ thể con nhện hoàn toàn khô.",train
spider_043.jpg,Bạn thấy con vật gì ở cự ly gần?,Tôi thấy một con nhện lớn.,train
spider_043.jpg,Có mấy con nhện xuất hiện trong ảnh?,Chỉ có một con nhện duy nhất.,train
spider_043.jpg,Lông trên chân con nhện màu gì?,Chân con nhện có lông màu đen.,train
spider_043.jpg,Con nhện có đang bò trên rêu xanh không?,"Có, nó đang bò trên rêu xanh.",train
spider_044.jpg,Con vật trong hình đang ở đâu?,Nó đang bò trên nền đất đá.,train
spider_044.jpg,Có bao nhiêu con nhện trong bức hình?,Có một con nhện trong hình.,train
spider_044.jpg,Toàn thân con nhện này có màu gì?,Toàn thân nó có màu đen bóng.,train
spider_044.jpg,Con nhện này có kích thước nhỏ không?,"Không, đây là một con nhện lớn.",train
spider_045.jpg,Con nhện đang bò trên bề mặt nào?,Nó bò trên lá khô và đất.,train
spider_045.jpg,Có mấy con nhện đang di chuyển?,Có một con nhện đang di chuyển.,train
spider_045.jpg,Phần bụng của con nhện có màu gì?,Bụng con nhện có màu đen.,train
spider_045.jpg,Trên lưng con nhện có hoa văn không?,"Có, lưng nó có các đường vân.",train
spider_046.jpg,Con vật trong ảnh là loài gì?,Đây là một loài nhện.,train
spider_046.jpg,Có bao nhiêu con nhện trong tấm hình?,Có một con nhện trong ảnh.,train
spider_046.jpg,Chân của con nhện có đặc điểm gì?,Chân nó có các khoang màu đen.,train
spider_046.jpg,Con nhện có đang ở trong lọ không?,"Có, nó đang ở trong lọ nhựa.",train
spider_047.jpg,Con nhện đang bò trên bề mặt gì?,Nó đang bò trên nền đá.,train
spider_047.jpg,Có bao nhiêu con nhện trong khung hình?,Có một con nhện trong khung hình.,train
spider_047.jpg,Cơ thể con nhện có màu sắc gì?,Cơ thể nó có màu xám đen.,train
spider_047.jpg,Các chân của nhện có đốm không?,"Có, chân nhện có nhiều đốm đen.",train
spider_048.jpg,Con nhện đang ở giữa những cái gì?,Nó đang ở giữa đống lá.,train
spider_048.jpg,Có mấy con nhện trong bức ảnh này?,Có một con nhện trong ảnh.,train
spider_048.jpg,Phần lưng của con nhện có màu gì?,Lưng con nhện có màu nâu xám.,train
spider_048.jpg,Con nhện có đang nằm im không?,"Có, con nhện đang nằm im.",train
spider_049.jpg,Con vật trong ảnh đang làm gì?,Con nhện đang bò trên đất.,train
spider_049.jpg,Có bao nhiêu con nhện trong bức ảnh?,Có một con nhện trong ảnh.,train
spider_049.jpg,Màu sắc chủ đạo của con nhện là gì?,Màu chủ đạo là xám và trắng.,train
spider_049.jpg,Con nhện có đang ở trên lá không?,"Không, con nhện đang ở dưới đất.",train
spider_050.jpg,Con nhện đang bò trên bề mặt nào?,Nó đang bò trên vỏ cây.,train
spider_050.jpg,Có mấy con nhện xuất hiện trong ảnh?,Có một con nhện trong ảnh.,train
spider_050.jpg,Hoa văn trên lưng nhện màu gì?,Hoa văn có màu nâu và xám.,train
spider_050.jpg,Con nhện có bị lẫn vào môi trường không?,"Có, nó ngụy trang rất tốt.",train
spider_051.jpg,Con vật trong hình là gì?,Đây là một con nhện.,train
spider_051.jpg,Bạn thấy mấy con nhện?,Tôi nhìn thấy một con nhện.,train
spider_051.jpg,Bộ lông của nhện màu gì?,Nhện có bộ lông màu nâu.,train
spider_051.jpg,Nhện có đang ở trên đá?,"Có, nhện đang ở trên đá.",train
spider_052.jpg,Bức ảnh chụp cái gì?,Bức ảnh chụp cận cảnh nhện.,train
spider_052.jpg,Mắt của nhện màu gì?,Nhện có những đôi mắt đen.,train
spider_052.jpg,Lông trên chân nhện màu gì?,Chân nhện có lông màu trắng.,train
spider_052.jpg,Con nhện có nhìn thẳng không?,"Có, nhện đang nhìn thẳng.",train
spider_053.jpg,Con nhện đang ở đâu?,Nó đang ở trên lá.,train
spider_053.jpg,Con nhện có màu gì?,Nó có màu đen trắng.,train
spider_053.jpg,Nhện có mấy đốm trắng?,Nhện có hai đốm trắng lớn.,train
spider_053.jpg,Lá cây có màu xanh không?,"Có, lá cây có màu xanh.",train
spider_054.jpg,Đối tượng trong ảnh là gì?,Đó là một con nhện.,train
spider_054.jpg,Nhện có bao nhiêu chân?,Con nhện có tám cái chân.,train
spider_054.jpg,Bộ lông nhện màu gì?,Nó có bộ lông màu nâu.,train
spider_054.jpg,Nhện đang đứng trên cát không?,"Có, nhện đang đứng trên cát.",train
spider_055.jpg,Loài vật nào có trong ảnh?,Đó là một con nhện.,train
spider_055.jpg,Con nhện có màu gì?,Nó có màu đen bóng.,train
spider_055.jpg,Bụng nhện trông như thế nào?,Bụng nhện trông rất tròn.,train
spider_055.jpg,Nhện có đang ở trên đất?,"Có, nhện đang ở trên đất.",train
spider_056.jpg,Bạn thấy con vật gì?,Tôi thấy một con nhện.,train
spider_056.jpg,Nhện có màu sắc gì?,Nó có màu đen đỏ.,train
spider_056.jpg,Chân nhện có vằn không?,"Có, chân nhện có vằn trắng.",train
spider_056.jpg,Nhện đang bò trên đâu?,Nó đang bò trên lá cây.,train
spider_057.jpg,Con nhện đang ở đâu?,Nó đang bò trên đá.,train
spider_057.jpg,Con nhện có màu gì?,Nó có màu đen xám.,train
spider_057.jpg,Bụng nhện có sần sùi không?,"Có, bụng nhện nhìn sần sùi.",train
spider_057.jpg,Bức ảnh có mấy con vật?,Chỉ có một con nhện thôi.,train
spider_058.jpg,Con nhện có màu sắc gì?,Nó có màu nâu đen.,train
spider_058.jpg,Bạn thấy mấy con nhện?,Tôi thấy một con nhện.,train
spider_058.jpg,Nhện đang đứng trên đâu?,Nó đứng trên mặt đất khô.,train
spider_058.jpg,Chân nhện có lông không?,"Có, chân nhện có nhiều lông.",train
spider_059.jpg,Đây là con vật gì?,Đây là một con nhện.,train
spider_059.jpg,Con nhện có màu gì?,Nó có màu đen bóng.,train
spider_059.jpg,Nhện đang bò ở đâu?,Nó đang bò trên đất vụn.,train
spider_059.jpg,Thân nhện có dài không?,"Có, thân nhện khá dài.",train
spider_060.jpg,Con nhện có đốm không?,"Có, nhện có nhiều đốm trắng.",train
spider_060.jpg,Bụng nhện màu gì?,Bụng nhện màu đen xám.,train
spider_060.jpg,Nhện đang ở vị trí nào?,Nhện đang trốn dưới khe đá.,train
spider_060.jpg,Bạn thấy mấy con vật?,Tôi thấy một con nhện.,train
spider_061.jpg,Trong ảnh là con vật gì?,Đây là một con nhện.,train
spider_061.jpg,Có bao nhiêu con nhện trong hình?,Trong hình có một con nhện.,train
spider_061.jpg,Con nhện có màu gì?,Con nhện có màu vàng nâu.,train
spider_061.jpg,Con nhện đang ở trên đá đúng không?,"Có, nhện đang ở trên đá.",train
spider_062.jpg,Con nhện đang ở đâu?,Nó đang ở trên lá cỏ.,train
spider_062.jpg,Bức ảnh có mấy con nhện?,Bức ảnh có một con nhện.,train
spider_062.jpg,Thân con nhện có sọc không?,"Có, thân nó có sọc dọc.",train
spider_062.jpg,Các chân của nhện màu gì?,Chân nhện có màu đen.,train
spider_063.jpg,Con nhện đang nằm ở đâu?,Nó nằm trong tổ tơ trắng.,train
spider_063.jpg,Có bao nhiêu con nhện trong ảnh?,Có một con nhện trong ảnh.,train
spider_063.jpg,Trên lưng nhện có các đốm không?,"Có, lưng nhện có đốm vàng.",train
spider_063.jpg,Cơ thể nhện có màu gì?,Cơ thể nhện có màu đen.,train
spider_064.jpg,Loại vật nào xuất hiện trong ảnh?,Trong ảnh là một con nhện.,train
spider_064.jpg,Có bao nhiêu chân nhện lộ diện?,Có tám chân nhện lộ diện.,train
spider_064.jpg,Con nhện có màu sắc gì?,Con nhện có màu trắng mờ.,train
spider_064.jpg,Nhện đang bò trên đất phải không?,"Có, nhện đang bò trên đất.",train
spider_065.jpg,Đây là loài nhện gì?,Đây là loài nhện đỏ đen.,train
spider_065.jpg,Có mấy con nhện trong hình?,Trong hình có một con nhện.,train
spider_065.jpg,Trên chân nhện có sọc không?,"Có, chân nhện có sọc trắng.",train
spider_065.jpg,Nhện đang ở trên vật liệu gì?,Nhện đang ở trên rêu khô.,train
spider_066.jpg,Bức ảnh chụp cận cảnh con gì?,Ảnh chụp cận cảnh con nhện.,train
spider_066.jpg,Nhện có bao nhiêu mắt lớn?,Nhện có hai mắt lớn phía trước.,train
spider_066.jpg,Lông trên đầu nhện màu gì?,Lông trên đầu nhện màu nâu.,train
spider_066.jpg,Con nhện có đang nhìn thẳng không?,"Có, nó đang nhìn thẳng.",train
spider_067.jpg,Con nhện đang ở đâu?,Nó đang ở trên nền cát.,train
spider_067.jpg,Có bao nhiêu con nhện xuất hiện?,Có một con nhện xuất hiện.,train
spider_067.jpg,Cơ thể nhện có màu gì?,Cơ thể nhện có màu xám.,train
spider_067.jpg,Chân nhện có lông không?,"Có, chân nhện có lông mịn.",train
spider_068.jpg,Đây là con vật gì?,Đây là một con nhện.,train
spider_068.jpg,Bức ảnh có mấy con nhện?,Bức ảnh có một con nhện.,train
spider_068.jpg,Con nhện có màu nâu không?,"Có, con nhện có màu nâu.",train
spider_068.jpg,Nhện đang bò trên bề mặt nào?,Nhện bò trên bề mặt đá.,train
spider_069.jpg,Con vật trong ảnh là gì?,Trong ảnh là con nhện đen.,train
spider_069.jpg,Có bao nhiêu con nhện?,Chỉ có một con nhện.,train
spider_069.jpg,Trên chân nhện có vòng trắng không?,"Có, chân nhện có vòng trắng.",train
spider_069.jpg,Nhện đang ở trên loại cây gì?,Nhện đang ở trên đám rêu.,train
spider_070.jpg,Đây là loại nhện gì?,Đây là nhện tarantula chân đỏ.,train
spider_070.jpg,Có mấy con nhện trong ảnh?,Có một con nhện trong ảnh.,train
spider_070.jpg,Lông trên chân nhện màu gì?,Lông trên chân màu cam đỏ.,train
spider_070.jpg,Nhện đang bò trên gỗ không?,"Có, nhện đang bò trên gỗ.",train
spider_071.jpg,Con vật đang ở trong hốc cây là gì?,Đây là một con nhện.,train
spider_071.jpg,Có bao nhiêu con nhện trong hốc?,Có một con nhện.,train
spider_071.jpg,Phần bụng của con nhện có màu gì?,Bụng của nó có màu xám.,train
spider_071.jpg,Con nhện có đang chui ra ngoài không?,"Có, con nhện đang chui ra ngoài.",train
spider_072.jpg,Sinh vật này là con gì?,Đây là một con nhện.,train
spider_072.jpg,Bạn thấy mấy con nhện trong ảnh?,Tôi thấy một con nhện.,train
spider_072.jpg,Chân nhện có đặc điểm gì nổi bật?,Chân nhện có nhiều đốm đen.,train
spider_072.jpg,Con nhện có đang bò trên mạng không?,"Không, nhện đang bò trên đất.",train
spider_073.jpg,Con vật bò trên rêu xanh là gì?,Đó là một con nhện.,train
spider_073.jpg,Có bao nhiêu con nhện xuất hiện?,Có một con nhện.,train
spider_073.jpg,Toàn thân con nhện có màu gì?,Nó có màu đen bóng.,train
spider_073.jpg,Con nhện có kích thước rất nhỏ phải không?,"Có, con nhện có kích thước nhỏ.",train
spider_074.jpg,Hình ảnh chụp con vật gì?,Bức ảnh chụp một con nhện.,train
spider_074.jpg,Số lượng nhện trong hình là mấy?,Có một con nhện.,train
spider_074.jpg,Lưng nhện có hai chấm màu gì?,Lưng nhện có hai chấm trắng.,train
spider_074.jpg,Con nhện đang ở trên gạch đỏ không?,"Có, nhện ở trên gạch đỏ.",train
spider_075.jpg,Con vật đang bò trên đá là gì?,Đây là một con nhện.,train
spider_075.jpg,Có mấy con nhện trong bức ảnh?,Chỉ có một con nhện.,train
spider_075.jpg,Phần bụng của nó có màu gì?,Bụng nhện có màu đỏ nâu.,train
spider_075.jpg,Con nhện có đôi chân dài không?,"Không, chân của nó khá ngắn.",train
spider_076.jpg,Sinh vật bò trên sỏi là gì?,Đây là một con nhện.,train
spider_076.jpg,Bạn đếm được bao nhiêu con nhện?,Tôi thấy một con nhện.,train
spider_076.jpg,Con nhện này mang màu sắc gì?,Toàn thân nó màu đen tuyền.,train
spider_076.jpg,Con nhện có đang chăng lưới không?,"Không, nhện đang bò dưới đất.",train
spider_077.jpg,Con vật trên nền gạch là gì?,Đó là một con nhện.,train
spider_077.jpg,Số lượng con nhện trong ảnh là bao nhiêu?,Có một con nhện.,train
spider_077.jpg,Màu sắc thân nhện trông như thế nào?,Thân nhện có màu nâu đỏ.,train
spider_077.jpg,Con nhện có tám chân phải không?,"Có, con nhện có tám chân.",train
spider_078.jpg,Con vật nhỏ trên lá xanh là gì?,Đây là một con nhện.,train
spider_078.jpg,Bạn thấy bao nhiêu con nhện?,Tôi thấy một con nhện.,train
spider_078.jpg,Phần lưng của nhện có màu gì?,Lưng nhện có màu vàng nhạt.,train
spider_078.jpg,Con nhện có đang săn mồi không?,"Có, con nhện đang săn mồi.",train
spider_079.jpg,Hình ảnh chụp loài vật nào?,Ảnh chụp một con nhện.,train
spider_079.jpg,Có bao nhiêu con nhện trên lá?,Có một con nhện.,train
spider_079.jpg,Hoa văn trên bụng nhện màu gì?,Bụng nhện có hoa văn cam.,train
spider_079.jpg,Nhện có đang nằm im không?,"Có, nhện đang nằm im.",train
spider_080.jpg,Con vật trong mạng nhện là gì?,Đây là một con nhện.,train
spider_080.jpg,Có mấy con nhện trong lưới?,Có một con nhện.,train
spider_080.jpg,Màu sắc của con nhện là gì?,Nó có màu đen sẫm.,train
spider_080.jpg,Con nhện có đang bị mắc kẹt không?,"Không, nó đang ở tổ mình.",train
spider_081.jpg,Con vật trong hình là gì?,Đây là một con nhện.,train
spider_081.jpg,Có bao nhiêu con nhện trong ảnh?,Bức ảnh có một con nhện.,train
spider_081.jpg,Con nhện đang bò ở đâu?,Nó đang bò trên mặt đất.,train
spider_081.jpg,Thân nhện có màu vàng nhạt không?,"Có, thân nó có màu vàng nhạt.",train
spider_082.jpg,Con nhện đang ở trên bề mặt nào?,Nó đang bò trên thân cây.,train
spider_082.jpg,Bạn thấy mấy con nhện trong hình?,Tôi thấy một con nhện trong hình.,train
spider_082.jpg,Cơ thể con nhện có màu gì?,Cơ thể nó có màu nâu sẫm.,train
spider_082.jpg,Con nhện có đang dệt lưới không?,"Có, xung quanh nó có mạng nhện.",train
spider_083.jpg,Đây là loài vật nào?,Đây là một con nhện nhỏ.,train
spider_083.jpg,Có bao nhiêu con nhện trên lá?,Có một con nhện trên lá.,train
spider_083.jpg,Lá cây có đặc điểm gì?,Lá cây có nhiều gân lá.,train
spider_083.jpg,Phần bụng nhện có màu hồng không?,"Có, phần bụng nó có màu hồng.",train
spider_084.jpg,Con nhện đang làm hành động gì?,Con nhện đang cõng đàn con.,train
spider_084.jpg,Có mấy con nhện lớn trong ảnh?,Có một con nhện lớn trong ảnh.,train
spider_084.jpg,Con nhện đang ở môi trường nào?,Nó đang ở trên nền đất.,train
spider_084.jpg,Túi trứng của nhện màu trắng phải không?,"Có, túi trứng của nhện màu trắng.",train
spider_085.jpg,Hình ảnh hiển thị con vật gì?,Hình ảnh hiển thị loài nhện.,train
spider_085.jpg,Có bao nhiêu con nhện con ở đây?,Có rất nhiều nhện con ở đây.,train
spider_085.jpg,Những con nhện con đang ở đâu?,Chúng đang ở trên túi trứng.,train
spider_085.jpg,Nhện mẹ có màu nâu đốm không?,"Có, nhện mẹ có màu nâu đốm.",train
spider_086.jpg,Con nhện đang ở vị trí nào?,Nó đang bò trên nền cát.,train
spider_086.jpg,Bạn nhìn thấy mấy con nhện?,Tôi nhìn thấy một con nhện.,train
spider_086.jpg,Cơ thể nhện có đặc điểm gì?,Cơ thể nhện có nhiều lông nhỏ.,train
spider_086.jpg,Con nhện có màu xanh lá không?,"Không, con nhện có màu nâu xám.",train
spider_087.jpg,Con nhện đang bò trên bề mặt nào?,Nó đang bò trên mặt đá.,train
spider_087.jpg,Có bao nhiêu chân nhện trong ảnh?,Có tám chân nhện trong ảnh.,train
spider_087.jpg,Màu sắc của con nhện là gì?,Con nhện có màu nâu đen.,train
spider_087.jpg,Nền đá có bị nhẵn bóng không?,"Không, nền đá trông khá thô ráp.",train
spider_088.jpg,Đây là con vật gì?,Đó là một con nhện.,train
spider_088.jpg,Có bao nhiêu con nhện trong hình?,Chỉ có một con nhện trong hình.,train
spider_088.jpg,Phần lưng nhện có họa tiết gì?,Phần lưng nhện có họa tiết sẫm.,train
spider_088.jpg,Chân nhện có nhìn thấy rõ không?,"Có, chân nhện nhìn thấy rất rõ.",train
spider_089.jpg,Con nhện đang ở đâu?,Nó đang bò trên bề mặt đá.,train
spider_089.jpg,Có mấy con nhện trong bức ảnh?,Có một con nhện trong bức ảnh.,train
spider_089.jpg,Cơ thể nhện có màu sắc gì?,Nó có màu nâu đỏ đồng.,train
spider_089.jpg,Bề mặt đá có mọc rêu không?,"Có, bề mặt đá có mọc rêu.",train
spider_090.jpg,Bộ phận nào của nhện nhìn rõ nhất?,Phần đầu và mắt nhìn rõ nhất.,train
spider_090.jpg,Có bao nhiêu con nhện trong ảnh?,Trong ảnh có một con nhện.,train
spider_090.jpg,Chân con nhện có màu gì?,Chân nó có màu đỏ sẫm.,train
spider_090.jpg,Con nhện đang ở trên cỏ không?,"Có, con nhện đang ở trên rêu.",train
spider_091.jpg,Con vật trong ảnh là loài gì?,Đây là một con nhện.,train
spider_091.jpg,Có bao nhiêu con nhện xuất hiện trong ảnh?,Có một con nhện trong ảnh.,train
spider_091.jpg,Cơ thể con nhện có màu sắc như thế nào?,Con nhện có màu nâu bóng.,train
spider_091.jpg,Con nhện có đang bò trên đá không?,"Có, con nhện đang bò trên đá.",train
spider_092.jpg,Con vật trong hình đang làm gì?,Con nhện đang bò trên nền cát.,train
spider_092.jpg,Có mấy con nhện trong bức ảnh này?,Có một con nhện duy nhất.,train
spider_092.jpg,Các chân của con nhện có họa tiết gì?,Chân nhện có các vằn đen.,train
spider_092.jpg,Con nhện có màu lông trắng không?,"Không, nó có màu xám hoa văn.",train
spider_093.jpg,Con nhện đang ở gần vật thể gì?,Nó đang ở gần mạng nhện.,train
spider_093.jpg,Có bao nhiêu con nhện trong khung hình?,Có một con nhện trong ảnh.,train
spider_093.jpg,Phần bụng của con nhện có màu gì?,Bụng con nhện có màu đen.,train
spider_093.jpg,Con nhện có đang bò trên gỗ không?,"Có, nó đang bò trên gỗ.",train
spider_094.jpg,Con nhện đang ở trên bề mặt nào?,Nó đang ở trên mặt phẳng gỗ.,train
spider_094.jpg,Có bao nhiêu chiếc chân nhện đang duỗi ra?,Nó đang duỗi tám chiếc chân.,train
spider_094.jpg,Toàn thân con nhện có màu sắc gì?,Nó có màu nâu đậm.,train
spider_094.jpg,Phần bụng nhện có hình tròn không?,"Không, bụng nhện có hình thuôn dài.",train
spider_095.jpg,Con vật trong ảnh là loài gì?,Đây là một loài nhện.,train
spider_095.jpg,Có bao nhiêu con nhện trong tấm hình?,Có một con nhện trong ảnh.,train
spider_095.jpg,Phần đầu ngực nhện có màu gì?,Đầu ngực nhện có màu đỏ.,train
spider_095.jpg,Con nhện có đang đứng trên lá không?,"Không, nó đứng trên tấm gỗ.",train
spider_096.jpg,Con nhện đang ở giữa những cái gì?,Nó ở giữa các cành khô.,train
spider_096.jpg,Có mấy con nhện xuất hiện rõ nhất?,Có một con nhện rõ nhất.,train
spider_096.jpg,Lưng của con nhện có màu gì?,Lưng nhện có màu nâu nhạt.,train
spider_096.jpg,Con nhện có đang ngụy trang không?,"Có, nó ngụy trang giữa cành.",train
spider_097.jpg,Con vật trong ảnh đang làm gì?,Nó đang bò trên nền đất.,train
spider_097.jpg,Có bao nhiêu con nhện trong khung hình?,Có một con nhện trong ảnh.,train
spider_097.jpg,Toàn thân con nhện này màu gì?,Toàn thân nó có màu đen.,train
spider_097.jpg,Nền đất xung quanh nhện có khô không?,"Có, nền đất trông rất khô.",train
spider_098.jpg,Con nhện đang đứng ở vị trí nào?,Nó đang đứng trên đất cát.,train
spider_098.jpg,Có mấy con nhện trong bức hình này?,Chỉ có một con nhện thôi.,train
spider_098.jpg,Cơ thể con nhện có màu sắc gì?,Cơ thể nó màu xám tro.,train
spider_098.jpg,Chân nhện có lông mịn không?,"Có, chân nhện có lông mịn.",train
spider_099.jpg,Con vật trong ảnh có đặc điểm gì?,Nó có các đốm màu cam.,train
spider_099.jpg,Có bao nhiêu con nhện trong ảnh này?,Có một con nhện đen cam.,train
spider_099.jpg,Các đốm trên lưng nhện màu gì?,Các đốm đó có màu cam.,train
spider_099.jpg,Con nhện có đang bò trên đá không?,"Có, nhện đang bò trên đá.",train
spider_100.jpg,Con nhện đang bò ở đâu?,Nó bò trên các nhành cỏ.,train
spider_100.jpg,Có mấy con nhện trong bức ảnh này?,Có một con nhện trong ảnh.,train
spider_100.jpg,Phần bụng nhện có màu sắc gì?,Bụng nhện có màu xanh lá.,train
spider_100.jpg,Có tổ nhện trắng trong ảnh không?,"Có, có một tổ nhện trắng.",train
squirrel_001.jpg,Con vật trong ảnh là gì?,Đây là một con sóc.,train
squirrel_001.jpg,Con sóc đang đứng ở đâu?,Nó đang đứng trên bức tường đá.,train
squirrel_001.jpg,Bộ lông của sóc màu gì?,Nó có bộ lông màu nâu xám.,train
squirrel_001.jpg,Phía sau sóc có cây không?,"Có, phía sau sóc có nhiều cây xanh.",train
squirrel_002.jpg,Con vật đang bò trên cây là gì?,Đó là một con sóc.,train
squirrel_002.jpg,Con sóc đang bò theo hướng nào?,Con sóc đang bò chúi đầu xuống.,train
squirrel_002.jpg,Bức ảnh có mấy con sóc?,Chỉ có một con sóc trong ảnh.,train
squirrel_002.jpg,Thân cây có sần sùi không?,"Có, thân cây trông rất sần sùi.",train
squirrel_003.jpg,Bạn thấy con vật gì?,Tôi thấy một con sóc nhỏ.,train
squirrel_003.jpg,Con sóc đang làm gì?,Nó đang ăn một quả dâu tây.,train
squirrel_003.jpg,Quả dâu tây có màu gì?,Quả dâu tây có màu đỏ.,train
squirrel_003.jpg,Con sóc có lông vằn không?,"Có, lưng con sóc có sọc vằn.",train
squirrel_004.jpg,Đây là bức ảnh màu hay đen trắng?,Đây là một bức ảnh đen trắng.,train
squirrel_004.jpg,Con vật trong ảnh là gì?,Trong ảnh là một con sóc.,train
squirrel_004.jpg,Đuôi của con sóc trông thế nào?,Đuôi của nó trông rất xù.,train
squirrel_004.jpg,Con sóc có đang đứng không?,"Có, con sóc đang đứng bằng hai chân.",train
squirrel_005.jpg,Con sóc đang làm gì?,Nó đang ngồi ăn trên đá.,train
squirrel_005.jpg,Bạn thấy mấy con sóc?,Tôi nhìn thấy một con sóc.,train
squirrel_005.jpg,Bộ lông bụng của sóc màu gì?,Bụng của con sóc có màu trắng.,train
squirrel_005.jpg,Đuôi sóc có dài không?,"Có, con sóc có cái đuôi dài xù.",train
squirrel_006.jpg,Con vật đang bám trên cây là gì?,Đó là một con sóc.,train
squirrel_006.jpg,Cái đuôi của sóc màu gì?,Cái đuôi của nó màu xám trắng.,train
squirrel_006.jpg,Con sóc đang nhìn về hướng nào?,Nó đang nhìn sang phía bên phải.,train
squirrel_006.jpg,Vỏ cây có màu nâu không?,"Có, vỏ cây có màu nâu đậm.",train
squirrel_007.jpg,Con sóc đang ở đâu?,Nó đang ngồi trên thảm lá khô.,train
squirrel_007.jpg,Con sóc đang cầm cái gì?,Nó đang cầm một mẩu thức ăn.,train
squirrel_007.jpg,Mắt của con sóc màu gì?,Con sóc có đôi mắt màu đen.,train
squirrel_007.jpg,Lá khô có màu vàng không?,"Có, lá khô có màu vàng nâu.",train
squirrel_008.jpg,Con vật trong hình là con gì?,Đó là một con sóc.,train
squirrel_008.jpg,Con sóc đang nhìn đi đâu?,Nó đang nhìn thẳng vào ống kính.,train
squirrel_008.jpg,Bộ lông của sóc màu gì?,Nó có bộ lông màu xám nâu.,train
squirrel_008.jpg,Con sóc có đang đứng trên cỏ?,"Có, nó đang đứng trên thảm cỏ.",train
squirrel_009.jpg,Con sóc đang ở vị trí nào?,Nó đang leo trên cành cây.,train
squirrel_009.jpg,Bạn nhìn thấy mấy con sóc?,Tôi nhìn thấy một con sóc.,train
squirrel_009.jpg,Xung quanh sóc có gì?,Xung quanh có nhiều cành cây nhỏ.,train
squirrel_009.jpg,Lá cây có màu xanh không?,"Có, lá cây có màu xanh.",train
squirrel_010.jpg,Đây là loài động vật nào?,Đây là một con sóc.,train
squirrel_010.jpg,Con sóc đang bám vào đâu?,Nó đang bám vào gốc cây lớn.,train
squirrel_010.jpg,Mũi của con sóc màu gì?,Mũi của nó có màu đen.,train
squirrel_010.jpg,Con sóc có đang sợ hãi không?,"Không, con sóc trông rất bình tĩnh.",train
squirrel_011.jpg,Trong ảnh có con vật gì?,Bức ảnh chụp một con sóc.,train
squirrel_011.jpg,Con sóc đang làm gì?,Nó đang ngồi ăn hạt.,train
squirrel_011.jpg,Con sóc có màu gì?,Con sóc có bộ lông màu nâu.,train
squirrel_011.jpg,Đuôi con sóc có xù không?,"Có, đuôi nó rất xù.",train
squirrel_012.jpg,Con sóc đang ở đâu?,Nó đang ở trên cành cây.,train
squirrel_012.jpg,Con sóc đang cầm vật gì?,Nó đang ngậm một miếng thức ăn.,train
squirrel_012.jpg,Lông bụng của sóc màu gì?,Lông bụng của sóc màu trắng.,train
squirrel_012.jpg,Con sóc có đang nhìn bạn không?,"Có, nó đang nhìn thẳng.",train
squirrel_013.jpg,Hình dáng con sóc như thế nào?,Con sóc trông khá mập mạp.,train
squirrel_013.jpg,Có bao nhiêu con sóc trong ảnh?,Trong ảnh có một con sóc.,train
squirrel_013.jpg,Lông của con sóc màu gì?,Lông của nó màu xám trắng.,train
squirrel_013.jpg,Con sóc có đang đứng không?,"Không, nó đang ngồi dưới đất.",train
squirrel_014.jpg,Con sóc đang làm gì?,Nó đang leo trên thân cây.,train
squirrel_014.jpg,Đuôi con sóc trông như thế nào?,Đuôi nó rất dài và xù.,train
squirrel_014.jpg,Có bao nhiêu con sóc?,Chỉ có một con sóc.,train
squirrel_014.jpg,Thân cây có vỏ sần sùi không?,"Có, vỏ thân cây rất sần sùi.",train
squirrel_015.jpg,Con sóc đang ở trong môi trường nào?,Nó đang ở trong rừng tuyết.,train
squirrel_015.jpg,Con sóc có màu gì?,Con sóc có màu nâu đỏ.,train
squirrel_015.jpg,Nó đang làm gì trên cành cây?,Nó đang ngồi ăn hạt.,train
squirrel_015.jpg,Có tuyết bám trên cây không?,"Có, tuyết bám trắng cành cây.",train
squirrel_016.jpg,Con sóc đang ở đâu?,Nó đang ở trên mặt đất.,train
squirrel_016.jpg,Xung quanh sóc có vật gì?,Có nhiều quả thông khô.,train
squirrel_016.jpg,Con sóc đang nhìn về hướng nào?,Nó đang nhìn sang phía bên.,train
squirrel_016.jpg,Con sóc có sừng không?,"Không, sóc không có sừng.",train
squirrel_017.jpg,Con sóc đang làm gì?,Nó đang bám trên thân cây.,train
squirrel_017.jpg,Lông đuôi sóc có màu gì?,Lông đuôi sóc màu nâu đỏ.,train
squirrel_017.jpg,Có bao nhiêu con sóc trong ảnh?,Có một con sóc duy nhất.,train
squirrel_017.jpg,Con sóc có bốn chân không?,"Có, nó có bốn chân.",train
squirrel_018.jpg,Con sóc đang cầm vật gì?,Nó đang cầm một miếng bánh.,train
squirrel_018.jpg,Đuôi của con sóc màu gì?,Đuôi của nó màu xám trắng.,train
squirrel_018.jpg,Con sóc có đôi tai nhỏ không?,"Có, tai nó khá nhỏ.",train
squirrel_018.jpg,Con sóc đang đứng hay ngồi?,Nó đang đứng bằng hai chân.,train
squirrel_019.jpg,Con sóc đang leo ở đâu?,Nó đang leo trên cành cây.,train
squirrel_019.jpg,Cơ thể sóc có màu gì?,Cơ thể nó màu đen trắng.,train
squirrel_019.jpg,Có bao nhiêu con sóc trong ảnh?,Có một con sóc duy nhất.,train
squirrel_019.jpg,Con sóc có đang leo lên không?,"Có, nó đang leo lên trên.",train
squirrel_020.jpg,Con sóc đang làm gì?,Nó đang ngồi ăn hạt.,train
squirrel_020.jpg,Lông bụng của sóc màu gì?,Lông bụng của nó màu trắng.,train
squirrel_020.jpg,Bộ lông chính màu gì?,Bộ lông chính màu đen tuyền.,train
squirrel_020.jpg,Con sóc có đang ở trên cây không?,"Có, nó đang ở trên cây.",train
squirrel_021.jpg,Con vật trong ảnh là gì?,Đây là một con sóc.,train
squirrel_021.jpg,Có bao nhiêu con sóc trong hình?,Có một con sóc.,train
squirrel_021.jpg,Đuôi của con sóc có màu gì?,Đuôi sóc có màu nâu xám.,train
squirrel_021.jpg,Con sóc có đang đứng trên cành cây không?,"Có, nó đang nằm trên cành cây.",train
squirrel_022.jpg,Con vật đang đứng giữa tán lá là gì?,Đó là một con sóc.,train
squirrel_022.jpg,Bạn thấy mấy con sóc ở đây?,Tôi thấy một con sóc.,train
squirrel_022.jpg,Bộ lông của con sóc màu gì?,Nó có bộ lông màu nâu đỏ.,train
squirrel_022.jpg,Con sóc đang nhìn về bên trái phải không?,"Có, sóc đang nhìn về bên trái.",train
squirrel_023.jpg,Sinh vật có đôi má phồng là gì?,Đây là một con sóc đất.,train
squirrel_023.jpg,Số lượng sóc trong ảnh là mấy?,Có một con sóc.,train
squirrel_023.jpg,Lưng con sóc có sọc màu gì?,Lưng nó có sọc màu đen.,train
squirrel_023.jpg,Con sóc có đang ăn hạt không?,"Có, nó đang ngậm hạt trong miệng.",train
squirrel_024.jpg,Con vật đang leo trèo là gì?,Đây là một con sóc.,train
squirrel_024.jpg,Có bao nhiêu con sóc trên thân cây?,Có một con sóc.,train
squirrel_024.jpg,Màu lông của con sóc này là gì?,Nó có màu lông xám.,train
squirrel_024.jpg,Con sóc đang bò xuống đất phải không?,"Không, sóc đang leo lên thân cây.",train
squirrel_025.jpg,Con vật trên cành cây là gì?,Đó là một con sóc.,train
squirrel_025.jpg,Bức ảnh chụp mấy con sóc?,Ảnh chụp một con sóc.,train
squirrel_025.jpg,Đuôi của sóc có đặc điểm gì?,Đuôi sóc rất to và xù.,train
squirrel_025.jpg,Con sóc có đang cầm thức ăn không?,"Có, sóc đang cầm một miếng hạt.",train
squirrel_026.jpg,Con vật đang đứng trên mặt đất là gì?,Đây là một con sóc.,train
squirrel_026.jpg,Bạn đếm được bao nhiêu con sóc?,Tôi đếm được một con sóc.,train
squirrel_026.jpg,Bộ lông của nó có màu gì?,Nó có màu nâu và xám.,train
squirrel_026.jpg,Con sóc đang ăn hạt hướng dương phải không?,"Có, nó đang ăn hạt hướng dương.",train
squirrel_027.jpg,Hình ảnh chụp sinh vật gì?,Bức ảnh chụp con sóc.,train
squirrel_027.jpg,Số lượng sóc trong hình là bao nhiêu?,Chỉ có một con sóc.,train
squirrel_027.jpg,Con sóc này mang màu lông gì?,Nó mang bộ lông màu xám.,train
squirrel_027.jpg,Con sóc đang đứng trên bãi cỏ không?,"Không, sóc đang bò trên cành cây.",train
squirrel_028.jpg,Con vật nhỏ bé này là gì?,Đó là một con sóc.,train
squirrel_028.jpg,Có mấy con sóc trong bức ảnh?,Có một con sóc.,train
squirrel_028.jpg,Màu sắc của con sóc trông như thế nào?,Nó có màu nâu hung đỏ.,train
squirrel_028.jpg,Con sóc có đôi tai dài phải không?,"Có, nó có đôi tai dài.",train
squirrel_029.jpg,Con vật màu đen trong ảnh là gì?,Đây là một con sóc đen.,train
squirrel_029.jpg,Có bao nhiêu con sóc xuất hiện?,Có một con sóc.,train
squirrel_029.jpg,Toàn thân con sóc có màu gì?,Toàn thân nó có màu đen.,train
squirrel_029.jpg,Con sóc đang ở trong rừng phải không?,"Có, sóc đứng trên thân cây.",train
squirrel_030.jpg,Con vật đang ở trên đường là gì?,Đây là một con sóc.,train
squirrel_030.jpg,Bạn thấy mấy con sóc ở đây?,Tôi thấy một con sóc.,train
squirrel_030.jpg,Lông con sóc có họa tiết gì?,Lông nó có nhiều đốm trắng.,train
squirrel_030.jpg,Con sóc đang chạy rất nhanh phải không?,"Không, sóc đang đứng trên đường.",train
squirrel_031.jpg,Đây là con vật gì?,Đây là một con sóc.,train
squirrel_031.jpg,Có bao nhiêu con sóc trong hình?,Bức ảnh có một con sóc.,train
squirrel_031.jpg,Con sóc đang làm hành động gì?,Con sóc đang gặm thức ăn.,train
squirrel_031.jpg,Con sóc có bộ lông màu nâu đỏ không?,"Có, con sóc có bộ lông màu nâu đỏ.",train
squirrel_032.jpg,Con vật trong ảnh đang ở đâu?,Con sóc đang ở trên bãi cỏ.,train
squirrel_032.jpg,Bạn thấy mấy con sóc trong ảnh?,Tôi thấy một con sóc trong ảnh.,train
squirrel_032.jpg,Đuôi của con sóc trông như thế nào?,Đuôi của nó trông rất xù.,train
squirrel_032.jpg,Cỏ trong hình có màu vàng không?,"Không, cỏ trong hình có màu xanh.",train
squirrel_033.jpg,Bức ảnh chụp những gì?,Bức ảnh chụp hai con sóc trên cây.,train
squirrel_033.jpg,Có bao nhiêu con sóc đang bám trên cây?,Có hai con sóc đang bám trên cây.,train
squirrel_033.jpg,Phía sau cây là môi trường gì?,Phía sau là mặt hồ nước xanh.,train
squirrel_033.jpg,Hai con sóc có cùng một màu không?,"Có, hai con sóc đều màu nâu đỏ.",train
squirrel_034.jpg,Con vật trong hình là con gì?,Hình ảnh hiển thị một con sóc xám.,train
squirrel_034.jpg,Có bao nhiêu con sóc ở đây?,Ở đây chỉ có một con sóc.,train
squirrel_034.jpg,Con sóc đang ở vị trí nào?,Nó đang bám trên thân cây gỗ.,train
squirrel_034.jpg,Con sóc có đang nhìn xuống không?,"Có, con sóc đang nhìn xuống dưới.",train
squirrel_035.jpg,Đây là loại hình nghệ thuật gì?,Đây là một bức tranh vẽ.,train
squirrel_035.jpg,Có bao nhiêu con sóc trong bức vẽ?,Chỉ có một con sóc trong bức vẽ.,train
squirrel_035.jpg,Con sóc đang bám vào vật gì?,Nó đang bám vào một thân cây.,train
squirrel_035.jpg,Bức tranh có dùng màu sắc đa dạng không?,"Có, bức tranh dùng nhiều màu sắc.",train
squirrel_036.jpg,Con sóc đang ở đâu?,Con sóc đang đứng trên cành cây.,train
squirrel_036.jpg,Có bao nhiêu con sóc trong hình?,Bức ảnh có một con sóc.,train
squirrel_036.jpg,Phần bụng của sóc có màu gì?,Phần bụng của nó có màu trắng.,train
squirrel_036.jpg,Tai của con sóc có dài không?,"Có, tai của con sóc khá dài.",train
squirrel_037.jpg,Con vật đang cầm vật gì?,Con sóc đang cầm một quả thông.,train
squirrel_037.jpg,Có bao nhiêu con sóc trong ảnh?,Trong ảnh có một con sóc.,train
squirrel_037.jpg,Lưng con sóc có đặc điểm gì?,Lưng con sóc có các sọc đen.,train
squirrel_037.jpg,Con sóc có lông màu xanh không?,"Không, con sóc có lông màu nâu.",train
squirrel_038.jpg,Con sóc đang làm gì?,Con sóc đang cầm một quả lạc.,train
squirrel_038.jpg,Bạn thấy mấy con sóc ở đây?,Tôi thấy một con sóc ở đây.,train
squirrel_038.jpg,Mắt của con sóc màu gì?,Mắt của nó có màu đen.,train
squirrel_038.jpg,Bộ lông của sóc có màu xám không?,"Có, bộ lông nó có màu xám.",train
squirrel_039.jpg,Trạng thái của con sóc như thế nào?,Con sóc đang nằm ngủ ngon lành.,train
squirrel_039.jpg,Có bao nhiêu con sóc đang ngủ?,Có một con sóc đang ngủ.,train
squirrel_039.jpg,Con sóc đang nằm ở đâu?,Nó đang nằm trên một cành cây.,train
squirrel_039.jpg,Mắt của con sóc có đang mở không?,"Không, mắt của con sóc đang nhắm.",train
squirrel_040.jpg,Con vật trong hình là gì?,Đó là một con sóc xám.,train
squirrel_040.jpg,Có bao nhiêu con sóc trong hình?,Có một con sóc trong hình.,train
squirrel_040.jpg,Con sóc đang nằm ở đâu?,Con sóc đang nằm trên cành cây.,train
squirrel_040.jpg,Đuôi con sóc có vắt lên lưng không?,"Có, đuôi nó đang vắt lên lưng.",train
squirrel_041.jpg,Con vật trong ảnh đang làm gì?,Con sóc đang ngồi trên cành cây.,train
squirrel_041.jpg,Có bao nhiêu con sóc trong bức ảnh?,Có một con sóc trong bức ảnh.,train
squirrel_041.jpg,Bộ lông của con sóc có màu gì?,Nó có bộ lông màu xám.,train
squirrel_041.jpg,Con sóc có đang nhìn xuống không?,"Có, con sóc đang nhìn xuống dưới.",train
squirrel_042.jpg,Con sóc đang cầm vật gì trên tay?,Con sóc đang cầm một miếng ăn.,train
squirrel_042.jpg,Có mấy con sóc xuất hiện trong hình?,Chỉ có một con sóc duy nhất.,train
squirrel_042.jpg,Bộ lông bụng của con sóc màu gì?,Lông bụng của nó có màu trắng.,train
squirrel_042.jpg,Con sóc có đang đứng trên mặt đất không?,"Không, nó đang ở trên cành cây.",train
squirrel_043.jpg,Con sóc đang ở tư thế nào?,Con sóc đang đứng trên thân cây.,train
squirrel_043.jpg,Có bao nhiêu con sóc trong khung hình?,Có một con sóc trong khung hình.,train
squirrel_043.jpg,Cái đuôi của con sóc trông như thế nào?,Nó có cái đuôi xù màu xám.,train
squirrel_043.jpg,Con sóc có đang nhìn sang bên phải không?,"Có, con sóc đang nhìn sang phải.",train
squirrel_044.jpg,Con sóc đang ăn loại quả gì?,Con sóc đang ăn quả hạch.,train
squirrel_044.jpg,Có bao nhiêu quả hạch ở dưới đất?,Có nhiều quả hạch ở dưới đất.,train
squirrel_044.jpg,Phần lông đuôi của sóc có màu gì?,Đuôi sóc có màu xám trắng.,train
squirrel_044.jpg,Con sóc có đang đứng trên thảm cỏ không?,"Không, nó đang đứng trên gỗ.",train
squirrel_045.jpg,Con sóc đang đứng trên bề mặt nào?,Nó đang đứng trên nền bê tông.,train
squirrel_045.jpg,Có bao nhiêu con sóc trong tấm hình?,Có một con sóc trong tấm hình.,train
squirrel_045.jpg,Màu sắc chủ đạo của con sóc là gì?,Màu chủ đạo là xám và trắng.,train
squirrel_045.jpg,Con sóc có đang nhìn vào máy ảnh không?,"Có, con sóc đang nhìn thẳng.",train
squirrel_046.jpg,Con sóc đang ở trong môi trường nào?,Nó đang ở giữa đám lá khô.,train
squirrel_046.jpg,Có mấy con sóc đang tìm thức ăn?,Có một con sóc đang tìm ăn.,train
squirrel_046.jpg,Phần lông quanh cổ sóc có màu gì?,Lông quanh cổ có màu vàng nhạt.,train
squirrel_046.jpg,Con sóc có đang cầm quả hạch không?,"Có, nó đang cầm quả hạch nhỏ.",train
squirrel_047.jpg,Con sóc đang làm gì trên thân cây?,Con sóc đang bò xuống thân cây.,train
squirrel_047.jpg,Có bao nhiêu con sóc trong bức ảnh này?,Có một con sóc trong bức ảnh.,train
squirrel_047.jpg,Tai của con sóc có đặc điểm gì?,Tai của nó có túm lông dài.,train
squirrel_047.jpg,Bức ảnh có được chụp ban đêm không?,"Không, ảnh được chụp vào ban ngày.",train
squirrel_048.jpg,Con vật trong ảnh đang cầm vật gì?,Con sóc đang cầm một quả óc chó.,train
squirrel_048.jpg,Có bao nhiêu con sóc đang đứng dưới đất?,Có một con sóc dưới đất.,train
squirrel_048.jpg,Bộ lông của con sóc có màu gì?,Bộ lông sóc có màu xám.,train
squirrel_048.jpg,Con sóc có đang ở trong rừng không?,"Có, nó đang ở trong rừng.",train
squirrel_049.jpg,Con sóc đang đứng trên bề mặt gì?,Nó đang đứng trên mỏm đá.,train
squirrel_049.jpg,Có mấy con sóc xuất hiện trong ảnh?,Có một con sóc trong ảnh.,train
squirrel_049.jpg,Xung quanh con sóc có gì bao phủ?,Xung quanh có tuyết trắng bao phủ.,train
squirrel_049.jpg,Con sóc có đang ăn thức ăn không?,"Có, con sóc đang ăn mồi.",train
squirrel_050.jpg,Con sóc đang thực hiện hành động gì?,Nó đang leo lên thân cây.,train
squirrel_050.jpg,Có bao nhiêu con sóc đang leo cây?,Có một con sóc đang leo.,train
squirrel_050.jpg,Phần lông đuôi của sóc màu gì?,Đuôi của nó có màu xám.,train
squirrel_050.jpg,Dưới gốc cây có lá xanh không?,"Có, dưới gốc cây có lá xanh.",train
squirrel_051.jpg,Con vật trong ảnh là gì?,Đây là một con sóc.,train
squirrel_051.jpg,Con sóc đang đứng ở đâu?,Nó đang đứng trên thảm cỏ xanh.,train
squirrel_051.jpg,Bộ lông của sóc màu gì?,Nó có bộ lông màu xám.,train
squirrel_051.jpg,Đuôi sóc có xù không?,"Có, đuôi của nó rất xù.",train
squirrel_052.jpg,Con sóc đang làm gì?,Con sóc đang ngồi ăn hạt.,train
squirrel_052.jpg,Bạn thấy mấy con sóc?,Tôi nhìn thấy một con sóc.,train
squirrel_052.jpg,Lông của con sóc màu gì?,Nó có bộ lông màu nâu đỏ.,train
squirrel_052.jpg,Phía sau có hàng rào không?,"Có, phía sau có hàng rào khuông gỗ.",train
squirrel_053.jpg,Con sóc đang ở đâu?,Nó đang ở trên mặt đất.,train
squirrel_053.jpg,Xung quanh sóc có gì?,Xung quanh có nhiều mẩu vụn.,train
squirrel_053.jpg,Con sóc có màu gì?,Nó có bộ lông màu nâu.,train
squirrel_053.jpg,Trời có đang tối không?,"Có, ánh sáng trong ảnh khá tối.",train
squirrel_054.jpg,Con vật đang leo cây là gì?,Đó là một con sóc.,train
squirrel_054.jpg,Cành cây có hoa không?,"Có, cành cây có nhiều hoa trắng.",train
squirrel_054.jpg,Con sóc có màu gì?,Con sóc có bộ lông nâu.,train
squirrel_054.jpg,Bầu trời có màu gì?,Bầu trời có màu trắng xám.,train
squirrel_055.jpg,Đây là con vật gì?,Đây là một con sóc.,train
squirrel_055.jpg,Con sóc đang đứng trên đâu?,Nó đứng trên lớp lá khô.,train
squirrel_055.jpg,Bụng của con sóc màu gì?,Bụng của nó có màu trắng.,train
squirrel_055.jpg,Cỏ có màu xanh không?,"Có, phía sau có cỏ xanh.",train
squirrel_056.jpg,Con sóc đang ở vị trí nào?,Nó đang bám trên thân cây.,train
squirrel_056.jpg,Đuôi của con sóc màu gì?,Đuôi của nó màu đen xám.,train
squirrel_056.jpg,Vỏ cây trông như thế nào?,Vỏ cây trông rất sần sùi.,train
squirrel_056.jpg,Con sóc có đang ăn không?,"Có, nó đang cầm thức ăn.",train
squirrel_057.jpg,Bạn thấy con vật gì?,Tôi thấy một con sóc.,train
squirrel_057.jpg,Con sóc đang nhìn về đâu?,Nó đang nhìn thẳng phía trước.,train
squirrel_057.jpg,Lông của con sóc màu gì?,Nó có bộ lông màu nâu.,train
squirrel_057.jpg,Lá cây có màu xanh không?,"Có, lá cây có màu xanh.",train
squirrel_058.jpg,Con sóc đang cầm cái gì?,Nó đang cầm một quả óc chó.,train
squirrel_058.jpg,Mắt của sóc màu gì?,Nó có đôi mắt màu đen.,train
squirrel_058.jpg,Xung quanh sóc có gì?,Xung quanh có nhiều lá khô.,train
squirrel_058.jpg,Lá khô có màu vàng không?,"Có, lá khô có màu vàng.",train
squirrel_059.jpg,Con sóc đang trốn ở đâu?,Nó trốn sau gốc cây lớn.,train
squirrel_059.jpg,Bộ lông bụng sóc màu gì?,Bụng của nó có màu trắng.,train
squirrel_059.jpg,Con sóc có màu gì?,Nó có bộ lông màu nâu.,train
squirrel_059.jpg,Có thấy đuôi sóc không?,"Không, đuôi sóc bị che khuất.",train
squirrel_060.jpg,Con vật trong hình là gì?,Đó là một con sóc.,train
squirrel_060.jpg,Con sóc đang làm gì?,Nó đang ngồi trên hốc cây.,train
squirrel_060.jpg,Nó đang cầm vật gì?,Nó đang cầm một quả hạt.,train
squirrel_060.jpg,Tai sóc có lông không?,"Có, tai của nó có lông.",train
squirrel_061.jpg,Trong ảnh có con vật gì?,Bức ảnh chụp một con sóc.,train
squirrel_061.jpg,Con sóc đang ở đâu?,Nó đang bám trên cành cây khô.,train
squirrel_061.jpg,Tai con sóc có dài không?,"Có, tai nó rất dài và nhọn.",train
squirrel_061.jpg,Có tuyết bám trên cây không?,"Có, tuyết bám trắng các cành cây.",train
squirrel_062.jpg,Con vật trong hình là gì?,Đây là một con sóc xám.,train
squirrel_062.jpg,Con sóc đang làm gì?,Nó đang leo trên thân cây.,train
squirrel_062.jpg,Lông bụng của sóc màu gì?,Lông bụng của nó màu trắng.,train
squirrel_062.jpg,Bầu trời có màu xanh không?,"Có, bầu trời có màu xanh nhạt.",train
squirrel_063.jpg,Con sóc đang ở đâu?,Nó đang ngồi trên thảm cỏ.,train
squirrel_063.jpg,Con sóc đang cầm vật gì?,Nó đang cầm một hạt đào.,train
squirrel_063.jpg,Đuôi con sóc có xù không?,"Có, đuôi nó rất xù.",train
squirrel_063.jpg,Có bao nhiêu con sóc?,Chỉ có một con sóc.,train
squirrel_064.jpg,Con sóc đang đứng cạnh vật gì?,Nó đứng cạnh một hòm thư.,train
squirrel_064.jpg,Hòm thư có màu gì?,Hòm thư có màu đỏ trắng.,train
squirrel_064.jpg,Thời tiết lúc đó như thế nào?,Thời tiết lúc đó đang có tuyết.,train
squirrel_064.jpg,Con sóc có đang đứng không?,"Có, nó đang đứng bằng hai chân.",train
squirrel_065.jpg,Con vật trong hình là con gì?,Đó là một con sóc con.,train
squirrel_065.jpg,Con sóc đang ở đâu?,Nó đang ở trong hốc cây.,train
squirrel_065.jpg,Lông con sóc màu gì?,Lông của nó màu nâu đỏ.,train
squirrel_065.jpg,Con sóc có sừng không?,"Không, con sóc không có sừng.",train
squirrel_066.jpg,Đây là con vật gì?,Đây là một con sóc đất.,train
squirrel_066.jpg,Con vật đang làm gì?,Nó đang đứng nhìn xung quanh.,train
squirrel_066.jpg,Bên cạnh nó có gì?,Bên cạnh nó có hoa vàng.,train
squirrel_066.jpg,Mặt đất có nhiều đá không?,"Có, mặt đất có rất nhiều đá.",train
squirrel_067.jpg,Con sóc đang ngồi ở đâu?,Nó đang ngồi trên cành cây.,train
squirrel_067.jpg,Con sóc có màu gì?,Con sóc có màu đen tuyền.,train
squirrel_067.jpg,Đuôi nó có xù không?,"Có, đuôi nó rất xù.",train
squirrel_067.jpg,Nó đang ăn hạt phải không?,"Có, nó đang cầm hạt để ăn.",train
squirrel_068.jpg,Con sóc đang ở đâu?,Nó đang ở trên máng ăn.,train
squirrel_068.jpg,Trong máng có gì?,Trong máng có nhiều hạt ngũ cốc.,train
squirrel_068.jpg,Lông bụng sóc màu gì?,Lông bụng của sóc màu trắng.,train
squirrel_068.jpg,Con sóc có đang nhìn bạn không?,"Có, nó đang nhìn về phía trước.",train
squirrel_069.jpg,Con vật trong hình là gì?,Đó là một con sóc đỏ.,train
squirrel_069.jpg,Nó đang làm gì trên cỏ?,Nó đang cầm hạt để ăn.,train
squirrel_069.jpg,Lông bụng của nó màu gì?,Lông bụng của nó màu trắng.,train
squirrel_069.jpg,Cỏ có màu xanh không?,"Có, cỏ có màu xanh mướt.",train
squirrel_070.jpg,Đây là con vật gì?,Đây là một con sóc chuột.,train
squirrel_070.jpg,Trên lưng nó có sọc không?,"Có, lưng nó có các sọc đen.",train
squirrel_070.jpg,Nó đang cầm vật gì?,Nó đang cầm một miếng thức ăn.,train
squirrel_070.jpg,Có bao nhiêu con vật trong ảnh?,Trong ảnh có một con sóc chuột.,train
squirrel_071.jpg,Con vật trong ảnh là gì?,Đây là một con sóc.,train
squirrel_071.jpg,Có bao nhiêu con sóc trong hình?,Có một con sóc.,train
squirrel_071.jpg,Con sóc đang đứng trên cái gì?,Nó đứng trên những chiếc lá khô.,train
squirrel_071.jpg,Con sóc có đang ăn hạt không?,"Có, sóc đang cầm hạt để ăn.",train
squirrel_072.jpg,Con vật đang bò trên thân cây là gì?,Đó là một con sóc.,train
squirrel_072.jpg,Bạn thấy mấy con sóc ở đây?,Tôi thấy một con sóc.,train
squirrel_072.jpg,Bộ lông của nó có màu gì?,Nó có bộ lông màu xám.,train
squirrel_072.jpg,Cái đuôi của sóc có xù không?,"Có, nó có cái đuôi rất xù.",train
squirrel_073.jpg,Sinh vật đứng trên gờ đá là gì?,Đây là một con sóc.,train
squirrel_073.jpg,Số lượng sóc trong ảnh là mấy?,Có một con sóc.,train
squirrel_073.jpg,Lông của con sóc màu gì?,Con sóc có màu xám trắng.,train
squirrel_074.jpg,Con vật đang leo xuống thân cây là gì?,Đây là một con sóc.,train
squirrel_074.jpg,Có bao nhiêu con sóc trên cây?,Có một con sóc.,train
squirrel_074.jpg,Lưng của con sóc có màu gì?,Lưng sóc có mảng màu nâu.,train
squirrel_074.jpg,Con sóc có đang nhìn xuống không?,"Có, con sóc đang nhìn xuống đất.",train
squirrel_075.jpg,Những con vật trên cành cây là gì?,Chúng là những con sóc.,train
squirrel_075.jpg,Có bao nhiêu con sóc trong ảnh?,Có hai con sóc.,train
squirrel_075.jpg,Những con sóc này có màu gì?,Chúng có màu nâu đỏ.,train
squirrel_075.jpg,Hai con sóc đang đùa giỡn phải không?,"Có, hai con sóc đang đùa giỡn.",train
squirrel_076.jpg,Con vật đang cầm hạt là gì?,Đó là một con sóc.,train
squirrel_076.jpg,Bức ảnh chụp mấy con sóc?,Ảnh chụp một con sóc.,train
squirrel_076.jpg,Phần bụng của nó có màu gì?,Bụng sóc có màu trắng.,train
squirrel_076.jpg,Con sóc đang ngồi trên cành cây không?,"Có, sóc đang ngồi trên cành cây.",train
squirrel_077.jpg,Con vật đang ăn trên bãi cỏ là gì?,Đây là một con sóc.,train
squirrel_077.jpg,Bạn đếm được bao nhiêu con sóc?,Tôi đếm được một con sóc.,train
squirrel_077.jpg,Bộ lông của nó có màu gì?,Nó có bộ lông màu xám.,train
squirrel_077.jpg,Con sóc có đang đứng bằng hai chân không?,"Có, nó đứng bằng hai chân sau.",train
squirrel_078.jpg,Con vật nhỏ bên khúc gỗ là gì?,Đó là một con sóc.,train
squirrel_078.jpg,Có mấy con sóc trong bức ảnh?,Có một con sóc.,train
squirrel_078.jpg,Màu lông của con sóc là gì?,Nó có màu lông đỏ cam.,train
squirrel_078.jpg,Con sóc đang trèo qua khúc gỗ không?,"Có, sóc đang trèo qua khúc gỗ.",train
squirrel_079.jpg,Hình ảnh chụp sinh vật gì?,Bức ảnh chụp một con sóc.,train
squirrel_079.jpg,Số lượng sóc xuất hiện là bao nhiêu?,Chỉ có một con sóc.,train
squirrel_079.jpg,Cái đuôi của nó trông như thế nào?,Cái đuôi to và rất xù.,train
squirrel_079.jpg,Con sóc có đang ở trong rừng không?,"Có, sóc đang ở trên cây.",train
squirrel_080.jpg,Con vật đang leo trèo là gì?,Đây là một con sóc.,train
squirrel_080.jpg,Bạn thấy mấy con sóc ở đây?,Tôi thấy một con sóc.,train
squirrel_080.jpg,Bộ lông của con sóc màu gì?,Nó có bộ lông màu nâu.,train
squirrel_080.jpg,Con sóc đang bò xuống phải không?,"Có, sóc đang bò xuống thân cây.",train
squirrel_081.jpg,Con vật trong ảnh là gì?,Đây là một con sóc.,train
squirrel_081.jpg,Có bao nhiêu con sóc trong hình?,Bức ảnh có một con sóc.,train
squirrel_081.jpg,Con sóc đang đứng ở đâu?,Nó đang đứng trên cành cây thông.,train
squirrel_081.jpg,Con sóc có bộ lông màu đen không?,"Có, con sóc có bộ lông màu đen.",train
squirrel_082.jpg,Con sóc đang làm hành động gì?,Con sóc đang gặm thức ăn.,train
squirrel_082.jpg,Bạn nhìn thấy mấy con sóc?,Tôi nhìn thấy một con sóc.,train
squirrel_082.jpg,Con sóc đang đứng trên bề mặt nào?,Nó đang đứng trên nền đất thô.,train
squirrel_082.jpg,Đuôi của con sóc có xù không?,"Có, đuôi của nó rất xù.",train
squirrel_083.jpg,Bức ảnh chụp con vật nào?,Bức ảnh chụp một con sóc.,train
squirrel_083.jpg,Có bao nhiêu con sóc trên cây?,Có một con sóc trên cây.,train
squirrel_083.jpg,Con sóc đang ở giữa những gì?,Nó đang ở giữa những tán lá.,train
squirrel_083.jpg,Con sóc có lông bụng màu vàng không?,"Có, lông bụng nó màu vàng cam.",train
squirrel_084.jpg,Hình ảnh hiển thị con vật gì?,Hình ảnh hiển thị một con sóc.,train
squirrel_084.jpg,Trong hình có mấy con sóc?,Trong hình có một con sóc.,train
squirrel_084.jpg,Đuôi của con sóc đang hướng đi đâu?,Đuôi của nó đang dựng đứng lên.,train
squirrel_084.jpg,Con sóc có đang đứng trên đá không?,"Không, nó đang đứng trên nền đất.",train
squirrel_085.jpg,Con vật trong hình là con gì?,Đây là một con sóc đất.,train
squirrel_085.jpg,Có bao nhiêu con sóc trong ảnh?,Chỉ có một con sóc trong ảnh.,train
squirrel_085.jpg,Lưng con sóc có đặc điểm gì nổi bật?,Lưng sóc có các sọc trắng đen.,train
squirrel_085.jpg,Con sóc có đang nhìn sang trái không?,"Có, con sóc đang nhìn sang trái.",train
squirrel_086.jpg,Con vật trong ảnh là loài nào?,Đó là loài sóc đỏ.,train
squirrel_086.jpg,Bạn thấy mấy con sóc trên thân cây?,Tôi thấy một con sóc trên cây.,train
squirrel_086.jpg,Con sóc đang ở trạng thái nào?,Nó đang bám chặt vào thân cây.,train
squirrel_086.jpg,Tai con sóc có túm lông không?,"Có, tai nó có túm lông dài.",train
squirrel_087.jpg,Con sóc đang đứng ở đâu?,Con sóc đứng trên thảm cỏ xanh.,train
squirrel_087.jpg,Có bao nhiêu con sóc ở đây?,Ở đây chỉ có một con sóc.,train
squirrel_087.jpg,Ánh sáng trong ảnh như thế nào?,Ánh nắng đang chiếu rực rỡ.,train
squirrel_087.jpg,Cỏ trong hình có bị khô không?,"Không, cỏ trong hình rất xanh tươi.",train
squirrel_088.jpg,Con vật đang làm gì?,Con sóc đang leo xuống thân cây.,train
squirrel_088.jpg,Có bao nhiêu con sóc trong hình?,Bức ảnh có một con sóc.,train
squirrel_088.jpg,Bộ lông của sóc màu gì?,Nó có bộ lông màu đen tuyền.,train
squirrel_088.jpg,Phần bụng sóc có màu trắng không?,"Có, phần bụng sóc màu trắng.",train
squirrel_089.jpg,Con sóc đang ở vị trí nào?,Nó đang chui ra từ hốc cây.,train
squirrel_089.jpg,Có mấy con sóc trong hốc cây?,Có một con sóc trong hốc cây.,train
squirrel_089.jpg,Đặc điểm khuôn mặt của sóc là gì?,Nó có đôi mắt rất to đen.,train
squirrel_089.jpg,Bộ lông sóc có màu xám trắng không?,"Có, bộ lông sóc màu xám trắng.",train
squirrel_090.jpg,Con sóc đang làm gì trên cành?,Con sóc đang ngậm một quả thông.,train
squirrel_090.jpg,Có bao nhiêu con sóc trong ảnh?,Trong ảnh có một con sóc.,train
squirrel_090.jpg,Con sóc đang đứng ở đâu?,Nó đang đứng trên cành cây khô.,train
squirrel_090.jpg,Con sóc có lông màu nâu đỏ không?,"Có, con sóc có lông màu nâu đỏ.",train
squirrel_091.jpg,Con vật trong ảnh đang làm gì?,Con sóc đang bám trên thân cây.,train
squirrel_091.jpg,Có bao nhiêu con sóc trong bức ảnh?,Có một con sóc trong bức ảnh.,train
squirrel_091.jpg,Bộ lông của con sóc có màu gì?,Nó có bộ lông màu xám.,train
squirrel_091.jpg,Con sóc có đang nhìn xuống không?,"Có, con sóc đang nhìn xuống dưới.",train
squirrel_092.jpg,Con vật trong hình là loài sóc nào?,Đây là một con sóc chuột.,train
squirrel_092.jpg,Có mấy con sóc xuất hiện trong hình?,Chỉ có một con sóc duy nhất.,train
squirrel_092.jpg,Trên lưng con sóc có họa tiết gì?,Lưng nó có các sọc đen.,train
squirrel_092.jpg,Con sóc có đang đứng trên đá không?,"Có, nó đang đứng trên mỏm đá.",train
squirrel_093.jpg,Con sóc đang ở tư thế nào?,Con sóc đang ngồi trên cỏ.,train
squirrel_093.jpg,Có bao nhiêu con sóc trong khung hình?,Có một con sóc trong khung hình.,train
squirrel_093.jpg,Phần bụng của con sóc màu gì?,Bụng của nó có màu trắng.,train
squirrel_093.jpg,Con sóc có đang ăn cỏ không?,"Không, nó đang ngồi nhìn thẳng.",train
squirrel_094.jpg,Con sóc đang trốn ở đâu?,Nó đang trốn sau thân cây.,train
squirrel_094.jpg,Có bao nhiêu con sóc trong bức hình?,Có một con sóc trong hình.,train
squirrel_094.jpg,Màu sắc của con sóc này là gì?,Nó có màu lông xám đen.,train
squirrel_094.jpg,Bức ảnh có nhiều lá xanh không?,"Có, phía dưới có vài lá xanh.",train
squirrel_095.jpg,Con sóc đang thực hiện hành động gì?,Nó đang leo lên thân cây.,train
squirrel_095.jpg,Có bao nhiêu con sóc trong tấm hình?,Có một con sóc trong tấm hình.,train
squirrel_095.jpg,Cái đuôi của con sóc trông như thế nào?,Nó có cái đuôi xù dài.,train
squirrel_095.jpg,Phía sau con sóc có nhiều cây không?,"Có, phía sau là một khu rừng.",train
squirrel_096.jpg,Con sóc đang làm gì dưới đất?,Nó đang cúi xuống tìm thức ăn.,train
squirrel_096.jpg,Có mấy con sóc đang ở trên mặt đất?,Có một con sóc trên đất.,train
squirrel_096.jpg,Bộ lông của con sóc có màu gì?,Nó có bộ lông màu nâu.,train
squirrel_096.jpg,Mặt đất có nhiều lá khô không?,"Có, mặt đất đầy lá khô.",train
squirrel_097.jpg,Con sóc đang cầm vật gì trên tay?,Con sóc đang cầm một hạt nhỏ.,train
squirrel_097.jpg,Có bao nhiêu con sóc trong bức ảnh này?,Có một con sóc trong bức ảnh.,train
squirrel_097.jpg,Phần lông ở tai sóc có đặc điểm gì?,Tai nó có túm lông dài.,train
squirrel_097.jpg,Con sóc có đang ngồi trên cây không?,"Có, nó đang ngồi trên thân cây.",train
squirrel_098.jpg,Con sóc đang ở trong môi trường nào?,Nó đang ở trong rừng thưa.,train
squirrel_098.jpg,Có bao nhiêu con sóc đang nhìn vào máy ảnh?,Có một con sóc nhìn máy ảnh.,train
squirrel_098.jpg,Màu sắc chủ đạo của con sóc là gì?,Màu chủ đạo là nâu đen.,train
squirrel_098.jpg,Con sóc có đang đứng trên cành cây không?,"Có, nó đang đứng trên cành.",train
squirrel_099.jpg,Con sóc đang làm gì trên cây?,Nó đang bám chặt vào thân cây.,train
squirrel_099.jpg,Có mấy con sóc xuất hiện trong ảnh?,Có một con sóc trong ảnh.,train
squirrel_099.jpg,Cái đuôi của con sóc có màu gì?,Đuôi của nó có màu xám.,train
squirrel_099.jpg,Dưới đất có nhiều lá vàng không?,"Có, dưới đất đầy lá vàng rơi.",train
squirrel_100.jpg,Con sóc đang thực hiện hành động gì?,Nó đang leo dọc thân cây.,train
squirrel_100.jpg,Có bao nhiêu con sóc trong bức ảnh?,Có một con sóc đang leo.,train
squirrel_100.jpg,Bộ lông của con sóc có màu gì?,Nó có bộ lông màu đỏ cam.,train
squirrel_100.jpg,Con sóc có đang nhìn về phía sau không?,"Có, nó đang ngoảnh đầu lại.",train